scan_interval_seconds,distance_km,velocity_kmh,is_vpn_or_proxy,scan_count_within_hour,is_counterfeit
35572.88637127142,2.4057217989798776,0.24346066231279556,0,2,0
129075.2334975819,0.3102263021091478,0.008652432053232385,0,1,0
84491.62193956364,0.9810782558514763,0.04180156138547854,0,1,0
3133.0498515529075,0.7434965914877412,0.8543074180671616,0,3,0
74363.01784525877,22.412082965084153,1.0849949479215113,0,1,0
24565.959706409423,3.518905025173324,0.5156752775800892,0,1,0
13746.674372801828,1.124433901127659,0.2944684608277749,0,1,0
88941.8316661588,2.455192349190613,0.09937610111586237,0,1,0
54823.58932979251,56.71086523943677,3.723928282656736,0,1,0
7332.932050138962,17.689654641907772,8.684487497693528,0,2,0
42449.78386880027,0.44739191491208696,0.03794155698557701,0,1,0
281230.4136100165,3.1950871446338143,0.04089996374514473,0,1,0
30554.906915449003,1.6516384468327716,0.19459716977869912,0,1,0
37552.06335067407,2.985621885887746,0.2862223225612169,0,2,0
15206.889820302704,0.6130961022871922,0.1451411823400689,0,1,0
22999.008258720944,3.96983863021818,0.6213928404224263,0,2,0
58623.64768645988,3.7230183950169007,0.22862559310099803,0,3,0
497.4197939501225,916.3205458573432,6631.730391929698,0,44,1
64732.83378512448,3.0491335772123,0.16957207395556276,0,1,0
44468.40101773506,1.9334626900277785,0.15652610673642173,0,1,0
1639.4759572558846,1332.235278290099,2925.3536659798683,0,8,1
10550.742518963414,0.2160684977499916,0.07372434598815243,0,1,0
251784.28331727843,0.6610189542396302,0.009451218336229514,0,1,0
639.7059331090853,525.8738816257952,2959.4003679969555,1,19,1
116931.62267067541,4.7833004421210665,0.14726453972278888,0,1,0
1422.984743320109,668.242872890628,1690.5833697087571,0,70,1
41840.0915126165,2.9680341302458375,0.2553752270274809,0,2,0
45845.77834366954,2.512011098535916,0.19725349381003593,0,3,0
52279.26251437802,2.331280271217475,0.1605341883710534,0,1,0
1151.0117581696604,831.5619066891013,2600.86210486783,0,58,1
108334.57846391342,35.817468074148486,1.190228336097563,0,1,0
10217.450117219862,4.3794286068347565,1.543040856938873,0,2,0
99137.78862670483,15.30576326324941,0.5557996452308938,0,1,0
161102.22989182093,3.016411597252942,0.06740491275261921,1,1,0
172525.29858060068,148.659073433075,3.1019952943831433,0,1,0
122843.60214660826,1.5257916526864483,0.044714171952689466,0,2,0
88533.72664613073,2.141253501299516,0.08706865616861673,0,2,0
42017.622933327126,2.180241489862939,0.1867994621200023,0,1,0
106787.32625219913,4.688961433933908,0.15807363808600317,0,1,0
45885.45438476871,75.69809753036179,5.938987741609046,0,2,0
4370.917676553299,0.7787487989947217,0.6413975013575876,0,1,0
142763.44789103256,1.9388216426487488,0.04889037086623849,0,2,0
22965.846438095563,145.517710145469,22.81055731761349,0,1,0
1591.8329719452822,4.191689102966926,9.479688533050213,0,2,0
1046.8423993650547,1441.3333970216797,4956.620244293916,1,13,1
50121.848799378415,0.3077151706741843,0.022101631144156867,0,3,0
19197.36997733372,3.743866609109039,0.7020711591590869,0,2,0
105518.14807391741,16.80496041423733,0.5733407816148793,0,1,0
52345.50732591062,2.8846106929982174,0.1983856690916679,0,3,0
231954.23448584907,9.536196662448127,0.14800466161314105,0,1,0
17754.35271949341,2.7312398380144427,0.5538057946802212,0,2,0
76572.74402460265,1.3932517026140916,0.06550249952906473,1,3,0
90328.42544619374,69.23204445828198,2.759212936776785,0,1,0
234343.84245453434,1.5197595333085405,0.023346610103366448,0,1,0
120103.23913172544,4.13835567784597,0.12404395208613608,0,1,0
38472.01543785498,3.569237248143634,0.33398962718947944,0,2,0
63183.43153619385,36.88976682701487,2.1018668557306652,0,1,0
1122.339503827372,722.335894749694,2316.9541945472406,1,11,1
57778.024199250554,2.1100262542286154,0.13147030589047984,0,1,0
69474.59002567158,0.8967667963227594,0.04646821903618317,0,1,0
30937.72877939992,2.7188122795932785,0.3163685439330964,0,1,0
27774.391361960403,1.0660214138047452,0.13817322006030117,0,4,0
67869.2611917567,3.2249113102657088,0.17105948279228722,0,1,0
121717.9263473336,93.2893217927643,2.7591790998443058,0,1,0
89135.60974861567,1.440747445166875,0.05818876223799324,0,1,0
237674.2458041746,4.130410348150116,0.06256242531886157,0,1,0
36584.92938027839,2.982050132923231,0.2934372338657755,0,3,0
983.0686599187848,934.6949797986488,3422.85545706759,1,14,1
209346.34318909768,1.668873961347828,0.0286985966381335,0,1,0
59465.84527545273,4.135750977519385,0.2503740331967632,0,1,0
580572.3435556538,2.795015350374154,0.01733126865761976,0,4,0
220967.3525178621,0.8407054294737354,0.013696772449046716,0,2,0
32548.549612073377,69.82100480298595,7.722482884383671,0,1,0
14205.92248882346,1.226149791158394,0.31072528036409125,0,1,0
362044.7441421573,1.759525278793304,0.017495878910394367,0,2,0
3558.2968610343837,2.766184355698113,2.7986039584168863,0,1,0
238632.03034512053,180.33107648062264,2.7204724964681004,1,1,0
37449.21766093844,3.465660875968006,0.33315460062329577,0,1,0
592.541353712401,467.8534467144714,2842.4554634368765,0,20,1
285774.7502260669,2.130757742253619,0.02684186712102791,0,2,0
1517.8826585053503,134.4762751676572,318.940721728958,1,54,1
16661.823274370905,8.309426581925972,1.795357879047181,0,1,0
59602.34280075113,0.6477686888024781,0.03912542980876807,0,1,0
69120.52778031389,2.1402389597103735,0.11146992799947564,0,1,0
63060.4360335113,4.881358002185199,0.2786674167385746,0,1,0
39709.40558699192,4.630406733934594,0.41978629485265206,0,2,0
37290.86268899298,0.735349522751717,0.07098946205627911,0,1,0
204371.4455445504,70.76898860641646,1.2465946908789807,0,1,0
1579.6282571628574,272.733444397973,621.5642163784594,0,52,1
60564.52732465429,0.2901481354714036,0.017246618339772788,0,2,0
28336.93653691106,3.5535368093463866,0.45145079451278947,0,1,0
200040.2154321986,4.290813385911788,0.07721911394620548,0,1,0
361.63245522010754,790.7446874875932,7871.75164691096,1,72,1
125932.18238722996,1.7413730768159574,0.04978030998669601,0,1,0
50491.94987970346,4.140274864846364,0.29519536379478095,0,1,0
53879.91449167181,104.19523608316238,6.9618308313641455,0,2,0
1081.732271107162,755.7949416755476,2515.282073675353,0,19,1
167879.26873544455,0.2127174246495045,0.004561508603810921,0,1,0
43232.28233914457,122.8821960626087,10.232536472515658,0,1,0
50468.429583618265,1.5198513798550273,0.10841361644536096,0,1,0
2948.8914437171975,3.361170749003026,4.103309642744285,0,2,0
168609.00577611933,2.5558029802065843,0.054569390800872974,0,1,0
31771.7713854234,4.35163796852346,0.4930759603121099,0,1,0
322530.6632650847,15.05683393068939,0.16806030658217322,0,1,0
7715.596967940219,3.7087973844548197,1.7304779707281361,0,1,0
334218.14479379856,0.8676845981944176,0.009346184826162266,0,1,0
16877.665074708922,2.4274794558293626,0.5177805106513775,0,2,0
31217.01587488229,2.6565521844464763,0.3063581702472186,0,3,0
96.28598119442738,181.0334274186141,6768.590096111827,1,55,1
120185.9283925056,0.2296501611454499,0.006878846726745196,0,1,0
7342.190190567805,0.05369490898991247,0.02632752180841232,0,1,0
171019.61279641592,3.0190860948413585,0.06355241813327663,0,3,0
14440.961539414408,1.8450734967297273,0.4599599943603456,0,3,0
143269.3973849841,101.152073685337,2.5416974728294566,0,2,0
779.7932442811042,453.89803910640114,2095.469475744777,0,74,1
19446.825535246142,3.134739276208775,0.580303524289768,0,1,0
51658.92475865516,1.7371918162423334,0.12106118289704815,0,1,0
72898.85127176276,4.9243578305680105,0.2431819964344435,0,1,0
245602.14799760544,159.59296018931127,2.339290032134093,0,3,0
97504.91260961644,1.4497916090189338,0.053528070050835694,0,1,0
72070.71720461357,2.486819601083589,0.1242189742400375,0,1,0
3671.2437057719153,3.9772547908879377,3.900072671472527,0,1,0
79822.97862047833,3.7152717718512385,0.16755799657961087,0,1,0
135382.92071417003,4.169541869622596,0.11087329665705956,0,1,0
20907.367932156318,2.7147496897405636,0.4674475962148557,0,2,0
183131.32262656017,2.6320680519743913,0.0517412578646093,0,1,0
74278.3345913215,12.330107097309648,0.5975953256698483,0,1,0
22958.695967483673,0.7282289801324887,0.1141887297166162,0,2,0
87.1183350540502,1260.3901806659294,52083.23423056968,1,41,1
47025.81712872272,4.998366026210461,0.38264338172163526,0,1,0
261826.27396961657,78.33923871614972,1.0771312408886282,1,1,0
5580.55167593439,27.881107554052857,17.986033106267097,0,2,0
82116.90729269461,3.051969333220268,0.13379814172044946,0,1,0
60388.24058635593,2.624451413775753,0.1564547169755992,0,2,0
14343.320898512879,3.1719862974854225,0.7961301815489231,0,1,0
361.65761227554646,258.77912405450024,2575.930424178138,0,63,1
63910.25167035587,0.060349676503089755,0.0033994363929550357,0,3,0
22942.326431528905,0.5605962508134943,0.087966079157304,0,1,0
268947.80984036333,3.782388394202062,0.050629147072101796,0,2,0
51.948467934544524,640.3201915855262,44373.833942752746,0,22,1
66970.63152987725,2.953768606765324,0.1587795536855774,0,1,0
21393.815583710475,0.8198105940903738,0.1379519294806167,0,3,0
112225.23496979216,0.7974531691560499,0.025580979266691006,0,1,0
256928.62535899883,115.08404677072237,1.6125200833332902,0,2,0
43289.55225505058,0.2519889712169088,0.02095564054430786,0,1,0
231689.64997552772,2.862071889864986,0.04447094984433813,0,1,0
31995.50591122831,2.421302147233064,0.2724347523750218,0,1,0
37838.23024973166,3.7754698364907324,0.3592052620236652,0,1,0
40064.44020728646,1.3259043756516142,0.1191394595219555,0,1,0
3435.2773712956187,4.354603304249493,4.563407900127069,1,2,0
283316.68726331013,0.9260785907528052,0.011767336964559519,1,1,0
174043.6394224595,47.004576477635865,0.97226463363448,0,1,0
149882.70205680275,2.931950796942318,0.070421888077466,0,3,0
71936.51711755346,4.267116347545715,0.213544100641705,0,1,0
31426.03024461618,2.0032750088651587,0.2294846016432532,0,1,0
318.4842358543394,4.2122710218625725,47.61358325327187,0,1,0
193856.74028627668,2.3197327086100654,0.04307839767997695,0,3,0
16155.45217084878,4.409274004103414,0.982540522351615,0,1,0
273837.9011976055,0.22078024555865605,0.0029024794615176955,0,2,0
277662.6504088419,2.1211862264763672,0.027501971921938234,0,1,0
4111.5166189536985,4.141063789432971,3.6258711866164,0,3,0
11593.41721068061,0.7852944204956935,0.24385044223027055,0,1,0
34209.82675081049,1.845679539820675,0.19422624942691388,0,1,0
181200.31045423032,4.880398431107338,0.09696139210768244,0,2,0
25856.60304065919,1.0766526376436576,0.14990172875463512,0,1,0
45645.562629862914,2.132959505271967,0.1682234542981718,0,1,0
191.53935081612184,856.9467321092426,16106.393920875755,0,73,1
743.1331285532638,356.5220224999434,1727.1189127289772,0,62,1
59522.49315097285,3.153155235770816,0.19070704615788442,0,2,0
201483.54809331783,1.185740366182511,0.021186173058060264,0,1,0
77084.7000081073,4.68556246960736,0.21882455128984635,0,1,0
370.6036870735635,1402.1418026352767,13620.23818312699,0,29,1
198611.18989192173,0.0025499450797178413,4.621996520930972e-05,0,1,0
69097.82615880435,19.759610901123846,1.0294766593750788,0,3,0
42450.37980814559,2.9463366937833353,0.2498637737885379,0,1,0
111886.59263600151,3.5870177770260514,0.11541386410170033,0,1,0
100365.41889862299,2.873778453277022,0.1030793528819638,0,2,0
215.91847516436104,602.4970948220503,10045.409683948106,0,72,1
84902.90306797075,4.192413452829121,0.17776410328516182,0,1,0
45054.02093420873,3.496373976676951,0.2793745387213592,0,1,0
80278.55713286843,103.45978446977782,4.639535604442321,0,1,0
8400.079631815903,3.2199897681523675,1.379982532718277,0,1,0
25125.72640331755,0.31111347689421365,0.04457616463861859,0,1,0
67149.80177817111,1.6282238847494634,0.08729148604878748,0,2,0
53293.14659622027,2.9051916208562174,0.19624830776691554,0,1,0
149029.64072496994,1.2524342080061124,0.03025413687430678,0,1,0
20297.276294084473,57.604587236554806,10.216962662721206,0,2,0
55417.2641517348,48.84844228809301,3.1732781278346422,0,1,0
341255.284371403,4.96102859133967,0.052335315368729415,0,1,0
45859.47508686464,4.997525948542583,0.3923091875926513,0,3,0
66791.12734365562,12.404511326470843,0.6685954040800729,0,2,0
60925.62584660824,4.793716484542187,0.2832532141368655,0,1,0
243809.44286977808,4.163615488985732,0.061478405364120664,0,1,0
31338.517617992304,3.5963425297430742,0.4131284467533951,0,1,0
32536.794913750004,27.394949012291814,3.0310857816721555,0,1,0
63665.15680891704,35.53911744653538,2.009589376988824,0,1,0
138009.3498587615,33.12826150664267,0.8641569686833961,0,3,0
50705.159965290244,2.610476184573945,0.18534039279038508,0,2,0
94149.13575520742,3.7978091695695415,0.14521761565606447,0,1,0
554.9147649196024,74.1978186733776,481.3570733928108,0,1,0
42316.782263000605,2.7109782244303684,0.23063004997150974,0,1,0
838.5717997252101,858.490521016079,3685.5113380519424,1,78,1
8834.516250981496,3.2947139696737135,1.342571562931659,0,1,0
20883.5176202796,0.34908150742780975,0.06017632898778333,0,2,0
1125.2117241410933,849.6956740685451,2718.514534659433,0,77,1
28500.41151765273,84.41870778177567,10.663261750664784,1,1,0
137375.5160325243,2.44859626920475,0.064166794955297,0,4,0
377075.40045422246,3.8723870963799167,0.036970307610029604,0,1,0
17126.86017801535,31.30314479574411,6.579800389176611,0,1,0
7061.32656562908,4.4753336146810705,2.2816110915012664,0,1,0
80860.53966997433,3.8436739668940128,0.17112458483821594,0,1,0
78464.56883186688,65.3410365207123,2.9978847137821907,0,1,0
44817.65120445507,1.7096315228903203,0.137326997667235,0,2,0
298.30547881456357,761.6540995362858,9191.768013202056,0,18,1
236690.96147015807,0.7483875278522439,0.01138275447247174,0,2,0
81252.58770854081,0.5650631267348921,0.025035845794136907,0,2,0
7212.125541976311,4.524483057365632,2.25843808620848,0,4,0
151034.19471020732,2.2316701286031897,0.05319333465104722,0,1,0
24736.11075556113,1.7824057933027553,0.2594045975658213,0,1,0
67940.11510223943,0.9763346759552699,0.05173386633434062,0,2,0
50022.40890039331,36.57701010544131,2.632364959508245,0,1,0
164803.1457052261,4.719023544958698,0.10308349812835269,0,2,0
25445.77568759379,14.650642739897265,2.072733584983417,0,3,0
2858.9813134387655,22.27101658962828,28.043436081863376,0,2,0
840.8746200134206,745.7542348810272,3192.7652252470757,1,30,1
83413.37045999039,2.1365302161724498,0.09220954309609258,0,3,0
110068.94764471111,4.845708100249299,0.1584874711186148,0,2,0
44539.38479194146,5.105927186272528,0.4126985129329144,0,3,0
106182.28965349722,30.007237202058334,1.0173641412323045,0,2,0
60671.54660529417,0.6255807982474276,0.03711939120889697,0,2,0
15714.851316257129,0.41116610755300265,0.09419102716291906,0,1,0
29984.768083671424,3.5823813132108344,0.430104134591656,0,1,0
72820.05711690703,2.210415085946746,0.10927613386286057,0,1,0
8122.05111108809,4.283819437697315,1.8987506683695718,0,3,0
6379.540922194828,69.54599284163226,39.245076923770235,0,1,0
115907.3514620588,4.885933815108926,0.15175363350572157,0,1,0
21892.97394297716,1.9731453495301599,0.32445675387957895,0,3,0
58665.63174181691,1.7298624390351298,0.10615252227970974,0,1,0
90096.53449830173,0.34517208398833266,0.013792089887557443,0,1,0
1792.7774045334884,751.7801044142584,1509.6176296329352,1,22,1
166585.62553837118,1.244916331157571,0.026903274383268713,0,1,0
45764.13204629547,2.9305526794906758,0.23052965662047198,1,2,0
171810.95499127044,2.060468048162696,0.04317352740261872,0,2,0
9974.817885241711,4.192888331857124,1.51325048420369,0,1,0
58565.72943662664,1.7557184527840604,0.10792295239594099,0,2,0
125080.95832718653,4.272825844706202,0.12297773575339636,0,1,0
110866.80366961,3.756871326790053,0.12199086046305395,0,1,0
105956.06739248658,3.1936170440850296,0.10850743748461703,0,1,0
35127.11084523686,30.08668872288005,3.083432619311332,0,1,0
40894.71656018343,1.5465383274264881,0.13614320985797254,0,1,0
41464.26476658197,3.0765570361371966,0.26711206366355894,0,3,0
123587.93386584106,2.927429691575178,0.08527326705785705,0,1,0
124.47875576807387,462.82477856004857,13385.169160274589,1,5,1
75281.51547844423,4.855369991329109,0.23218623931381596,0,3,0
21986.504170646702,3.775588946527086,0.6182028803671209,0,1,0
16799.295579500693,11.449841644247401,2.453640375825554,0,2,0
53100.43972858656,4.938866660685612,0.33483564485241735,0,1,0
157.9549644366185,455.17421279212164,10374.014972534518,0,31,1
237419.88434150652,63.82689171276571,0.9678077756766316,0,2,0
33998.086773240546,3.7104629627912225,0.39289465772415305,0,1,0
50746.18081978515,4.107699304628261,0.29140552565280414,0,1,0
254499.3848106562,1.739048247929584,0.02459956316674116,0,1,0
816.5287031544732,1045.0299241236207,4607.440880291148,0,67,1
1019.418113891247,4.909588922507071,17.337851741283654,0,1,0
92818.63159485329,1.7043826979196823,0.0661050223116097,0,1,0
131398.75475727342,1.6239643539415787,0.044492595725044874,0,1,0
154777.856735287,4.220204567230377,0.09815833325572626,0,1,0
163037.36263546505,1.090082492659693,0.024069924280787244,0,3,0
4455.844566196331,2.873210353109195,2.3213460697581594,0,1,0
131029.26715646757,0.35683506944690024,0.009803964243155222,0,1,0
6215.834816398893,3.8126283854698793,2.2081446166298435,0,1,0
1322.7995750253617,821.8479918100903,2236.659904021816,1,17,1
1162.8490015311431,766.674162790026,2373.504197372074,1,12,1
947.2325932610914,712.5401733437642,2708.0409207693983,0,76,1
1581.061987121361,1.1350064966921032,2.584353694778908,0,1,0
172245.12594908223,0.7323538003915847,0.01530652125499957,0,1,0
306555.37897116854,3.9144838433616727,0.04596931844222307,0,1,0
9500.578403512627,3.646332029183167,1.3816838036099004,0,2,0
17338.922068451884,3.451313045927006,0.7165801262780905,0,2,0
29699.933152599555,0.010403195881428795,0.001260996278365887,0,1,0
121106.00852314291,4.633247040322848,0.1377280082843687,0,1,0
188548.56523149088,3.5496653671712313,0.06777455615282588,0,1,0
1618.8325312660702,430.80118466126027,958.0263769270861,0,48,1
1157.509816919838,741.0868176373729,2304.872498268674,1,65,1
726.5359166667481,532.4010854812125,2638.058028191747,1,48,1
7814.7534958486185,3.969522000663454,1.8286282747088274,0,1,0
140205.6464457145,58.303246419300336,1.4970273482583891,0,2,0
165227.09873145618,3.6528313521670244,0.07958859635473182,0,1,0
248582.49270111165,1.483531445849498,0.021484671535093623,0,1,0
112699.47623417189,1.2834927323228262,0.040999071076083304,0,1,0
144795.44309872086,1.9828928065578866,0.049299991428193315,0,2,0
23914.17333413951,3.678120751087545,0.5536981989259138,0,2,0
244482.73495584948,1.27894654939701,0.0188324446659217,0,1,0
38264.48159051846,4.762103473767281,0.448028348822847,0,1,0
47116.40383399397,2.6592855467858216,0.20318672881230876,0,1,0
35134.20612305671,197.2639750595259,20.212504808761263,0,1,0
49836.2154735867,1.1935684592436684,0.08621935699661111,0,1,0
40238.846559360136,35.80633890510536,3.20344222263485,0,1,0
79917.64503551462,2.4126920373333633,0.10868302401228504,0,1,0
97943.67880066078,0.6251580780431126,0.022978196331951764,0,2,0
11746.98026609517,14.70518733194611,4.506577281635582,0,1,0
76062.59957814362,2.2748015869650553,0.10766507795543932,0,4,0
134896.0332684081,3.9518411243254374,0.10546365006348465,0,1,0
6017.548787030814,1.960674145513876,1.172973776143281,0,1,0
22449.165557662844,3.4575277290679725,0.5544571263761732,0,1,0
5072.948038235606,0.5015974959663971,0.3559569252176054,1,1,0
24619.876977207346,3.935280479228665,0.5754297528918916,0,1,0
142183.54668529183,22.56521343989277,0.5713373331685029,0,1,0
247106.80624107193,4.771729758116504,0.0695174179559454,0,1,0
88058.81594030226,0.8637769699536135,0.03531272886909016,1,1,0
137.88503476594974,1218.6889666278773,31818.393397858308,1,79,1
89446.05000462511,2.983519865939806,0.12007988633179349,0,2,0
1129.5927530969038,166.01609466775307,529.0915147652688,0,58,1
27467.485403991774,4.813260701137137,0.6308454621614362,0,1,0
57256.04558736828,1.5339714155505062,0.09644915291181305,0,1,0
60422.4998244741,121.5030740610623,7.239208372551498,0,1,0
61949.94379479699,3.0420396096973983,0.17677728056034825,0,1,0
76125.12737136555,100.97714561898184,4.77526589157566,0,1,0
25953.19094116236,3.2843665112967946,0.45557864030953393,0,3,0
136970.48646355802,0.3353281427068783,0.008813441091675915,0,1,0
20445.730105323375,3.0599043176511334,0.5387753573385955,0,2,0
59567.37344373006,1.5747015284062478,0.09516829724946001,0,1,0
45754.70621337954,4.281481543994857,0.33686881271842445,0,2,0
1356.3474427524707,1180.6328135910792,3133.6204831873215,1,19,1
26990.525416578657,11.904391882153915,1.5878094299501981,0,1,0
18984.32279848297,2.277014017748322,0.43179051214557934,0,1,0
27424.652757622214,2.529336492643442,0.3320228501702958,0,2,0
11346.987210579122,1.2015567555961653,0.3812117031482427,0,1,0
47868.06863128939,4.592550753442749,0.34539063691378674,0,2,0
4865.243600117963,105.61144993422265,78.14638916620396,0,1,0
3184.1437996541895,1.818138743855785,2.055591672270477,1,3,0
36260.77900180168,1.5720501318689766,0.15607443167305143,0,1,0
93679.79400979597,3.542895625324996,0.13614914919471613,0,1,0
91743.35684931473,44.09644325328129,1.73033995227087,1,3,0
104.13848444676877,399.52270204382086,13811.241204426635,0,79,1
32387.833967624098,3.598936312341423,0.40003202243720654,0,1,0
120635.12946472927,2.1588376909927898,0.06442415009672892,0,1,0
64743.02260423217,19.475557212533182,1.0829275981399165,0,2,0
252483.38353606846,3.9118289757557982,0.0557762816526463,0,2,0
116911.16680075396,1.0672466612230465,0.03286331054201907,0,1,0
25889.641317744405,2.5735520091009003,0.3578569173306114,0,1,0
7733.648932776283,37.589900181919674,17.49803253692967,1,1,0
6049.867431964153,4.806173519460945,2.8599345133818996,0,2,0
152918.2298406173,0.3243960904696924,0.007636930710668619,0,2,0
98844.39021869352,4.352978168631422,0.15853930984248676,0,1,0
6050.591527010934,2.044218308625341,1.2162754464912218,0,1,0
147619.53166341825,0.3055147824330179,0.007450594134566138,0,1,0
127136.83116179537,0.08707451970613012,0.0024655976405699945,0,3,0
55472.800702175016,48.96056337227596,3.177377487870062,0,3,0
14779.009710709774,3.562721326432966,0.8678387135684957,0,1,0
234426.56451831397,1.5406320380192624,0.023658902941590718,0,1,0
143046.32641095287,25.396192661950558,0.6391376547508572,0,1,0
119990.5526148687,2.7059402792851217,0.0811845998967366,0,1,0
3679.712717573016,2.7462563568894716,2.6867648763957943,0,2,0
396.6258735844861,945.5325003059266,8582.185953575367,1,9,1
35748.65462429785,4.799924541188377,0.4833672352115139,0,1,0
181148.9787514424,4.889789734772522,0.09717550254221852,0,1,0
14738.917026129051,1.0018015200172514,0.24469134778820945,0,1,0
1036.6640465970308,209.86123715226194,728.7804146658315,1,21,1
182460.68803322694,0.9062390303307749,0.01788034751133176,0,3,0
1961.6533716121398,4.462557095470758,8.189625025593543,0,1,0
267298.1853006879,2.112666774424884,0.028453617742948474,0,1,0
119420.23876872311,92.00994058311316,2.7736989099536125,0,1,0
15323.495454320022,27.112856093875138,6.369713896474789,0,1,0
4369.600422177329,4.726481224686923,3.8940247997308526,0,2,0
24846.410134122085,33.25942144422118,4.818962439759586,0,1,0
57378.9284702755,0.9533429051058662,0.059813498611411754,0,3,0
151.53243681240838,624.0112653673332,14824.816406162667,1,15,1
41529.854349945905,2.245652829467455,0.19466358147950905,0,1,0
26035.905141979507,0.6722852038353222,0.09295727268205703,0,1,0
9287.009069063759,1.5906626566674542,0.6166016982882222,0,2,0
29139.11930340757,3.9876049965900466,0.4926496864318556,0,2,0
141998.53105821763,2.282558783608951,0.05786828609954612,0,2,0
269196.43687788333,2.6332113176259875,0.03521428757897641,0,2,0
22630.6810114741,4.15990012472607,0.6617406007985785,0,1,0
31279.571762927746,0.8125257802959118,0.09351447747542616,0,1,0
71160.87532302832,0.9031827547376625,0.04569165151912322,0,1,0
28026.99600544137,1.4690101440775372,0.18869080787867515,0,1,0
177700.3203475162,0.8070849384378698,0.016350593925178274,0,1,0
8694.722253106003,2.902090828900735,1.201594102711043,0,1,0
71248.39173039171,1.121513134124873,0.056667205880625224,0,1,0
344370.475111119,3.449258143731507,0.03605805437712594,0,3,0
57992.45061262665,4.798634190194806,0.2978850333484616,0,1,0
106587.375167936,3.0476015565496213,0.1029330686330578,1,1,0
11557.459923651639,4.384594659354235,1.3657447984200355,0,1,0
202574.72739705825,4.678096781643285,0.08313548600219117,0,2,0
1718.742401478399,571.2922287265808,1196.6028310272875,1,12,1
10913.748257336983,142.76186784854374,47.09131199807997,0,2,0
16089.121085635075,4.4158798530716155,0.9880693535988959,0,1,0
89419.09985603625,4.518624601869038,0.18191917155192014,0,1,0
45058.99466841654,0.5246710925720216,0.041918732256652325,0,1,0
93952.85925684814,1.4649845345576602,0.056133941703569425,0,1,0
357878.17652538145,1.85947999770588,0.01870504666345981,0,1,0
82764.17536024612,2.7940861745916075,0.12153459132224083,0,1,0
24585.32621692207,15.013473007079812,2.1984049488953197,0,1,0
57384.80845192029,2.977521076430514,0.18679291896793207,0,1,0
23599.47060843842,2.193557744419002,0.3346180094855501,0,1,0
110859.04166590156,50.90220678323536,1.6529814949321484,0,3,0
80715.58169518651,334.2319620549982,14.907097714315904,0,1,0
17340.664627970913,3.175784944319675,0.6593072436860006,0,1,0
19196.894061004536,2.2812002202666775,0.42779424457220266,0,1,0
23866.919894433995,3.803348190837778,0.5736833050757054,0,2,0
818.1585588164959,1256.9246875382305,5530.6258504258,0,75,1
1206.0833352305199,1169.7756297282538,3491.6262782263084,0,48,1
1152.5968417987522,179.91126190974947,561.9315613118655,0,2,0
250178.5225096399,0.495972650564393,0.00713690977195301,0,3,0
157852.23850032059,0.6769102165472801,0.015437708091578692,0,2,0
149495.76449320593,1.4533106067413177,0.034997099764030544,0,1,0
6179.95917075768,18.152148053061865,10.574136686895118,1,1,0
10662.065889533931,9.448838730995657,3.1903591465304006,0,1,0
234829.41765187448,4.046266138253275,0.06203038036446586,0,1,0
50381.696656507855,3.0586895292123586,0.21855719509085156,0,1,0
250185.14563798663,3.4227221651566198,0.04925072495068613,0,1,0
10324.194221793798,174.08665363462273,60.70323161508217,0,2,0
990.3388800993678,867.4122515808489,3153.1470372825665,0,72,1
143.47475835683105,986.8097164840013,24760.557327492195,0,32,1
63116.79607840192,0.5726643416317412,0.03266312230604064,0,1,0
201047.14088487468,1.191962210945049,0.021343571167019786,0,1,0
436.9029634843425,474.83697424280655,3912.5692662768233,0,61,1
169058.48133263155,1.6471644028274341,0.03507538813454489,0,1,0
40723.913531203965,0.20064394539127894,0.0177369545501844,1,3,0
41274.44578898335,1.992998313592279,0.17383138142214,0,1,0
120986.20500829868,2.163074664360228,0.06436327836849408,0,2,0
98088.10270572954,1.899874622292041,0.0697286261186071,0,1,0
1645.2526027899619,713.9571598190969,1562.219546706819,0,27,1
55963.56721889617,1.5346787189617612,0.09872214483134074,0,1,0
18423.631992575145,2.384306458956372,0.4658963691688019,0,4,0
103497.439397265,3.6800868418266797,0.12800618747410425,1,1,0
738.07950926792,635.0870146242427,3097.651708167596,1,52,1
1635.4200397780623,790.0028004769007,1739.0089472688583,0,47,1
96437.06748960083,23.21570830073953,0.8666434189496137,0,1,0
32320.74369774986,0.8166120485715428,0.09095716987051324,0,1,0
203696.58227772103,1.8358690721564608,0.03244594772214851,0,1,0
190642.54034590928,1.6792715793041606,0.03171053886779943,0,2,0
87816.13027705354,1.7656570425552625,0.0723826628791894,0,1,0
11042.183155570858,3.0600194866572283,0.9976351593487506,0,1,0
257599.9773831733,21.626746621600468,0.3022371687632273,0,4,0
80860.41613364298,2.343667634107301,0.10434281551113463,0,2,0
171144.04506193494,2.91693116163874,0.061357391535880185,0,4,0
21521.191985433325,4.745660764583322,0.7938398005121448,0,2,0
19018.043045249648,0.057781405070927994,0.010937668915798282,0,2,0
54316.45945998765,3.4055474932212975,0.22571373571629808,0,1,0
924.0987979609165,764.1516246496293,2976.895819807151,1,36,1
60334.476165896485,0.0007887228902836441,4.7061026886416645e-05,0,1,0
64232.82704973751,22.916248239836765,1.284366537370855,0,1,0
149048.00088592552,4.462557438892647,0.10778545625921611,0,1,0
25185.21948795834,0.5373570198434063,0.07681033998378242,0,1,0
17575.39653523727,4.077712187095036,0.8352451021011319,0,1,0
63970.48262829823,0.5481409720171987,0.03084715666017182,0,1,0
312317.8543711346,1.5341906535130918,0.01768418383818659,0,1,0
202615.31558559655,0.9349152782409063,0.016611256616706233,0,1,0
844.8514231587274,768.3898311796391,3274.189184536649,0,16,1
146628.39445443658,4.72539598903916,0.11601726680453503,0,1,0
46016.840735493366,3.300064971042302,0.2581714369319777,1,1,0
158262.17445939503,0.18743978434829667,0.004263704994316223,0,2,0
87415.43320014028,1.1862718182856864,0.048853828088352,0,2,0
1058.781676935116,1.1557568378133853,3.9297285802795052,0,1,0
12583.869738018417,3.166789559865477,0.9059568044536153,0,2,0
87658.03552487881,4.056152792006789,0.16658084981929702,0,1,0
127460.53505015957,2.919291336540077,0.08245257096566003,0,1,0
125.49706113835252,2.3703156207725384,67.9947096559807,0,2,0
406.354722339821,825.8445512814359,7316.367255422009,0,69,1
27623.316445046366,2.4758579612333316,0.32266540761575935,0,1,0
115054.85655195886,1.741497086930941,0.05449043787317336,0,1,0
41229.266565591526,2.7494177974387606,0.24006985559718821,0,1,0
1060.9882326339784,965.8794682058542,3277.28996287618,1,30,1
51998.719121164264,2.3695737520101074,0.16405145456293285,0,1,0
32741.60605219003,1.6490790442818053,0.18131928378685638,0,2,0
103921.50865185929,1.703817446744436,0.05902284221862313,1,4,0
85337.04854789311,119.9906293840578,5.061884294488796,0,2,0
94487.28469083256,1.0262876486813504,0.03910193363415941,0,1,0
87103.0959139348,82.98094094249576,3.429629960433973,0,1,0
30071.113368727893,0.4579601707223435,0.05482526018856814,0,1,0
12293.233622305763,2.4483653275828092,0.7169891543674174,0,1,0
182130.53032280054,4.158200200846655,0.0821911663932269,0,1,0
51510.48094281197,20.087486300252948,1.4038880895170869,0,2,0
204068.12998385495,2.6439730590187436,0.04664277079042439,0,1,0
1638.3125451663032,230.71569317871848,506.9707229514474,1,34,1
217373.8343707389,3.138785386307983,0.05198246340650557,0,1,0
4680.541046830661,2.6756510015984647,2.0579551614608382,0,1,0
5595.605522522634,0.42334907137644706,0.27236670827148085,0,1,0
78880.23664624235,2.9809133470118843,0.1360453328426214,0,2,0
284407.0376185047,2.5972638325877817,0.032875943843056483,0,3,0
15847.931712602322,4.485652331554682,1.0189562074371916,0,2,0
3219.047136502875,2.851936626837654,3.18944439806167,0,3,0
152050.84427718466,2.099777120738928,0.04971493364995675,0,3,0
57484.739265325166,1.7703293089679184,0.11086743357865095,0,1,0
83205.35846265889,4.663895623438672,0.20179017979850772,0,1,0
2678.2453655674008,2.349227174918375,3.157745716070507,0,1,0
1908.4202642721323,3.6056792679952174,6.801670265083619,0,1,0
17842.886807275747,14.048797665287124,2.8345005010293813,0,1,0
1770.0247026359152,1457.1359821640035,2963.62504318643,1,31,1
146674.86503448157,2.0931692802398953,0.05137491967074342,0,2,0
347.75461137296855,869.354013407749,8999.663400325999,0,70,1
36899.44499234324,1.2434590473556755,0.12131490247100765,0,2,0
47890.49880969692,1.9875787577061776,0.14940925038545289,0,1,0
17526.157251426714,4.502285363739912,0.9248021158856288,0,2,0
30744.14568116448,3.392696221071879,0.3972693377959609,0,3,0
31407.135224763264,4.087404675450702,0.4685131810436696,0,1,0
93330.60175947199,1.4123461516374902,0.05447780310040647,0,1,0
40174.13352173297,0.5504765263094319,0.049328145276410454,0,1,0
37316.04270449214,1.6116091613513643,0.1554771771168138,0,4,0
76150.97446010285,39.660309380152434,1.874921690507753,0,1,0
18875.85945545771,4.103111271415768,0.7825445305922674,0,1,0
122673.02028158179,1.913973439628279,0.05616805037363476,0,2,0
129709.35549527965,1.4700169429747656,0.04079937776656167,0,1,0
52003.791562025086,0.09764640148459514,0.006759642610390727,1,1,0
499.6544569687491,233.05334027994658,1679.1444833649957,1,17,1
33731.160568959385,1.3162308741527218,0.1404763745754503,0,2,0
194826.8199922994,2.075390645038995,0.03834896202912768,0,2,0
119152.46152315527,4.65612379589449,0.1406772923609534,0,1,0
312322.2351344862,1.9757455424881836,0.02277354332423605,0,2,0
3558.7399320292993,4.75698478130459,4.812137312582788,0,1,0
35490.852179963695,2.9294112249479602,0.2971436232733323,0,1,0
37558.49427815292,3.316589218372405,0.3178966946256356,0,2,0
59242.48574698515,3.408679760328054,0.2071359258892252,0,2,0
7673.833804251842,3.2134720827402488,1.5075254159733218,0,3,0
40915.225369240325,75.72023473495877,6.662381609433448,1,1,0
101850.88184364967,0.12387063467191872,0.004378305585055777,1,1,0
82549.92816408728,3.8527449034678396,0.16801809475732785,1,3,0
21401.45101479116,4.052965804385048,0.6817611051560072,0,2,0
139856.06811176805,1.2488450642965765,0.03214620782756996,0,1,0
492039.0618243104,1.7013749111701544,0.01244809641231199,0,1,0
137533.28117148834,0.06561062780816751,0.0017173898426439103,0,1,0
93064.64351666468,4.908836755989828,0.18988749812810454,0,2,0
21326.71722752941,4.504184901411618,0.7603169991934222,1,1,0
97627.0567394481,2.5327690794070885,0.09339591902478431,0,1,0
110089.16387632911,1.2752972623473746,0.041703197506414165,0,1,0
38019.220773516914,50.795953392684055,4.80981536426021,0,1,0
87020.38101702389,4.835820275680261,0.20005604191784918,1,1,0
9237.047345497018,0.7454487438412388,0.29052741395081183,0,3,0
8498.39946463041,1.4959775306586272,0.6337098100395391,0,1,0
7151.659386849702,1.6742847549949058,0.8428009210092897,0,2,0
1120.1768528907392,1018.5430656637386,3273.371545686733,1,6,1
69505.73839276677,0.41596838425753624,0.021544784904881594,0,1,0
23.381299778739795,629.3380104737166,96898.66941295819,0,16,1
100438.25584753428,3.4625875462675886,0.12410923568292269,0,2,0
12915.34970823343,0.11987723688265839,0.03341435288449491,0,4,0
98207.08756195793,2.8657462399062283,0.1050503249793832,0,2,0
900.050602049343,434.0942493773926,1736.279376071058,0,9,1
127827.69369072956,0.19864576682345425,0.005594443112574895,0,2,0
201055.77910618446,4.477226568833539,0.08016688562475124,0,3,0
1441.7290697834999,1092.2037494744973,2727.2346660101935,1,52,1
156982.86687913976,4.716898594973755,0.10816998873500615,0,1,0
68920.57718193273,1.6503540022457726,0.08620465252926326,0,1,0
82.7757949474228,332.8139109209793,14474.401364270183,1,10,1
9633.167758033314,1.6574613662744142,0.6194079734168433,0,1,0
46.01153985029767,729.0505920059792,57041.823415621795,0,33,1
336.7704950985899,775.7038013851746,8292.097216441458,0,76,1
7657.379955356545,1.2225374867221261,0.57475729007295,0,1,0
6437.243698889454,1.4327369927690854,0.8012518113705303,0,1,0
32975.19133834222,1.6802552312529628,0.18343847562386173,1,1,0
27754.836295252306,2.059798399478994,0.26717052693958143,0,1,0
86466.7744977549,17.626225103780037,0.7338588809653783,0,1,0
1550.9216881660363,1074.091514020893,2493.181622244009,0,63,1
84325.59680873947,2.7600213994265883,0.11782990472598644,0,1,0
60694.97886710295,0.8514779212601686,0.05050369196516896,0,1,0
1323.2436331131894,469.1851597859446,1276.4592498023521,0,13,1
184.8948696738013,914.8942367877723,17813.470207403327,1,44,1
105880.15493789507,1.2654220161071343,0.043025241705187935,0,1,0
1345.029344037232,1494.2743988142577,3999.4576026011364,0,29,1
234314.90943557606,1.3091078279039952,0.02011305295000933,0,1,0
294330.2371531975,108.98846882388378,1.3330553175947084,0,1,0
956.621902179732,1335.9071467953681,5027.342273373698,1,71,1
27.95987358171015,584.3210795839773,75234.81393271935,0,55,1
176662.36756085051,0.8992222341777062,0.018324219740373987,0,1,0
121570.48016800101,94.72656243153727,2.805085776434188,0,1,0
106533.36594663878,9.548703976308959,0.32267200054422784,0,1,0
152213.82999110542,2.1749208958523147,0.05143892132223374,0,1,0
28967.57203932546,3.3409033097895255,0.4151971003615517,0,2,0
119298.33549350318,3.4329046401064387,0.10359286785737427,0,3,0
132124.504273495,96.14663920251209,2.6197101213910017,0,1,0
1030.3298040824925,1487.9358804720289,5198.887917708372,0,70,1
151849.6032683909,7.45676470561536,0.17678250296623085,0,1,0
1166.7822146685805,649.6225781248279,2004.3511564098203,0,46,1
93815.9983765307,4.566523574793882,0.17523114558007546,0,2,0
921.24078449236,1296.8360648073226,5067.741150733951,0,45,1
318.30474630257686,1372.2119604682482,15519.602252458468,0,63,1
44645.70548728323,4.891701163982916,0.39444161533866956,0,1,0
1054.815278370906,1486.3124999530824,5072.665432088683,0,30,1
244080.31677731092,3.77213514579964,0.05563613938303868,0,1,0
462.3083021048848,1.4710669519496309,11.455215065156224,0,1,0
40395.56095856362,111.45609821081712,9.932822915134706,0,2,0
8346.916034117705,21.26293473411878,9.170640357462133,0,1,0
178582.70788553506,3.5519382371914903,0.0716025521467921,0,1,0
69095.20798120913,2.77421095185804,0.14454199818611174,0,1,0
17334.184203775276,110.06356311627985,22.85823333597155,0,1,0
42151.66210183271,1.296899976105903,0.11076289003033772,0,2,0
55124.80016213802,32.54624479710649,2.1254767532029644,0,1,0
31594.059178715528,93.91735091238044,10.701456921760292,0,2,0
10044.916042464632,4.183553602917308,1.499344833429486,0,1,0
8034.048905271415,4.63486785395884,2.07685122047289,1,2,0
197741.5086535804,2.094366133476762,0.03812916231829218,0,1,0
1758.9172737940273,311.3765548454478,637.2986462437109,1,26,1
70265.44635264023,4.5414431174366445,0.23267759718938438,1,2,0
1099.9158688588216,1346.897973618315,4408.366896330596,0,47,1
57442.515808791046,4.9751561250301775,0.3117997496789232,0,1,0
40546.76297400062,1.5466211217911146,0.13731887899456283,0,1,0
360974.8578094641,1.3563429324158838,0.013526799584680555,0,1,0
96236.87218456881,2.0328390395274547,0.07604383201756097,0,1,0
84943.99954922774,2.8528070231230322,0.12090442335825105,0,1,0
22693.871831189037,52.231717112109834,8.285680953973355,0,1,0
1501.5465939846138,1208.300671148321,2896.934689579489,0,40,1
38387.97537616652,2.7647037409462607,0.2592721645222763,0,1,0
17080.33321106397,0.3446635106204454,0.0726442876085034,0,2,0
54637.41753196483,0.3543585032743679,0.023348296266773594,0,3,0
34920.57803085901,1.768189315700552,0.18228454096312113,0,1,0
18252.41461003637,3.255628724761622,0.6421212568060597,0,1,0
1768.966269694871,1480.9154397346074,3013.791542765924,1,71,1
243340.03680174027,2.3415009947757355,0.034640430288339484,0,1,0
16275.746441236555,2.2048769422320436,0.4876923476716622,0,1,0
115684.07269675811,95.00720022598583,2.9565515186355795,1,1,0
21702.858027031238,4.493194641505516,0.7453166163310394,0,1,0
254062.45151968233,7.785313183893064,0.11031589789978766,0,1,0
166476.63593417525,3.866520200571877,0.08361216962338491,0,3,0
104975.10801340814,5.5953870783559685,0.19188733275233813,0,1,0
13640.127529350837,3.930652112310909,1.0374058141223785,0,3,0
25626.902948363997,4.704783106294674,0.660915570515402,0,3,0
84988.99478417596,3.6768382486626336,0.1557450788634342,0,2,0
5080.687621468778,0.5731997179285342,0.40614954869950837,0,1,0
8138.751178714931,4.07211783539576,1.8012129730373965,0,1,0
11794.275205412576,4.141367824079942,1.2640814214548644,0,4,0
286779.5111931565,0.035964780039299815,0.00045147300657149945,0,1,0
25853.1950538027,3.3190505262514143,0.4621704152867402,1,1,0
17346.485247779212,2.252912464080587,0.4675578225121115,0,3,0
834.0769154384973,262.06169576223476,1131.0972492843325,0,27,1
53071.13118156051,2.168635313230081,0.14710609994197474,0,2,0
36760.85657970928,40.563161914134994,3.972360724899105,0,1,0
87179.06384773896,49.57609577912537,2.0472110725639565,0,1,0
99173.36019044154,1.3660091583649103,0.04958622921186092,0,3,0
91490.93806236782,3.326020517405336,0.13087278495818855,0,1,0
148949.88947485437,0.8717835382543582,0.02107031263185674,0,2,0
1777.5900388955954,4.9803845789829895,10.086343921840475,0,1,0
49239.11641088105,0.2801456662445684,0.020482179047745432,0,1,0
1105.2048923912614,181.6981283032621,591.8479608577196,0,12,1
1731.7933011659977,871.8868723250991,1812.452293386885,0,73,1
98346.67267000934,0.6743742320402385,0.024685606227786455,0,1,0
55560.747050666294,2.2375034880872557,0.14497667840514616,0,1,0
48883.00104435078,3.9145207179228,0.2882857902225843,0,1,0
64693.78882799176,2.2650737519009425,0.12604402454343805,0,1,0
116644.95905775709,3.5510492415813246,0.10959562567434092,0,4,0
45066.29130216247,52.611015440393075,4.202690084158908,1,1,0
39251.636212631565,3.4914346331529584,0.3202201460153595,0,1,0
15089.34043780548,2.1011631640073003,0.5012934409959127,0,3,0
32277.80444059716,0.4128563916787402,0.04604659566541347,0,1,0
252304.90818267953,3.987244600381551,0.056891800737307166,0,2,0
46166.32495144252,4.9288380291240665,0.3843454492751911,0,4,0
19959.48345838417,31.607020980537087,5.700812637119471,0,1,0
41753.535916952984,0.940243765734543,0.08106804567107356,0,1,0
124644.40082522808,2.6865512950180523,0.07759341452991651,0,1,0
45436.27328178826,1.3427857031032053,0.10639139572895191,0,1,0
73054.65137963323,2.490051969172167,0.12270522026635679,0,1,0
146236.69462373585,3.8134308522730427,0.09387760782959252,0,4,0
53669.64334526767,2.212354634967592,0.14839816681184637,0,2,0
80.76077659238807,792.4064140420659,35322.3831037344,1,46,1
765.46292971243,685.0044879065564,3221.601021737315,1,22,1
21275.86211329664,2.6940968362483453,0.45585690294696346,1,1,0
4587.184963098327,3.1667392509458114,2.4852412525578282,0,3,0
63146.09716316161,62.824222958289624,3.5816497425874934,0,1,0
22989.68473890052,4.72558753671273,0.7399890570652267,0,1,0
61383.772104394026,2.5160960359148103,0.147562546561796,0,1,0
366387.94288440805,2.463321129152644,0.0242037333301311,0,1,0
52001.25665328683,0.8911654945579173,0.06169458176364517,0,1,0
43703.76204761016,1.1079671521972367,0.09126632493479275,0,1,0
53297.360865641924,0.9414017444866102,0.06358750649390112,0,1,0
174497.2231422538,0.4847569631335735,0.010000875864128808,0,1,0
126972.09400338429,0.04531549093322207,0.0012848159167576716,0,1,0
84483.23476724833,3.118129736486321,0.13286975909807922,0,1,0
15792.670431787396,3.859027342391173,0.879680133427307,0,1,0
52883.558732027195,30.810427083802832,2.097391706631056,0,2,0
1678.9457738390374,412.9960653883266,885.5472633867898,1,41,1
69859.30283479566,3.6185221298351533,0.18647022141363537,0,2,0
5028.367064415922,46.91277622133877,33.586647958135245,0,1,0
24108.393412087913,94.41778012964112,14.098990449371074,0,1,0
1772.065184947679,599.6137989742222,1218.1322079136348,1,67,1
1001.9799306859226,1303.9495583378393,4684.942548502657,0,68,1
43945.024073850655,0.5554860442299525,0.04550571541085521,0,3,0
48650.33189688243,3.983864302849227,0.2947957584473594,0,1,0
70413.41249311554,3.76155485336728,0.19231559716618188,0,2,0
57716.9258606174,2.2927438573970003,0.14300619382539145,0,1,0
149359.53515541862,0.10422619903850405,0.0025121550903876265,0,3,0
79410.69807339566,128.39235797732098,5.820531741090524,0,2,0
58506.21831967134,4.4205201147410556,0.27200309420301627,0,2,0
161264.25690324596,3.9993430226427207,0.08927976451813481,0,2,0
199173.84598533102,2.621877433276784,0.04738954913031894,0,3,0
312.2036993906285,1093.1340014581265,12604.85514082727,0,75,1
122898.33934723899,1.8723344456527669,0.05484536276202653,0,2,0
49709.610228376456,0.9945840686861235,0.07202837903617547,0,2,0
622.6916136340574,140.85315834856033,814.3218231180679,0,17,1
30392.16157828054,1.485402749389992,0.17594832417663486,0,1,0
675.1413671289029,794.6375792679112,4237.179685092968,1,63,1
526.0506111822664,4.788021855580855,32.76657856427968,0,1,0
194066.6394770269,4.708846514244777,0.08735065180168645,0,1,0
126700.93244152237,2.6705591920125666,0.07587957646391039,0,1,0
1017.9865939139326,1434.0059882451653,5071.207802289645,1,28,1
21699.31056871604,1.4447890957035858,0.23969612896510883,0,4,0
168845.31448811636,4.484808250236063,0.09562189954632211,0,1,0
50058.288039922525,113.53076319098803,8.164696866213275,0,1,0
1371.0250613886212,467.05391982238456,1226.3773717291576,0,27,1
120721.84183649195,3.78754911409253,0.11294705749437504,0,1,0
60372.23891724776,0.282554704622599,0.016848752918301214,0,1,0
291.47915297885123,1458.4391221249073,18012.886293897718,0,66,1
170514.2716223056,79.37342543892227,1.6757795629743695,0,1,0
83078.6652318246,2.6865834761652385,0.11641617600868676,0,1,0
16291.5259566043,0.28443719178074534,0.06285316017285551,1,1,0
1762.0234776019156,1228.0005947675077,2508.9348679846566,0,7,1
84188.81730943864,3.297599773349775,0.14100874158174279,0,2,0
87627.59942248047,4.419962750362044,0.18158509426450448,0,1,0
6026.320126907378,0.40389606937171807,0.24127922498607296,1,1,0
35858.11791278312,4.048855548810089,0.406487591210696,0,2,0
112.1081902279829,1182.672980225351,37977.80269356747,0,41,1
7469.403018047286,2.241132910541123,1.080150375934229,0,1,0
177167.98304723235,1.153919612568376,0.023447298624710778,0,2,0
31390.071101300717,1.342898021664833,0.1540115300278206,0,1,0
29016.37558084223,3.2049705806307793,0.39763388291295015,0,1,0
15552.75442619769,4.8748728130145516,1.1283880427823914,0,2,0
422913.0237681002,3.408492350414173,0.029014411408194087,0,3,0
30963.938158622517,1.048149439756731,0.12186234075892158,0,1,0
53784.754567272306,1.7810146525485493,0.11920948232933332,0,1,0
330.7763310592483,689.0467833056908,7499.231918913116,1,7,1
65205.42051975353,6.044580760912391,0.33372211337387847,0,2,0
38856.22515494498,2.5815091043812894,0.23917487452045832,0,1,0
8437.406820647959,3.6880558086606636,1.573587856245951,0,3,0
225649.6627268356,2.813443778953647,0.04488549852828386,0,3,0
1067.9298439537022,841.2957057074988,2836.0145169595025,1,69,1
68637.67579138526,2.8839485424861815,0.15126116426939573,0,1,0
62445.222483617545,2.6661050115406573,0.15370235960107897,0,1,0
4.654149007445941,0.0,0.0,0,2,0
141284.92155578028,0.12512550781933307,0.0031882512527832453,0,1,0
32829.29021734075,1.7306427003579394,0.18977911736872305,0,1,0
1416.9738031215709,1250.26151734963,3176.4464893727495,0,75,1
3381.8931881870167,3.256699704347552,3.466732472983961,0,1,0
119114.47667691325,69.96157201869052,2.114450453830534,1,1,0
1639.4735848681335,413.9859632327209,909.0414639145695,1,32,1
4957.440118865901,3.597384465882323,2.612353102943587,0,1,0
34777.140202851275,49.09450809621965,5.082080588440689,0,1,0
70029.05304358962,1.6237530448360098,0.08347265466764336,0,1,0
27751.535256952026,0.36809130766840836,0.04774974412539258,0,1,0
228712.80102710062,0.17543805608149998,0.0027614414193570355,0,2,0
34523.09744998148,1.3468238877427448,0.14044411869180304,0,1,0
82359.57605860649,3.0090490442849034,0.13152783292275894,0,2,0
23994.658201720446,2.324249018520261,0.34871496798704116,0,3,0
63429.181406557356,2.714206871670373,0.15404809775778056,0,1,0
119310.88977212214,0.5501062149573832,0.01659850477713318,0,1,0
76567.28521074225,2.5148775461696267,0.1182431784187179,0,1,0
97423.17920572926,25.590920329363303,0.9456405953573117,0,1,0
63293.30989147124,4.627257961392665,0.26318940642505845,0,1,0
191032.80989727803,0.9798936124583385,0.018466026892170435,0,2,0
132311.99203760002,1.1973238976723337,0.03257728921801355,0,1,0
1390.5654662701288,1227.62779574338,3178.1747583091865,1,10,1
108.22576888146905,435.48147588297206,14485.76738591445,0,74,1
210347.63317483893,2.007217746300019,0.03435257995355669,0,1,0
288067.9680589169,2.047793664583775,0.025591381236090175,0,2,0
605.2532475323243,328.28492047018995,1952.6135853233354,0,68,1
10595.819946967633,3.7337338625629712,1.268560807233558,0,1,0
131978.5166160429,0.2876339185732707,0.007845838348647605,0,1,0
207690.98793976687,22.996916644059418,0.39861575477999933,0,3,0
11925.326641526592,2.4104159944357306,0.7276528216637428,0,1,0
67091.3413855908,1.8748227453726463,0.10059959666853653,0,1,0
749.4393877496591,1467.1130398621165,7047.410410817471,1,78,1
135485.4447918787,3.3535976285352405,0.08910884472699127,0,1,0
114562.28996239828,2.0007477695292257,0.062871403606451,0,1,0
150800.01138061142,4.16498871119709,0.09942943122507827,0,1,0
32066.162575292503,84.57351818639533,9.494889348113583,0,1,0
37978.98847525454,0.4146357625486302,0.03930301477480476,0,2,0
950.7943984221364,498.33614391027135,1886.8538992806175,0,65,1
118955.55983775156,40.848492815445915,1.2362143840622428,0,2,0
81239.14734275278,2.380220914438007,0.10547618447821185,0,3,0
21211.066665661634,2.3415047379997915,0.3974065609083932,0,4,0
8127.611490627289,2.3052666526359413,1.021082264950742,0,1,0
1705.8626757218021,563.6096976406411,1189.4245301121784,0,13,1
111659.86225484143,0.48144485544083915,0.015522153122769694,0,1,0
141.7401443677458,1226.3216205226859,31146.841662779378,0,18,1
98584.03891169757,0.9602099677950204,0.035064052175406556,0,1,0
6942.446318600676,4.048920133691569,2.0995643051983466,0,1,0
51232.43996848376,2.4341471396871066,0.17104259934260796,1,3,0
32850.62293834638,1.0599076039963067,0.11615205536734871,0,1,0
134403.8664279887,0.4043487291605302,0.01083045795976282,0,2,0
1119.250405808663,1301.4206327137708,4185.9393156838405,0,77,1
13083.245300535144,2.7384286151457204,0.7535089947538749,0,1,0
103723.04204398044,0.9038797742036342,0.03137169063893578,0,1,0
48617.05167622482,2.299891567556329,0.17030258639175685,0,1,0
1157.677095780855,1486.2489870738195,4621.751931489006,0,61,1
78670.34845248397,2.3213345121305666,0.10622559081097065,0,1,0
605.8262764694753,367.15549897038136,2181.747222976338,1,27,1
27149.228704621153,2.9729922697448896,0.39422011901427795,0,1,0
1642.8462937661122,517.835934048593,1134.7436273550356,0,9,1
22220.970625592523,1.9367924485398036,0.31377804922314784,0,1,0
90085.48484162975,6.739620568007954,0.269329005527165,0,1,0
47321.92631600944,2.577599579571883,0.19609004131599536,0,2,0
34168.73336646466,20.7865325033993,2.190058267880712,0,1,0
1596.893341395954,821.8880148489354,1852.8456326768078,0,51,1
45663.426941266596,3.3987829384118595,0.26795226284747403,0,1,0
48649.348374855195,4.784442213164831,0.3540436314722717,0,1,0
6818.554349946708,0.7995662251206376,0.42214790154995135,0,1,0
20455.1923927531,3.2697183608996316,0.5754522310632932,0,1,0
144549.43175043198,2.9738508363857856,0.07406368106290971,0,2,0
1112.2312669754665,198.99039586722188,644.0795600631144,0,28,1
6000.92919156116,0.8604992632493108,0.5162196134648304,0,4,0
3594.6374456540657,4.27704081052144,4.283421388294013,0,2,0
88122.75005783087,4.890784378184111,0.19979884592694008,0,1,0
797.0737018550798,146.83193303434433,663.1694882084395,0,46,1
72817.07274842245,4.642708817136908,0.22953067338256833,0,1,0
28684.799701649965,15.865041929628223,1.9910946403915928,0,1,0
18924.666448932057,1.792011193469083,0.3408905680793518,0,2,0
140716.9848661583,1.0076350145912123,0.025778594218591418,0,1,0
55772.61810871798,1.4021493078678842,0.09050565814365735,0,1,0
95778.27467799846,0.6253561972528454,0.02350514579301973,0,1,0
16514.471375160763,3.0056470496513437,0.6552028904188587,0,2,0
39424.351654281185,23.39232159333827,2.136049274176788,0,3,0
73043.6175547621,2.905531223489482,0.14320090864503188,0,1,0
12285.333237430736,3.1483632592994364,0.922572266818568,1,1,0
61180.28736778606,0.21698347078025926,0.012767846121955875,0,1,0
85.15914667023962,1394.243346982896,58939.95237616091,0,48,1
959.6551279125202,517.5281200303309,1941.4278920823178,1,74,1
103090.62728920853,3.1664174116649773,0.11057360869495039,0,1,0
6278.490150748565,0.9286059275048375,0.5324498818587526,0,2,0
26023.089222673512,28.193157190692048,3.900204353834365,0,1,0
748.1901321375416,943.1907845415408,4538.267318026251,1,33,1
70500.55614763359,3.2219808114093285,0.1645253818535007,0,1,0
254261.97087655903,4.8924723233589535,0.06927068292349182,0,1,0
3942.938574521226,0.3172478043830179,0.2896550565506955,1,1,0
27.5484011779387,1245.093716065832,162707.713920855,0,61,1
57135.37479793967,2.562919834671166,0.16148509460987923,0,1,0
176075.19602431546,2.76581639835695,0.05654935651873417,0,2,0
1726.317127200975,851.8912241180007,1776.503493189157,0,15,1
84895.51730927532,0.30200934396463486,0.012806726111484559,0,3,0
14391.243283182686,1.4195914545919452,0.35511381025036687,0,2,0
307499.50489360944,2.7211837880520875,0.03185781271542823,0,1,0
1730.581885443764,329.5206897164147,685.4772333843671,1,42,1
214673.50686825093,2.9402385917281886,0.049306777928203316,0,1,0
232302.30828912283,3.7675195055365402,0.05838543026034414,0,3,0
16349.645020008553,1.4484801029938592,0.31893832339456907,0,1,0
3211.1005321065177,146.90279678733913,164.69433552349398,0,2,0
1669.6210331866168,1.513776853089766,3.263972220523677,0,2,0
103403.33619308441,4.545362631806473,0.158247364900763,0,2,0
74411.31408376961,1.0953341092979973,0.05299197900246289,0,2,0
36216.64807227567,8.608852759029286,0.8557354581974727,0,1,0
144722.56407175527,3.7788370047464612,0.09399925508742588,0,2,0
85446.70302655592,3.9643249355123555,0.16702305954869937,0,2,0
102.24563382995,1393.3432168043264,49058.67754546863,0,51,1
47750.28801871691,77.6357258483798,5.853129366353032,0,1,0
238173.1350919878,4.22693473796231,0.06389035039903718,0,1,0
284830.0783991263,20.740096983675585,0.2621364624160464,0,1,0
908.827045023228,778.10517462698,3082.1910989516546,0,40,1
68614.02506913357,1.2968626676209798,0.06804302179811592,0,1,0
786.4743167181302,0.30276128120630297,1.3858565870159518,0,1,0
512.1158089105884,1098.3353842737438,7720.924280382483,1,37,1
1550.560771088383,707.4857812625072,1642.598510187543,0,17,1
238277.8019059253,2.404607451635538,0.03632980813422835,0,2,0
225187.71769732752,3.5259448945867735,0.056368090366160445,0,1,0
104398.53804255117,24.7376790210579,0.8530353599349331,0,1,0
128451.83669120513,4.334367913995894,0.12147529293719768,0,2,0
23657.675458965154,3.639279340250734,0.5537909101689795,0,1,0
165826.23477992677,3.7474775273083782,0.08135575843119387,0,3,0
25065.231616013018,3.2691498191383883,0.4695324395637967,0,1,0
359479.927699377,1.9012058320669512,0.01903956373654541,0,1,0
218268.22244981813,7.978163601949754,0.13158758817318186,0,1,0
57435.02470803474,0.25287783039505185,0.015850261996924568,0,1,0
209575.73105511427,1.4507681747998729,0.0249206594818274,0,2,0
609.0427531671776,377.9402589310828,2233.9727795405324,0,41,1
14922.776759854505,4.166047284551312,1.0050254363338038,0,3,0
59000.86359456964,0.6062635606619532,0.03699181139755233,0,1,0
7998.376562621875,88.17359075630739,39.68616934167631,0,1,0
150101.0862269846,5.206443720986587,0.1248704980536119,0,2,0
53921.32110270399,4.4719492684924536,0.29856496534847543,0,1,0
351.0320602632044,707.4341198543509,7255.0718859300105,1,15,1
32289.613327772833,3.7816589324007954,0.4216207861781132,0,1,0
123954.63932434496,4.95753844139251,0.1439812054336543,0,1,0
116079.6671020356,70.47080779276604,2.1855240834810155,0,1,0
61588.80629134607,3.1867707893419643,0.18627370024612852,0,2,0
54140.84032293427,2.585751811419386,0.17193502105963038,0,2,0
23001.4473839154,3.4770357429465286,0.5441974353040366,0,1,0
12872.260756011694,1.8243380466020565,0.5102147239132138,0,3,0
43862.325694903215,1.3886857427712855,0.11397637026249935,0,1,0
392443.7390922574,1.6074434639509545,0.014745544122091473,0,1,0
95581.31836344762,3.4457861586225413,0.1297829992663611,0,1,0
67736.17526577148,53.957706052972846,2.8677105110902197,0,1,0
124614.50163178267,3.873534340077808,0.11190289606489535,0,1,0
44352.78378073063,2.089280932610657,0.169581494469037,0,1,0
60300.74206828495,3.1201421858640686,0.18627485307545433,0,3,0
4617.992151690735,0.18373438311777068,0.14323189765097527,0,1,0
1267.8875493537828,4.361022644994475,12.382550432001583,0,1,0
3290.686338033003,3.774701000791645,4.129510444612189,0,4,0
78320.5291391398,4.268478569905198,0.19620044732281391,0,1,0
66603.2279992734,1.6925684438532862,0.0914857519809446,0,2,0
106876.04924730191,10.55588408842981,0.35556313117839783,0,1,0
77224.45415697202,2.5203960918250634,0.11749420607268943,0,1,0
104743.64485779592,3.5977920663271745,0.12365477119267752,0,1,0
120410.91700773175,0.9255436521392263,0.02767155363069999,0,4,0
87652.00934155614,2.360918033172337,0.09696645842197324,0,2,0
6922.238316761768,0.4425952628153379,0.23017741852039908,0,1,0
2317.7716720648045,4.518623306890469,7.018397929729666,0,4,0
102873.53211386311,3.730654891193211,0.1305521190176545,0,1,0
281513.3607736493,4.538799956202363,0.058042288996245604,0,1,0
1683.4512265625715,507.4960343176024,1085.2620466313592,0,6,1
334411.11937398283,0.4798784834805647,0.00516598414479766,1,1,0
227711.22671347528,1.018586966388333,0.016103347787994684,0,1,0
164570.38277410608,1.7028796871055936,0.03725072987157628,1,2,0
21962.345649586656,4.439090574824993,0.7276420435387666,0,3,0
6321.884657137479,0.08092334465945594,0.046081834227255834,0,3,0
53208.55614869578,0.10512403609801102,0.007112512673624127,0,1,0
301780.53626841,3.57076573196087,0.042596374153255,0,1,0
92320.90896063148,4.39708655132198,0.17146182552762046,0,1,0
105787.84448167222,2.08204639738903,0.07085281931327264,0,1,0
25968.04175460058,1.4897871447917954,0.20653208170001097,0,2,0
4232.196843125375,0.8356243075939968,0.7108004704991155,0,1,0
179758.15578984583,4.0020503166255175,0.08014869242815022,0,2,0
89237.93010416109,4.834925090140187,0.1950485662788032,0,3,0
99964.96961122306,1.7849184607005646,0.06427958197268954,0,3,0
1098.9420400546858,1350.371642071173,4423.65268983095,1,21,1
277565.3680176188,4.765338931352291,0.06180605410318805,0,1,0
71841.57275748099,0.5328144187052586,0.026699469871213147,0,1,0
4199.018665253947,69.67845315132817,59.738346347553346,1,1,0
138161.01896057214,4.179745554557842,0.10890976419841192,0,2,0
36332.39320359048,0.6683512443235107,0.06622367169930506,0,1,0
286308.74513764976,4.888564064127499,0.06146801636253876,0,1,0
33772.236260292906,2.3850306317886454,0.25423576360959216,0,1,0
2691.814867640723,0.153932844303733,0.2058678871846555,0,1,0
7068.814359135178,2.935516775315187,1.4949975843512715,0,1,0
13104.611008875676,0.4233807762134495,0.1163079768896693,0,1,0
51933.250319984625,2.0032892421897666,0.13886751219012272,0,3,0
61533.596210352625,3.471779444976355,0.20311515613664233,0,1,0
25777.237827861714,0.1658637851759448,0.023164220721430685,0,1,0
144388.64701365435,1.2353332271210444,0.030800202852619037,0,1,0
159514.32642543555,1.1608927509180256,0.026199614774152915,0,1,0
15068.697580737706,2.268012903971282,0.54184155004436,0,3,0
105346.98404795268,0.44849648504127315,0.015326374653626938,0,1,0
58518.75317340631,1.9270155925900978,0.11854757248103791,0,1,0
162830.89290726805,0.6531198343464589,0.014439713261206981,0,1,0
43418.92787927571,0.030353114069061604,0.0025166722437837533,0,2,0
32874.25417271387,1.1662882072699898,0.12771810804020906,0,2,0
256.1336680531408,1495.0417967528647,21013.053493590938,0,49,1
120953.29348205193,0.04054098443106613,0.0012066438188679416,0,1,0
58282.978956664694,2.0700034144236246,0.12785915245454188,0,1,0
1262.8978177484591,448.19861635905596,1277.6291131528249,0,65,1
71071.19832216598,2.9638535987151116,0.15012935207603834,0,1,0
40733.1974508256,4.2554594111607225,0.3760975037295554,0,2,0
35082.264016944355,4.012717844882784,0.4117688708630909,0,1,0
46346.30715602048,4.655790455553111,0.36164360589868344,0,1,0
6282.15496658605,4.660650366505818,2.6707939248017154,0,2,0
238807.3923970752,141.39538789065944,2.131522777820877,0,2,0
37726.7843750095,3.6919581846802876,0.35229743761710913,0,1,0
95435.9493261061,0.9874314082601615,0.03724752669028246,0,1,0
16821.82275748172,3.361262500371067,0.7193361370992909,0,4,0
38266.228440078485,8.521883405394034,0.8017194667475204,1,3,0
90511.90858556234,2.0082656288219014,0.07987629889523809,0,1,0
179488.741285941,1.9271208904332215,0.038652202672185144,0,1,0
71003.21380454827,55.778816494009355,2.828093668142818,0,2,0
29372.519374361218,1.3701234701924292,0.16792718492504233,0,1,0
349.48269709476756,299.3003285862329,3083.074475124195,0,32,1
14700.432071894598,1.614505342889505,0.3953774423756197,0,1,0
182211.94802204697,1.6946810996851314,0.03348217295897793,0,2,0
3993.891492524491,0.5422180887563094,0.48874265191638633,0,2,0
63376.25704511584,20.950872747628175,1.1900851424180785,0,1,0
67249.57142148883,2.760383481406239,0.1477686819857871,0,2,0
56365.41942691755,1.7045820459604522,0.1088698607736629,0,1,0
62004.48889366776,47.162811061852224,2.738287547436062,0,2,0
161010.64986440475,1.5207762724273255,0.034002686066722757,1,1,0
33236.07392446736,4.423374924766749,0.4791224669119969,0,1,0
79297.99070707643,53.46083612191723,2.4270351407747244,0,1,0
24671.723156163618,82.84777622957186,12.088818950286731,0,1,0
273129.97611831693,0.2139163412363393,0.0028195324416431795,0,1,0
53129.14432826643,0.5286763396322525,0.03582280209364347,0,1,0
664.9688579098549,1378.4773515442137,7462.783266508854,1,10,1
27396.53630362602,2.746865444561861,0.36094765742755214,0,1,0
56001.47410014064,49.01479270774276,3.1508680188015052,0,1,0
91698.3029762906,1.7340110989400186,0.06807585040911941,0,2,0
204.44160079946835,773.1247441416688,13613.9076784085,0,43,1
79013.60384908138,37.18215560622122,1.6940849886820168,0,3,0
634.571909615972,811.3354658999046,4602.80014444267,1,56,1
1628.0600459883708,809.4560962689503,1789.8860387542709,0,23,1
174995.08421504614,3.2553956271587094,0.06697001981706932,0,1,0
65968.38668514197,3.3253871999921403,0.18147167941380044,1,2,0
63449.47543530394,0.1277714232468974,0.00724950238805118,0,2,0
61872.455671002885,36.35961418969821,2.1155554545778044,0,1,0
110650.11969645589,2.8811470588896713,0.09373807674547897,1,1,0
213087.12163995733,0.37339716408354817,0.006308357728779365,0,1,0
44640.05313921959,3.3112377376074016,0.2670349835429215,0,2,0
204423.1598170928,0.563489302191626,0.009923344740903646,0,3,0
67636.37401843506,2.670046586535946,0.142115361017276,0,1,0
45705.06007500674,4.021168945161133,0.31673097418148277,0,2,0
66902.88077866267,0.7536554213796887,0.04055370240248589,0,2,0
1408.4028652950408,133.60918709096904,341.5166820373709,0,36,1
14314.253482293982,6.703170366994904,1.685831073973296,0,1,0
3438.708674941263,3.719326404440855,3.893779997578826,0,2,0
1088.0040650276198,746.5946664697561,2470.340769565867,1,12,1
192538.25613428003,19.51821887351941,0.3649435148912185,0,2,0
49153.70582793106,27.048677499469882,1.9810355568909954,0,1,0
1666.7974333401166,153.50451698377412,331.5437437614672,1,42,1
1239.9486145259286,679.6621416259163,1973.294442357824,1,66,1
1671.167729652007,1349.6621191388308,2907.4182936212824,0,54,1
104854.75540460722,4.463076670445158,0.15323173423660094,0,3,0
25799.820068634133,1.0223336009878774,0.14265219500622675,0,1,0
119221.26057019376,0.6040927827031051,0.01824115939833368,0,1,0
44167.90702433445,3.658860125434937,0.2982232425980402,0,1,0
1406.5238515029148,0.5792601915068379,1.4826173670616172,0,1,0
37811.83293552971,0.3767205878657537,0.03586692342127567,0,1,0
35151.55112232602,2.4478045311380288,0.2506886902780237,0,1,0
51227.783491316026,4.4507032060081055,0.31277034549709276,1,4,0
13755.768415905199,7.054801023549305,1.8463006149050694,0,1,0
70065.20707469087,4.460127845149867,0.22916452991315683,0,1,0
83485.45828482334,3.934784052395207,0.16967293322264498,0,1,0
47252.545179558845,0.5056259409082914,0.03852180618743219,0,1,0
174.74543713133738,1273.3793947707643,26233.393537648288,0,8,1
844.7042424005565,834.0474910845404,3554.582559419104,1,25,1
246286.48585098662,18.995695796443034,0.2776624329626041,0,3,0
28249.48847292684,0.028441117646885172,0.003624420443113904,0,1,0
44791.74952605884,2.439788198953744,0.19609052133861365,0,1,0
98225.76988493238,3.512485584119559,0.12873350972604716,0,3,0
173699.9016360539,4.961325349672593,0.10282545407679192,0,1,0
31714.050250402463,1.2717976940319091,0.14436729658826122,0,1,0
40461.28770242553,3.270841559959661,0.29101964580205153,0,1,0
12042.807579240818,1.562029488398159,0.46694312113121605,0,1,0
111884.54794419304,2.451014271028141,0.07886389620220356,0,3,0
1060.5380444853927,1248.2417203937348,4237.160766446544,0,13,1
57744.87648278958,3.523979180660933,0.21969611544948792,0,1,0
15982.127359822363,1.2677538307298242,0.28556359787875535,0,2,0
7862.955102333567,2.2768386675178176,1.0424349492510203,0,2,0
41909.34605213946,42.09878562839343,3.6162728016243877,0,1,0
184132.0899512056,4.929006753742609,0.09636790805000696,0,1,0
585.9295621902746,429.4065668996749,2638.309688728124,0,19,1
181746.4535762156,55.53373479357203,1.1000019055283627,0,1,0
64814.37683018733,1.5934862864269865,0.08850737925270541,0,1,0
1307.4131194850088,1236.2106122395894,3403.9418281312046,1,63,1
730.1100177056998,503.59601258167976,2483.112957402028,0,67,1
49754.18416089141,1.5988864452444984,0.11568858579344593,0,1,0
7512.65052693579,0.9724111536523017,0.46597138261615906,0,1,0
11521.420793294861,0.5610068338282143,0.17529301620134694,0,1,0
27747.015193598436,4.983004560274552,0.6465133742070781,0,1,0
291514.4986138524,0.03244041890263227,0.00040061646540665984,0,1,0
17932.677895015255,4.622150458921311,0.9279005483471082,0,1,0
105194.1804947439,1.3575828886653567,0.046459779202704866,0,1,0
23519.124472310938,1.7853306937665303,0.27327507472169044,0,1,0
1362.6456387406402,1387.5614166809462,3665.8254780516527,0,61,1
151121.80344754283,2.58338196302671,0.061540921658762626,0,1,0
77636.67625850378,4.182229481298064,0.19392929808769216,0,1,0
12952.431848185308,1.074961117941956,0.2987747837587137,0,1,0
83751.56278284405,1.6429608151402741,0.07062147544447452,0,1,0
1410.157596406661,690.5586531993961,1762.9314325240214,0,56,1
23434.508721770795,1.397212111179471,0.2146391742180296,0,4,0
67751.04532906464,0.48851483841574117,0.025957583528858418,0,1,0
80862.76125603255,3.226529645088026,0.1436446955544738,0,3,0
1733.9923080128542,769.2673500032748,1597.1019290076688,0,9,1
455.02421607876596,3.1283359031579656,24.75035141738301,0,2,0
12259.843776530448,1.5745477376335815,0.4623526986805577,0,2,0
46913.0959142558,4.043711145105599,0.3103048272274973,0,1,0
20373.586913151634,0.9500464741562614,0.16787261475075563,0,1,0
98510.64435241831,2.830929921586876,0.1034542793289786,0,1,0
130966.29847005196,4.977746323697846,0.13682822966406114,0,1,0
39450.17360574619,2.9209731766728093,0.26655151232314117,0,2,0
121944.81804909755,0.23320725462905534,0.006884639545130817,0,1,0
63677.55342156185,36.53285255436739,2.065378805071823,0,1,0
114292.81189504164,0.5357834846346171,0.01687613168933067,0,2,0
103285.4634755453,3.062447535485417,0.10674116915162825,0,1,0
397545.793304556,4.540947978482514,0.041120829343082636,0,2,0
43607.9769186407,3.9016912381257853,0.32209906190921406,0,1,0
90752.84728899204,0.7308267690591863,0.02899056555476467,0,3,0
169718.6508863558,3.697064446989808,0.07842056214596797,0,1,0
113293.24529403249,115.87355787058542,3.6819918720792426,0,1,0
25950.188185524865,1.1174715712792,0.15502383365563072,0,2,0
229028.91524530153,1.6608962495165662,0.026106862934121594,0,3,0
9673.974141601704,3.4874951801854728,1.297810234438873,0,1,0
358.0577612013919,456.30992797134735,4587.851231558403,0,28,1
196214.1644110901,4.177853549822802,0.07665232948142864,0,1,0
49000.62272295532,1.4350008953948494,0.105427297375985,0,3,0
7661.694176002498,1.5032782028037206,0.7063452815754401,0,4,0
17984.96879125852,1.0928389330626098,0.2187504579344946,0,1,0
56257.075133158236,4.424968066975129,0.2831623400862037,0,1,0
1573.919415663332,1.177234127758322,2.6926682635424672,0,1,0
1799.0602111255769,2.121945090362552,4.2461070941732775,0,1,0
148632.76036547724,2.62815957299752,0.06365605025114406,0,1,0
408.5364553861375,989.1638319623737,8716.4554059167,1,6,1
28578.894397934284,26.22874245078911,3.3039582115417954,0,1,0
44068.066647244086,0.1223235137946671,0.009992828893217193,0,2,0
71185.87955813561,0.43469780346127085,0.021983462200288652,0,1,0
524.3478714985589,169.6941783701252,1165.0644073113774,0,44,1
23012.807962990504,4.869703833333909,0.7617902964382073,0,2,0
207631.35947839404,3.1983213339492096,0.05545384296063085,0,1,0
41600.720349881696,0.8318136215586092,0.07198262463788103,0,1,0
207502.5526441696,2.900974516239885,0.05032954113278966,0,1,0
13891.987417724953,2.9500623413684797,0.7644856066725237,0,3,0
149417.95832809494,0.6911604339266858,0.016652466610957692,0,1,0
32892.62258332079,0.741095549017583,0.0811107101510404,0,1,0
21116.89990999135,8.316445397232075,1.417784028794392,0,1,0
56147.62425115564,2.0510250264176615,0.13150494243666255,0,1,0
61094.12106216508,1.7907343320084657,0.10551986808470204,0,1,0
204893.96048166012,4.863097316114865,0.08544493110903854,0,2,0
161595.28709224873,0.10694423337539893,0.002382490523573589,0,1,0
33919.40820918406,1.6933980222851548,0.17972698234092227,0,1,0
5081.807574454376,3.054111035819633,2.163560813325595,0,1,0
61346.833765910276,2.979037661949848,0.17481807820665315,0,4,0
140206.95867429578,75.20697552969521,1.9310390473261057,0,2,0
534.6609574190542,802.3471511916357,5402.395114528612,1,63,1
882.835249521921,488.7866613812862,1993.160084993795,1,67,1
1688.2559842773826,1.5462805523664276,3.2972547056611163,0,1,0
106.86396437087444,1177.6444335780227,39672.11946365294,0,76,1
103204.27523731969,3.7647429983155534,0.13132280385449638,0,1,0
63071.577531901734,3.655178791641554,0.20863032390864053,0,2,0
102356.82863232079,48.97723929655684,1.7225823017725796,0,3,0
47068.067234306734,3.193126995512128,0.244226242106348,0,2,0
154971.2234667849,3.5833120906684846,0.08324076714262629,0,1,0
101365.9484121527,1.1192119428169915,0.03974868343123119,0,1,0
120614.50176669506,3.628488473915704,0.10830006603487427,0,1,0
1973.9059843520715,112.8873067364925,205.88331332546755,0,1,0
55978.36232422793,1.2587969327272401,0.08095393951631769,0,1,0
40937.61830104727,1.464064275523922,0.1287478756855595,0,1,0
244217.84613969838,2.1117593635036727,0.03112931273771249,0,3,0
4759.633165062237,0.6139239905957539,0.464348047317595,0,1,0
68969.43704627779,3.8849894201115074,0.2027849220085266,0,1,0
7940.701538020499,3.9380057323082216,1.785336039697529,0,1,0
4343.263104864819,2.6019611299648115,2.1566872284070078,0,3,0
533.4855923163625,834.953639282607,5634.328545530607,0,44,1
73446.4806367075,4.0873821965246036,0.20034419321290714,0,1,0
373006.58141182305,21.2601948599021,0.20518860875311518,0,1,0
195015.1341490981,1.8166689095813215,0.03353590019066222,0,1,0
122732.07818181095,1.0097873719284496,0.029619269817604738,0,1,0
157214.87980827168,0.3465813068565843,0.00793622528736022,0,3,0
1053.7767015315803,716.5745930708644,2448.0219873012657,0,44,1
18832.743881319428,23.828192872149558,4.554912172135828,0,1,0
33723.79301185518,3.4781387270151236,0.3712897719676057,1,1,0
71769.71648059855,2.183612790778333,0.10953096141778766,0,1,0
37763.61437390478,2.5106404789281243,0.23933900062243119,0,1,0
9347.019337734528,1.520351423901285,0.5855626192992559,0,1,0
26623.318103990587,2.073438548247158,0.2803699653264079,0,1,0
54430.61546611596,3.1202922138867435,0.20637378199379455,0,1,0
27027.34235596116,2.812905268823314,0.37467461041468014,0,2,0
65713.28223835232,1.8650354993928038,0.10217307017873352,0,1,0
190333.81572669465,85.91399993858332,1.6249892253671738,0,2,0
28056.386119547395,1.940245154744119,0.2489587407058222,1,3,0
225408.7101063966,25.8977753092783,0.41361308118659146,0,1,0
96501.05803073758,2.2560270410619827,0.08416174406332633,0,2,0
159942.42171842235,0.8900797361076312,0.0200340035842936,0,1,0
919.3520745100603,723.6089094331649,2833.50867005727,0,38,1
97748.11862777127,4.626640269320818,0.17039616929080031,0,1,0
173205.80859620761,1.6415435517895598,0.03411869864144849,0,1,0
35811.635366258684,56.74442370741318,5.704289213755306,0,1,0
12042.254337589831,3.7307525191339397,1.11529857220822,0,2,0
11932.897073198714,81.70162357968303,24.64831826526565,0,2,0
142944.95703068597,0.753272443303169,0.018970804232773815,0,1,0
784.3985858107202,156.46981716158047,718.1187625414907,1,33,1
66224.665986239,1.6588875450232359,0.0901778072134722,0,2,0
14889.712388839183,1.8893299578086102,0.4567977990769811,1,1,0
74092.80701451682,3.1140946142909867,0.15130673358415292,0,1,0
164244.73021207014,0.2639167525784558,0.005784662363630704,0,2,0
208845.3782642455,53.86402365981671,0.9284882758094427,0,1,0
7359.383350405813,4.499916384393271,2.2012304852854943,0,1,0
522.8227585437337,412.0892673448064,2837.522541240346,1,52,1
268.0394377704322,742.4556633361957,9971.817618493562,1,41,1
128755.4804241843,0.5127406296232329,0.014336215130901154,0,1,0
17997.858614730085,4.456147205157337,0.891335479512933,0,4,0
41798.25394549437,2.6357729479031695,0.2270138514595596,0,1,0
8027.3424391357585,2.254518265465741,1.0110775536505558,0,2,0
133839.42834746133,4.066716645225542,0.10938615102871249,0,1,0
5213.631226527908,0.5770711954565899,0.3984662921829312,0,1,0
129425.26908888592,4.101464803045887,0.11408338877645899,0,1,0
37213.383650664466,1.087301718019475,0.10518490394786281,0,1,0
249.93044617729421,890.2681514477613,12823.42905489162,1,79,1
35713.45045793145,0.5326834680418596,0.053695749370663494,0,4,0
43346.00114927685,88.34887566222272,7.337607713538945,0,2,0
58824.392802488015,3.2914189171307866,0.20143188118330504,0,1,0
217570.76881912467,17.158442843371517,0.2839094358649331,1,2,0
956.5828442922888,630.4006857735554,2372.44738636705,1,15,1
70781.3254581343,1.375383925689615,0.06995322707556889,0,1,0
42505.21361026552,3.6305303418470922,0.30748955529288274,0,2,0
174267.5999163166,0.4913260290666016,0.010149756497990057,0,2,0
26671.784759670212,3.732833369016965,0.5038358043733415,0,1,0
74622.85044043351,2.8537187086665994,0.1376707977591974,0,2,0
732.9618158501589,468.0062473041733,2298.649743903516,1,9,1
134425.4368894674,1.328731880933307,0.03558429774933988,1,1,0
74066.89988794154,3.897441732357669,0.189434015163525,0,3,0
57735.37169755545,3.9109754253403697,0.24386283689278587,0,2,0
97734.38498097523,2.4561728441594255,0.0904719689052644,0,2,0
15377.229475250568,2.4123772220891624,0.56476740582552,0,1,0
21765.99833713994,1.951445504196669,0.3227604682446706,0,2,0
132073.22347867742,42.656107898309514,1.162703418522272,0,1,0
4538.412187358825,2.677683388985974,2.124016021991032,0,2,0
1488.324489115306,352.25508569142414,852.0442401931621,0,42,1
2138.686541960478,1.4352830305957787,2.415977661414717,0,3,0
77704.19094273118,27.886591983548854,1.291973186037876,0,1,0
108282.59784030878,90.55329048570458,3.0105654301838727,0,4,0
19423.42681541183,4.6753830799023435,0.8665504417734007,0,2,0
1303.6162877624306,833.8159432155644,2302.6234205222395,0,35,1
60607.03933950311,63.51834297409557,3.772928643252527,0,2,0
128494.5360899742,0.6137002733731023,0.01719389050594464,0,1,0
18702.91946231453,0.8830684628706142,0.16997594801922955,0,1,0
29742.866556660545,4.390575984928507,0.5314240144147454,0,3,0
144001.71307838612,34.45158836465837,0.861279463010678,1,1,0
174344.9961951621,8.192696884704194,0.16916865656367785,0,1,0
39885.913823282484,3.081977623884296,0.27817137386249235,0,1,0
7480.32271068734,0.8807056693708831,0.42385075248228826,0,4,0
148282.26292169938,4.6040329350390605,0.11177681159946158,0,1,0
586.8558937556361,667.4952628501864,4094.6729373076064,0,76,1
10385.440073274154,3.7714116651760805,1.3073188905661393,0,2,0
1112.0330446649762,4.739469113423375,15.34314909991229,0,1,0
91257.4580314265,2.8026109244754496,0.11055972350925129,0,1,0
37954.89445345036,3.9497413488351922,0.3746307046972721,1,1,0
72323.56115205413,2.725042078619703,0.13564253926055886,0,1,0
26310.874099950288,0.2012042920919016,0.02752988930657436,0,1,0
304914.26630539284,3.584994290415594,0.042326584458891474,0,1,0
39183.59531868825,3.1817215765904465,0.2923212528755021,0,1,0
97915.13678053433,0.42521810653035563,0.015633795078490893,0,2,0
25995.67362748579,0.23276511045212256,0.03223437905996995,1,1,0
205202.00710497485,4.2123320360631284,0.07389983920610307,0,1,0
51142.399164610135,2.210138042152119,0.1555753559026112,0,2,0
11938.601007554738,3.5221591032379767,1.062081961163872,0,1,0
33442.17586115437,2.3516980731299104,0.2531567652301509,0,2,0
29457.57719305578,4.352025849710499,0.5318595265414816,0,2,0
149604.81423576875,4.420972356141847,0.10638361180696175,0,1,0
7216.957259105253,1.0240076246958347,0.5108007871674777,0,2,0
308.28438963171374,1015.0376550021929,11853.13198106865,0,13,1
48543.50050518372,0.718706280098596,0.0532994650453495,0,1,0
156659.67446824373,3.998930957300531,0.0918944297257565,0,2,0
17625.840210139562,0.16488471841296704,0.03367697535038423,0,3,0
322297.98330389697,4.190745826881785,0.04680974054544142,0,1,0
41360.129677070785,0.5513242458151227,0.04798745314463452,0,2,0
24105.6037322094,25.61326460342805,3.8251583987143585,0,2,0
53.93473125118747,1034.2779955542453,69035.30800319517,1,8,1
22916.631552249397,1.2701057454778137,0.1995223719199397,0,2,0
26956.297101147826,1.9282934488804133,0.25752262597201814,0,3,0
1134.5860561045488,1474.1655665978062,4677.473349155172,0,54,1
1203.3469125904612,920.2144551736418,2752.965087593619,0,30,1
60361.28327609949,1.4669483779148917,0.08749009089713418,0,1,0
8500.050109142667,4.319679037299774,1.829500336421861,0,1,0
52340.45425080019,0.9334196295715835,0.06420102222185677,0,4,0
39773.005443230344,0.5324088164235319,0.04819026668378027,0,1,0
175.44610084319106,1352.8960179924309,27760.238850368096,1,69,1
218085.67604992024,3.1621779147014517,0.05219893712927502,0,4,0
131568.45901075331,2.2404555639795993,0.06130375084553767,0,1,0
298279.807294269,116.20773693537913,1.402534944494725,0,3,0
54255.98800678945,3.0887025031249897,0.20494196898337783,0,1,0
97144.09690465046,1.158404827116823,0.042928572198409364,0,1,0
789.127767823722,725.5870829349597,3310.1274661384837,1,52,1
32225.8041130983,1.268484149979054,0.14170454595634144,0,4,0
907.0135343700913,586.7996452439211,2329.048732823159,0,45,1
15368.487861495352,3.4347622069271915,0.8045777864664143,0,1,0
65860.76832889656,10.437061189360248,0.5704977520769594,0,1,0
21606.2827015616,128.14281079017732,21.350924877572613,0,1,0
223408.69371046624,4.742260447726732,0.07641662161071237,0,1,0
69317.76413322597,8.277265024917554,0.42987760009731907,0,1,0
16844.26046742468,1.6640918054583598,0.3556541120481746,0,2,0
287404.4246673771,1.3845084487046884,0.01734221879536231,0,1,0
85.26965448066152,885.6620793117518,37391.77207813603,1,42,1
232832.55371080243,1.4786195247583733,0.02286205345555671,0,1,0
25628.58629216812,3.414909961634884,0.4796860709262932,0,1,0
32035.342438418164,0.35949709328748025,0.04039880448672467,0,2,0
27058.370143266515,3.72610063345759,0.49574169506234633,0,2,0
183014.68284089625,3.039785919050226,0.05979426972039345,0,2,0
1351.964932436316,165.5023004725752,440.6980295173715,0,18,1
49419.55971849899,101.75787877168028,7.412618923857451,0,1,0
213484.7588204458,0.4515928014953652,0.007615223186731845,0,1,0
18052.76845320002,3.8063571481268017,0.7590462243383796,0,2,0
10687.394176464162,2.2342062723264844,0.7525821961435648,0,1,0
68170.61787851364,4.1550339449488725,0.21942183696314296,0,1,0
54635.953260214126,0.44750320447753233,0.02948628952159702,0,1,0
227031.35344890357,2.6903977143702713,0.04266120791070742,0,1,0
290938.0556565068,0.8405343060306686,0.010400576490010418,0,3,0
904.2444023857455,493.95802476863486,1966.5578072425762,0,6,1
34883.87502323554,4.953662181878883,0.5112156789601386,0,1,0
96449.40418207255,16.7477632260234,0.6251147752024264,0,1,0
14936.29734140363,274.67132597918527,66.20226893743289,0,1,0
19382.500099331086,1.078045315410952,0.20023026521812654,0,1,0
49756.70785396312,4.429511888412819,0.3204842821411873,0,1,0
16364.002286408233,195.11146380754693,42.92356218323044,0,1,0
29284.823184352874,4.264621790892249,0.524252386656551,0,1,0
122865.42384266369,186.26335204160267,5.457581526015369,0,1,0
57983.7871575655,3.645067106464843,0.22630880503915646,0,2,0
21438.35614314258,2.6480242703298056,0.44466503446144845,0,1,0
987.4434124045364,1324.9132969640355,4830.340462200054,0,15,1
328.0042484189863,354.1482539100499,3886.9426851069434,0,48,1
48427.066221775945,0.10383943355195602,0.00771927746097795,0,1,0
118573.69246392431,3.217760614937087,0.09769399917522087,0,2,0
84515.20610976445,2.7631729091459696,0.11769979546646596,0,1,0
61592.6053771083,2.898825044502546,0.16943219232755102,1,1,0
25278.366368309205,4.67573353125185,0.6658911603405384,0,1,0
6920.50966149867,44.61639143816697,23.209130112336016,0,1,0
114093.806715041,3.196693817507029,0.10086522725784546,0,4,0
93678.61750910104,2.641723467182771,0.1015194794151829,0,2,0
41840.92318730474,2.1711834830569785,0.18680898851143685,0,1,0
45709.10522705765,0.9897489152447508,0.07795156079257305,0,2,0
67941.39828894605,0.16059878033907238,0.00850962187680976,0,2,0
146942.12602088292,2.751574209342951,0.06741203099393611,0,3,0
106744.89287160184,1.4357213538406572,0.048420085821280615,0,1,0
66741.88292787313,2.0515681382146895,0.11065982818546534,0,1,0
74911.44457277072,1.5299820437861826,0.07352595306421733,0,1,0
6853.70444413239,0.7640290465914162,0.4013164836840706,0,1,0
128748.0396568146,3.6138101641984837,0.10104788100690852,0,1,0
11141.174383711597,4.524976129861624,1.4621361722259467,0,2,0
91772.83036939838,1.5302959910808793,0.06002937411558968,0,1,0
69984.4177056226,3.010247717746754,0.1548472094098408,0,1,0
152324.59662027517,2.7805777074360654,0.06571545219137277,0,1,0
1154.4591849070111,191.2811023554566,596.4801332799909,1,60,1
1672.1555560233853,0.11460786574818471,0.24674039159051472,0,3,0
3229.9669000193085,0.25565819053348593,0.28494703333184235,0,1,0
20358.085224822742,1.0259141669758036,0.18141642302438346,0,1,0
19566.396175519316,2.6781582642361594,0.4927514328526714,0,1,0
22593.396786191755,3.9769158706130896,0.6336761696212532,0,3,0
193992.0878053146,4.825001047383595,0.08953975374507554,0,1,0
29916.867539190273,34.21323859596539,4.116997168374302,0,3,0
59142.15905396048,3.056850282797866,0.18607134392966307,0,1,0
281529.10995687614,3.151194061914522,0.04029529530580325,0,1,0
22112.757566048076,0.42733011482573746,0.06957017498960402,0,1,0
793.2210196935143,693.5099147122636,3147.4653734324916,0,50,1
306348.4701427265,0.22888169714362805,0.002689662884013016,0,2,0
874.4492798188178,2.875428529461864,11.83778515799968,0,1,0
67763.99782015877,4.288279941209137,0.22781725230149244,0,1,0
28127.46796918069,110.0400060323893,14.083884911029216,0,1,0
4007.704795374201,4.896486551442274,4.398365769239827,0,2,0
47792.075005260085,2.609137371819225,0.19653665461303804,0,1,0
49577.508688023576,0.4883315906306146,0.03545950114865071,0,2,0
11664.086860440582,3.2831097473656454,1.0132979316710853,0,2,0
147872.21681224694,1.225660824172568,0.029839134505054682,0,1,0
4545.158980907281,3.0732331624145193,2.4341589438712665,1,1,0
15659.571937536732,4.236047437866943,0.9738306281391113,0,1,0
8521.592417562393,3.4431464495027164,1.4545787466511417,0,1,0
169014.5075747105,4.978741135297648,0.106046920730451,0,1,0
1026.6675366535553,1082.3892177631799,3795.3875474123806,0,5,1
88689.92908198408,4.25390191315341,0.1726695132791923,0,1,0
390643.87915450346,35.16278210584264,0.32404453860895516,0,1,0
13921.335938542266,4.217202218323701,1.0905510830992171,1,2,0
20049.189816492104,1.0471419306946679,0.1880231064199865,0,4,0
523833.0039230079,3.9919807450149545,0.027434565165668865,0,1,0
117710.60054543076,111.65105770513644,3.4146780823139182,0,1,0
56916.4745496057,3.7332571641879753,0.23613067916501546,0,1,0
444054.5126947111,2.376137335008701,0.019263613276040033,1,1,0
48923.70802429476,3.4007927337943933,0.250243784375056,0,1,0
617.840748094501,464.87447205257115,2708.7046371588312,0,25,1
106132.49851707144,3.2048219799866597,0.10870712825154293,0,1,0
2068.900538087993,0.8749841437529199,1.522520227299849,0,1,0
899.7623266811531,821.5543960494582,3287.0856425911757,1,47,1
640.066762158372,70.84785619672782,398.47762356563743,0,1,0
941.1635109164714,1.4076752005344717,5.384431783792192,0,2,0
61937.02430935789,3.0304467027826836,0.17614033369648593,0,4,0
25393.99528294988,1.0601392525111448,0.15029148688558705,0,2,0
111769.385962546,1.977445380917851,0.06369188942032641,0,1,0
219305.76974152005,3.0633426486973967,0.05028610760359191,0,3,0
37351.42430650144,2.87078333215776,0.27669145655495236,0,1,0
53354.50506703855,0.8543521691923772,0.05764588773203052,0,1,0
353.6616142950696,1449.7857544792816,14757.690699706154,1,72,1
130241.7388940396,0.4750138091146533,0.01312981327901336,0,2,0
85723.25954611154,3.4487732048887447,0.14483331132457689,0,2,0
86672.12478795549,3.966077680065945,0.16473439047638933,0,1,0
97400.62901271,9.01841311701797,0.33332728495036823,0,1,0
7867.705457003015,1.0861673729621735,0.49699401738322174,0,1,0
156436.87130549457,1.3362348753552618,0.030750075165367898,0,2,0
49490.56510949726,3.481109575024335,0.25321987013809044,0,1,0
132570.34338615925,2.665216439442916,0.07237500437066999,0,2,0
78232.58573621367,3.0704536898785086,0.1412919332723261,0,1,0
64901.60993271948,4.157681432546768,0.2306206760153507,0,1,0
1349.0760698704714,1227.253888405767,3274.9183659339215,1,59,1
94252.71372292287,73.29478699438681,2.7995080752313632,0,2,0
553.0590962125093,680.0547703769555,4426.646609960713,1,20,1
55112.81404551148,0.459251686146005,0.02999857834804694,0,2,0
631.6241642511523,941.4435561041029,5365.844110782194,1,47,1
85027.26803659591,3.07321409467443,0.13011791389164903,0,1,0
1647.5633222684287,753.3163007930893,1646.0300166922991,1,32,1
78956.16841866655,1.3178194459275872,0.06008586916456445,0,1,0
1398.0509082221681,1.6598847608061655,4.27422571221033,0,1,0
229182.84256627547,5.4372949487304965,0.08540893199616054,0,1,0
79018.90766859938,41.64317113441019,1.8972094212262849,0,1,0
252137.2707834425,2.509490902013323,0.03583035232822558,0,1,0
12844.96001585197,3.1980087425655803,0.8962917330243224,0,1,0
1401.0392775303749,784.4882945418516,2015.7592336232253,1,18,1
17276.596724872168,4.021792556681662,0.8380384999790005,0,1,0
120051.36923864995,4.940278593120545,0.14814494035365128,0,2,0
91192.14405648549,2.971658669632979,0.11731242116702811,0,1,0
82.26723602700473,987.5258612521086,43213.96065063629,0,72,1
15003.914633266348,0.26887563974357875,0.06451331713996566,0,1,0
21603.13435476897,3.3945151042985344,0.5656704335024912,0,1,0
28376.81938400925,2.035821492335625,0.25827268635110756,0,2,0
8383.325811482886,65.86077074352485,28.2821853770646,0,4,0
1157.184190954325,3.031726527423059,9.431701179500305,0,1,0
15013.924002143836,2.897028155433273,0.6946419442425967,0,2,0
4070.9541686977736,1.4281329984178854,1.262917385274566,0,1,0
19404.436707689,2.9122806523478606,0.5402996493218447,0,2,0
121158.03223529145,12.005681357594925,0.3567279204684234,0,1,0
267106.9943125357,44.30850517603297,0.5971787412166341,0,2,0
16213.994798800459,1.230393024761084,0.27318467435721633,0,1,0
58606.552640722315,3.6813994939171075,0.22613577460095843,0,4,0
13699.565220804743,2.0842032963018386,0.5476912402513361,0,1,0
26732.80906507919,4.075722987128922,0.5488612408050599,0,1,0
107573.87099455863,3.182970138091502,0.10651929126645464,1,1,0
77810.98694874575,35.479817119738044,1.6415077952319408,0,1,0
10469.052724933583,0.6087599882383921,0.20933469486104958,1,1,0
44664.06020176595,0.32620227087741593,0.026292463556912955,0,2,0
63123.2199385872,1.2550308938718664,0.07157605746877939,0,2,0
187754.4306586569,2.5352382952383907,0.048610612441157795,0,1,0
114004.31681430602,0.8045167902628675,0.02540483137725256,0,1,0
20991.32462875727,23.55667779905069,4.039956580939364,0,1,0
200491.87147037988,37.01060904416104,0.6645565806824443,0,1,0
90338.32186311859,1.3833497108954096,0.05512675967978797,0,1,0
453.9154672985922,1340.1902529487325,10629.038352292342,0,8,1
137896.86339140873,4.926036629555469,0.1286014157991685,0,2,0
61904.86092471175,0.630549906684032,0.03666884361186512,0,2,0
27281.189995846344,1.5908760475435157,0.20993049687453647,0,1,0
349.7905423905915,692.5357645992144,7127.490456197739,1,43,1
52479.071194475,2.345830242836993,0.16092108114715,0,1,0
14632.472449054761,76.4472388981194,18.8081720974645,0,1,0
113608.59931890297,48.72127642695807,1.5438672441045171,0,1,0
38483.45728129901,2.874150134278453,0.26886722800839713,0,1,0
1274.1707467035467,304.55590481405056,860.4822078729413,1,21,1
118970.090899081,3.682198210566345,0.11142223610876673,0,2,0
260338.54071167344,3.3083753035876518,0.04574870497605698,0,3,0
101927.20531926258,3.060396591019296,0.10809113909441558,0,2,0
62522.600178137036,2.0734507708289316,0.11938759350565718,0,3,0
203725.190457556,23.092934526780684,0.4080720902000123,0,2,0
76615.73590555468,1.0646297524130062,0.05002454213076287,0,1,0
48989.49645390546,2.9909693925894674,0.21979180421773237,0,4,0
30018.764607966335,4.54520470657118,0.5450836221059521,0,1,0
227776.3264282289,1.2068531900200197,0.019074289028192987,0,4,0
35322.88046354912,18.642978192063218,1.9000353484955892,0,1,0
136560.01110359523,0.11046873552387426,0.0029121808402919596,0,1,0
38537.57048609166,2.7676448105806677,0.25854046304466116,0,2,0
354734.2313651422,0.29215495427287574,0.0029649177958800824,0,2,0
465385.8081581451,0.8510731744100242,0.006583491318744597,0,4,0
266.9621543103751,1378.389295550573,18587.658901691793,1,14,1
54490.80279749013,2.4132620915643836,0.15943504378012105,0,2,0
138478.6755287187,3.539460153489666,0.09201457555766597,0,1,0
100882.08972676459,26.470068260504426,0.944590323177399,0,1,0
36108.357259045006,42.773022346027,4.264466515078723,0,1,0
18702.777330106135,4.303022451748547,0.8282663346132487,0,1,0
91267.3330303554,1.9752270948483392,0.07791196811995123,0,1,0
34117.245916400185,0.3400014182378869,0.03587643353908624,0,1,0
49976.61080136987,0.5916203650156909,0.04261660164434576,0,1,0
48989.52723880522,36.14041689946961,2.6557819226112556,0,1,0
95534.85931848284,0.17491244154031416,0.006591152109681369,0,3,0
80530.82190487918,27.81503774060747,1.243426224861614,0,1,0
22985.131453769744,3.3369931228040377,0.5226498384948014,1,1,0
59401.803892207514,2.031271332139138,0.12310361498399175,0,1,0
91644.30865128928,3.583990146519762,0.14078740641238532,0,1,0
45281.648515579574,2.2906918146206983,0.18211551043238258,0,1,0
1399.344670223766,263.597638048995,678.1399301893489,0,33,1
10844.65531464614,1.2039965496906924,0.3996796074313887,0,3,0
253640.687398512,2.153338447664201,0.030562992440607152,0,2,0
92482.08562643218,1.3986537340380751,0.05444463550352697,0,1,0
390.1802432676867,823.6540247577545,7599.448050714463,0,58,1
189244.97608480326,29.813701002274094,0.5671449030176157,0,1,0
18565.218236406454,3.8694933448341144,0.7503373170203673,0,1,0
296750.8188863228,4.023685323834703,0.04881289702979335,0,1,0
120220.96349450987,4.861827423899891,0.14558674475137526,0,1,0
135944.38782748106,4.261739004763189,0.1128568870133678,0,2,0
61548.87500207725,0.10261255856257645,0.00600181905538985,1,1,0
198578.56300117043,1.625664642001322,0.029471422407111814,0,1,0
123386.92165235722,4.349529669451605,0.12690410458689513,0,2,0
28607.611534943986,0.6485312899501344,0.08161158931316757,0,3,0
556.2049024146999,878.8076866010341,5688.025506479444,0,61,1
29305.56833723815,4.709552724257399,0.5785381676349525,0,1,0
1314.8092088241879,478.5931426036313,1310.407093143092,1,19,1
283379.2445257262,4.0249427948806105,0.051132164198619566,0,2,0
685.7844334744354,368.1268777789149,1932.468419106361,1,52,1
187695.35333066928,2.037178263830719,0.03907311299747687,0,2,0
44600.90648225594,2.6601734341669503,0.2147181552646468,0,1,0
20380.13378839194,3.047307930053822,0.5382844225704836,0,1,0
42980.237760480944,3.9356143146972093,0.3296447919126498,0,2,0
32482.139913387757,4.355851659804863,0.48275963397455957,0,1,0
36642.32281090677,2.0313535082364216,0.19957448296575794,0,2,0
161365.3320659423,4.885071297999471,0.10898410735220025,1,2,0
95206.11337088898,3.623547437321888,0.13701610445477416,0,1,0
146873.15347510081,25.469804060280836,0.6242890034532778,0,4,0
1368.8291565927123,202.60573622180357,532.8500250638043,1,71,1
34630.999944756106,3.7320961642205246,0.38796298728383455,0,1,0
105439.61481995056,0.20058289144257724,0.006848454543639395,0,2,0
62927.31721755729,1.4288445010995092,0.08174256318880625,0,1,0
897.7329473450015,233.14887632918757,934.9505966862057,1,50,1
63006.01128467984,4.557984432801371,0.26043140366314205,0,4,0
504.7865137799361,1357.6803779482966,9682.606858915926,1,18,1
12066.419867341066,0.3446161067257264,0.10281574798921657,0,1,0
3538.848112595437,4.705701675729202,4.787016987909301,0,1,0
332.6732937686193,1.099622740196871,11.899487992751371,0,1,0
381.641765796103,1068.1262081400478,10075.55957949987,1,62,1
2186.9474739380817,41.68163507901678,68.61339290159322,0,1,0
67225.37925157086,3.7784088852475994,0.20233834510607857,0,4,0
188925.85258867723,3.9405946997260948,0.07508840491988945,0,2,0
118215.91845704656,3.126057669287575,0.0951970576917212,0,3,0
981.9810997020401,720.8209557618331,2642.5716763082096,1,22,1
12002.367714774035,2.2658670594694117,0.6796260211265702,0,1,0
212598.00179038476,1.0732235699487784,0.018173288644664685,0,2,0
16277.385401946072,4.273891731477896,0.9452384307052731,0,1,0
109591.58346944235,0.9149885830104942,0.030056677662260813,0,1,0
1088.8314257001255,587.9517957863891,1943.9432173534087,1,41,1
2442.5814476336095,2.4077669856362998,3.54868868618005,0,2,0
86227.15200425679,0.39898523279728704,0.016657709372093436,0,1,0
269838.92338977195,8.016725719553149,0.10695348257339386,0,1,0
138803.10266657674,3.6796769596872276,0.09543617397872338,0,1,0
36623.02368276356,1.6079197018123255,0.1580566087788296,0,1,0
1414.4705009572888,521.7957748732701,1328.0339097015178,0,50,1
54.67077236161229,458.26560245107254,30176.200144233855,0,36,1
25617.09095199063,0.2227831580882661,0.03130797991937626,1,1,0
1127.6206123170482,803.7978642789697,2566.175431520659,1,42,1
240922.18230215594,3.930296920636251,0.058728792754107015,0,1,0
180816.34677505225,3.6861383862491337,0.07338992534234628,0,1,0
75396.39605331262,0.649027793329397,0.03098954563204447,0,2,0
46805.09656964499,55.69820238257884,4.284010573056375,0,2,0
169114.880587989,2.7194921035657376,0.05789065716037279,0,1,0
99281.90800258395,2.1792055182600603,0.07901882652710539,0,3,0
30464.181021919594,22.564133932907346,2.666439058382012,0,3,0
15154.665322710234,1.1186286625164192,0.2657309217528082,0,1,0
26672.345377649446,0.24005932804596342,0.03240110941610898,0,1,0
29260.0940055979,0.8141607291473141,0.10016982940552378,0,1,0
5953.547995828602,1.7137020679442294,1.0362438413063624,0,1,0
1393.928567849688,700.8079292197527,1809.926708857841,1,30,1
76392.90220378402,4.635060564625403,0.2184262876692348,0,1,0
1421.0122741952132,1194.9252273962425,3027.229881643878,0,40,1
265482.5582932315,4.69819595774789,0.06370853722605406,0,1,0
149176.04533444924,3.816540385900649,0.09210289331935696,0,1,0
32829.74204046645,2.6468299374888056,0.29024254175420006,0,1,0
24739.950159463024,2.774189034925768,0.4036823219675206,0,1,0
15103.725455933414,2.564894209571709,0.6113471263363555,0,1,0
298.71286718825354,964.1114013136059,11619.188277355417,1,6,1
10728.095020920577,18.354664281744544,6.159228761996024,0,1,0
14440.553246158992,1.211628651231607,0.30205651196874933,0,1,0
15773.44515422679,3.028859183111869,0.691281641555702,0,4,0
8631.87468652678,1.660774582263322,0.6926407893154497,1,1,0
5841.770426290582,116.05696637809204,71.5202838305356,0,1,0
4047.355073615299,4.16330294333485,3.703132125399992,0,1,0
95586.22016194763,0.5365933023700753,0.020209355336568535,0,1,0
19.123237658028216,1407.6890077751136,265001.1738918552,1,11,1
295065.94215152756,14.286598890336014,0.1743059725232453,0,2,0
94056.58731408288,4.0286791093820415,0.15419701275514822,0,2,0
326.0022127267105,1489.9976183135607,16453.849748638004,1,39,1
30181.370819880794,3.1431560778444645,0.37491212535603324,0,1,0
16275.860220230386,3.0315847368726603,0.6705455137281273,0,1,0
110818.30255103786,49.27066453098652,1.6005875223531862,0,1,0
321455.5986427519,2.892877056916119,0.03239749890457491,0,2,0
36007.78916841707,1.1075052542692636,0.11072656798564068,1,1,0
43152.50697664976,1.4924705639368434,0.12450942961622047,0,3,0
1609.8342975602745,953.9730702260707,2133.327049882455,1,63,1
338.697212540619,991.8437157152671,10542.2697452721,1,30,1
89517.61413293266,2.7186947808196433,0.10933380324923185,0,1,0
1004.9186629943802,822.7240249471164,2947.3096668184603,0,50,1
205396.83996565582,2.442805802924208,0.04281517131421107,0,3,0
9544.777813430539,1.5725878610455264,0.5931323295758449,0,1,0
84373.103788863,0.9315345908713696,0.03974636912171514,0,1,0
35265.89928880426,2.531155180454401,0.25838441195029005,0,1,0
15264.154368704942,100.41156220461754,23.681732718698413,0,1,0
236863.0260615142,24.747152206155455,0.3761234896957818,0,3,0
31723.22321073447,2.8240639054309113,0.3204791011309061,0,1,0
148394.94229610663,51.363011966081594,1.246045452876227,0,1,0
19076.391067601762,1.2435357798323392,0.23467378035667544,0,1,0
30484.966711666257,2.4637444806466884,0.29094603298135885,0,1,0
4000.761835342281,5.140814158570413,4.625851708383472,0,1,0
80426.94285490419,2.2979350293972196,0.10285814444985528,0,1,0
129574.35603885843,2.053908714547174,0.05706431116780852,0,1,0
111020.03127201187,2.7932650596500475,0.09057603478873479,0,1,0
7083.952210603688,2.4161807812257594,1.2278810689028459,0,1,0
114615.78468029616,4.263161163857699,0.13390284970518654,1,2,0
43242.721849196794,1.7686912638995167,0.14724532309144014,1,1,0
9217.120560671585,3.864032037043281,1.5092040124451027,0,1,0
3387.507686660523,78.7502908292838,83.69015607014106,0,1,0
83654.67361366472,77.59242731579471,3.339116946733659,0,1,0
161709.06632088847,5.312756055374422,0.11827365177778756,0,1,0
29820.679025116515,2.8252579314520165,0.34106964984468596,1,1,0
10268.682668255784,2.8698075875081486,1.0060986057118257,0,1,0
38750.92398184115,1.8934533166650114,0.17590372666180165,0,4,0
16174.645100004918,0.5598648524349664,0.12460944004052778,0,1,0
90174.33217426063,2.2232220716268083,0.08875695849224217,0,1,0
195.47576040994798,897.0907340545293,16521.36631070474,1,19,1
5150.134501398625,3.6136363902231357,2.5259711180883535,0,1,0
203649.45323472598,139.40864647579855,2.4643873054469685,0,3,0
215551.4587295777,4.908053278212164,0.0819711075290407,0,1,0
39792.08991745908,3.671091697644344,0.3321245538732322,0,2,0
54254.31354513118,2.182436746538535,0.1448137811383994,0,1,0
20221.09893579975,38.146343798637695,6.7912648126146165,0,1,0
142565.25574345453,40.134704806337716,1.0134652833142999,0,1,0
138114.22517380162,0.4861220896321239,0.012670957828372952,0,2,0
14577.939784146554,32.09990943435352,7.927023686113954,0,1,0
138694.44274277607,4.326871560464122,0.1123097458674649,0,1,0
116609.95815754597,89.44887965120878,2.7614791380792,0,3,0
54699.247827803156,1.528794115778494,0.10061671842597288,0,1,0
124.30865241185697,494.83509085567437,14330.509522203713,0,22,1
24911.64982149475,2.620557706134776,0.3786986333576815,0,1,0
54654.87094344836,4.2471113472744495,0.27974818321331757,0,1,0
912.4994117338099,955.1717857102471,3768.3513921650483,1,5,1
101540.36739125026,3.300597221315652,0.11701897779188292,0,1,0
72093.75356838919,4.107542584490459,0.2051100486831823,0,1,0
1752.711443363579,1446.480335070719,2971.0134123740017,0,64,1
63191.842676100365,122.9960372914604,7.007007795591983,0,1,0
1517.2275427136608,659.5308680580387,1564.9011490803339,0,51,1
91614.00688041242,2.776015444571448,0.10908436319680187,0,1,0
22905.26483720287,2.174679501817045,0.34179243340708737,0,1,0
47992.17066550695,2.9745801045943576,0.2231299028163383,0,2,0
205.53928723650904,1429.3019827221347,25034.08086590715,1,52,1
56841.04374712409,53.00238649048269,3.35688050020003,0,3,0
31307.192068264485,0.8935306046630442,0.10274668420511841,0,1,0
259630.38092308963,2.69717177743968,0.037398621703132615,0,1,0
207099.1012270825,4.735548070727946,0.08231794804327829,0,1,0
30208.754938048627,1.1703810199205762,0.1394751846064081,0,2,0
140601.1930392269,0.16432618589057701,0.004207462656743116,0,2,0
66736.95474861571,0.3897503471545938,0.021024352325360506,0,2,0
173376.99225424038,3.666391479338258,0.07612895548598901,0,1,0
404.1083220197131,1010.2237917617794,8999.581182010392,1,23,1
28010.879246315428,3.023063567526108,0.38852864086819233,0,1,0
17511.61445541307,0.7580531896523801,0.15583894275978658,0,1,0
75637.09006016054,2.502698385660627,0.11911767336913773,0,1,0
161008.4424960154,3.456932226075093,0.07729381031791746,0,1,0
26886.0681922505,0.5992033077060194,0.08023233045148008,0,1,0
124194.5450502849,112.74035572658501,3.2679799298059025,0,1,0
70290.9417550882,4.273416040464342,0.21886600693549532,0,2,0
36299.66986695365,4.9752587663750285,0.4934185799649871,0,1,0
130752.32098510517,0.8387220306980137,0.023092510234344582,0,1,0
26841.99977993251,1.72219144214255,0.23097717169151874,0,1,0
75893.72376174637,0.4645583066485165,0.02203620827968418,0,1,0
71707.82868379736,2.206555561942301,0.11077730519522994,0,1,0
118421.64280033525,75.07087649195223,2.2821432719582484,0,2,0
7061.2735912974085,4.282922221137288,2.1835324459169274,0,2,0
101282.23704471644,4.225528204901309,0.15019318274860582,0,1,0
82241.06117808269,2.6407002863687685,0.11559336534267706,0,1,0
64494.00617707133,0.36825217302670965,0.020555519830111987,0,2,0
4284.961684269121,4.162433873098225,3.4970585613788363,0,1,0
132208.83245419324,3.040352238495408,0.0827877219351113,0,1,0
49063.258029886194,1.8765392101424605,0.13769043124689795,0,1,0
166826.78138778664,1.1987208646912921,0.025867520052776014,0,1,0
22139.483252048936,3.4089840564219327,0.5543192884586948,0,1,0
32681.846775450664,15.503035966428852,1.7077042757897902,0,1,0
3959.244672806961,50.75920531402598,46.15353539162366,1,2,0
115562.77342390487,1.1589513880828983,0.036103538133287684,0,1,0
259707.83426840845,2.1357802057483717,0.029605609558731073,1,1,0
28513.713837958683,2.458734250520801,0.310427584150454,0,1,0
92841.06776947452,0.6661337399217665,0.025829964274784345,0,4,0
96921.96344429908,4.744004148388178,0.1762078926930982,0,2,0
821.563351913485,768.8287956153217,3368.9229902584807,1,18,1
815.1169994363174,696.7887916004012,3077.3982771750802,0,8,1
122248.65654171898,51.60478821277413,1.5196669053175886,0,1,0
20680.678855292223,28.18818295472746,4.906872706988078,0,1,0
15840.100933238291,1.218585660837631,0.27694952181839594,0,1,0
81768.44350494261,3.370960583075004,0.14841248749386393,1,3,0
110627.6416755602,4.92816810043852,0.1603704543716952,0,1,0
510.20419002253584,13.713557381788702,96.76284032919976,0,1,0
787.7159097998158,1247.636119754475,5701.916103557618,1,33,1
204694.4102077698,2.9583441029675193,0.05202896727796827,0,1,0
195188.39166485894,0.8029343536156291,0.014809096219099961,0,1,0
19297.830735877997,79.1281875750714,14.761321060851175,0,2,0
20636.47662437988,2.659908999525004,0.4640168267376292,0,4,0
88482.86201294968,4.099340737635025,0.1667851414359345,0,1,0
160618.95119441938,4.7579015471993475,0.10664025286271929,0,1,0
72581.82800273904,132.43789404820592,6.568812493335784,0,2,0
24075.61545052153,2.3389488523627078,0.34974042037722225,0,2,0
110020.59556378066,0.16671848929479205,0.005455220073893472,0,1,0
35298.750154199035,4.525669374220929,0.46155769470657154,0,1,0
71890.610557622,1.5752824830379968,0.07888397239847249,0,1,0
87603.61934730576,4.886207825002245,0.2007947651143374,0,2,0
50792.29419938475,1.2602342983603525,0.08932149149018404,0,1,0
85430.04357699084,2.614029748361567,0.11015453931754994,0,1,0
553434.8568867899,193.7319496680986,1.2601935171347938,0,2,0
1676.3317299009602,1.925827590890656,4.135803912520328,0,1,0
233174.10309216756,2.0259105190048055,0.031278249907256896,0,2,0
27356.65986683014,12.630544649592204,1.6621166823682343,0,3,0
1288.8032921294625,258.4629511105987,721.9617063987824,0,9,1
38692.78189009662,1.6092331760066014,0.1497240350946836,0,1,0
18848.549868050268,2.5815799442455893,0.4930717675547885,0,1,0
15506.01832677974,2.85344830788424,0.6624791543450097,0,1,0
68345.56568688901,13.414133058765115,0.7065693074045072,0,1,0
68880.2104455351,461.0079252403727,24.09441725178296,0,1,0
70519.26891586067,1.8736600672656074,0.09565011585988112,0,1,0
5568.366139819128,1.8716278230642691,1.2100246273048108,0,1,0
30742.63935611992,1.1662716091127423,0.1365718064792659,0,1,0
61711.72327246354,16.567235081582403,0.9664621749480394,0,1,0
20474.548897041557,1.5481666185419658,0.27221111706917256,1,1,0
26397.46401822478,0.18958472036816665,0.025854945492271502,0,1,0
40592.424332311086,10.466358601601653,0.9282247016661679,0,1,0
51589.690175303986,4.534730015743319,0.3164397382733411,0,1,0
29210.280186180837,2.8272136675755917,0.34843791769197924,0,2,0
22407.464286675622,1.9955096968540786,0.32060008293515296,0,1,0
123889.89090708959,3.546571474017417,0.10305649002498293,0,1,0
73718.32917610985,1.7249142284793917,0.08423537662785506,0,1,0
1268.5034315550595,830.5528511665784,2357.10065090975,1,11,1
100424.81244895105,0.13580650726826682,0.004868352892511349,0,1,0
93207.10065339421,7.1920674305974295,0.2777840161173159,0,1,0
178257.45102596987,2.158664119214246,0.043595321174199446,0,1,0
1301.1706637304626,144.3067694465422,399.25920902499473,0,59,1
123317.41869014168,2.2667676895709765,0.06617364983092917,0,1,0
9405.561624900436,2.475279728272924,0.9474189184185857,0,1,0
218001.22231762303,4.499832598980954,0.07430874553872577,1,1,0
1666.8596490532602,1205.4449798419544,2603.459703338451,1,59,1
1449.2827439029297,710.2903253867681,1764.3521818980764,0,78,1
102275.72621335863,2.0791999071528444,0.07318569070959655,0,2,0
1035.2304895855493,1428.138211676912,4966.331279612121,0,76,1
49602.50660318303,3.104020426343968,0.2252804202866879,0,2,0
708.9268338138755,538.3875102731195,2733.984587035806,0,54,1
14075.215141061422,38.1736252252968,9.763619911582053,0,4,0
137574.34736369364,0.6894941086516698,0.01804245368930652,0,1,0
66781.34952621417,3.874249232670495,0.20885018551682533,0,1,0
29134.915483358815,0.008262440709855823,0.0010209326528669868,0,1,0
34003.172299786704,0.8055001162821113,0.08528029070492904,0,1,0
47233.26711623135,2.8020575500780547,0.21356573017610583,0,1,0
66527.66584272833,2.2786790700424238,0.12330576382380871,0,1,0
6922.968221499256,3.4890234924720427,1.8143207033498736,0,1,0
561.3383393771862,1437.0479845709726,9216.140038101514,1,46,1
92883.40014150721,9.900224259717088,0.3837155754492514,0,1,0
196725.40048961388,1.5286873700731185,0.02797439740148742,0,2,0
172635.06942638083,3.047334015532364,0.06354677813939057,0,1,0
19810.39532560444,2.0552039028730573,0.37347735513285435,0,2,0
30529.177953363527,4.558872735120715,0.5375821737324703,0,1,0
44860.510191051726,24.891904343095224,1.997544282343391,0,2,0
1255.0714373821327,1088.4118941824127,3121.9599955438093,1,36,1
30217.108134208178,1.9171306665695353,0.22840274353842235,0,1,0
4903.996409931215,0.7530928005661869,0.5528417754441831,0,1,0
16600.416825933193,16.547058544223813,3.588428615005999,0,1,0
261292.9249387769,4.182365958329856,0.05762313485340389,0,2,0
58081.606357195255,3.5296830885581,0.21877595878914619,0,1,0
18273.370466248853,1.8997806257370424,0.3742719639644728,0,2,0
1645.53327918533,375.2939818111062,821.0458892626369,1,48,1
591.5008521560546,229.74695820336254,1398.2888554045492,0,28,1
3503.0329166934175,1.0807691380318984,1.1106857941224852,0,1,0
145639.7995850204,81.62476372137728,2.017643187056278,0,1,0
133773.54692167658,4.184694224049781,0.1126149343666547,0,1,0
110825.58807589703,18.133391676188747,0.5890355392436397,0,4,0
7314.1613259560445,2.6860408969744434,1.3220582371888072,0,1,0
638.4819532607125,812.9719661949838,4583.839939962841,1,77,1
28228.211193859843,17.57030281256467,2.2407757151466803,0,1,0
177304.54979736524,4.819823544485924,0.09786192616026806,0,1,0
1456.333010394101,983.4211858198098,2430.9798951774524,1,78,1
21687.79294208331,4.387039302858321,0.7282134024640343,0,1,0
2728.8686212852986,18.71908042266187,24.694735758236185,0,3,0
172091.69482291437,0.13385292851563924,0.0028000801732596986,0,1,0
43058.081522792556,1.5759364507698193,0.1317608918494936,0,3,0
145507.39576648865,1.670073353788271,0.041319302307398185,0,1,0
77170.59401311637,92.63893483710355,4.32159645365551,0,3,0
49494.16641906887,3.1992175313894835,0.23269778938159583,0,1,0
342375.1512155527,2.979707978653522,0.031330979146904275,0,3,0
337808.53431221395,3.7966178428920094,0.0404602691943211,1,1,0
9500.475463158611,1.9897652810066675,0.7539785813248633,0,1,0
15709.254656720603,1.5356034743603042,0.35190546136649953,0,2,0
59289.86985047697,3.598629178003543,0.2185038535838266,0,1,0
989.8981546050406,374.3387325003681,1361.3718044953946,0,62,1
101722.04076697581,4.140216428871261,0.1465245784645661,0,2,0
79310.26418237986,26.15629147972417,1.1872693944187727,0,2,0
87413.28478979928,0.622494491339739,0.025636608602592776,0,1,0
43427.934840904345,1.7658673110485275,0.14638325177247408,0,1,0
128043.925384207,1.3684775798317443,0.03847522850156169,0,1,0
1517.7463378967773,1091.4992707598694,2588.9684439500656,1,25,1
17445.105885713132,3.6724620030552546,0.7578551427323977,0,2,0
19482.007903323134,2.3348370458189893,0.4314449212144408,0,1,0
175351.01929790783,1.4817403844029036,0.030420498296550805,0,3,0
129934.9006909452,3.3489936388730768,0.09278782710289361,0,1,0
96094.03104941046,3.00236431625137,0.11247849029194454,0,1,0
38769.3816079018,3.165106097690092,0.29390156559427766,0,4,0
1402.0049393309707,1125.9949208496485,2891.274917328809,1,57,1
29426.67503291721,63.453475323951295,7.762770034694574,0,2,0
42177.76546306466,1.359779230194248,0.11606127481992985,0,2,0
627.7711577620934,645.5156565205768,3701.757136722024,0,32,1
590.4979162733256,5.61896898998456,34.25632471593902,0,1,0
1172.4740628904228,798.8649199549142,2452.859131696177,0,21,1
52020.06797518801,4.256411061082655,0.29456093419959006,0,1,0
73333.63215988943,3.8713028421622564,0.19004500147214767,0,3,0
24969.16227250235,0.5053824618587133,0.07286495409159091,0,2,0
184269.23779375813,121.9354928971149,2.3822086620932614,0,1,0
157895.58148297586,1.4954010582770567,0.03409496174139516,0,1,0
69387.02046688256,4.362327616292695,0.2263302172796017,0,3,0
154349.51254584393,0.11252163714343233,0.002624419650149803,0,3,0
827.8206145638551,769.6422217332291,3346.9956527953827,1,16,1
125806.3208525951,3.4072293805991043,0.09749928053717308,0,1,0
17269.348251192787,1.4332962422362634,0.29878756262235656,0,1,0
43056.22157385924,3.116996055041094,0.26061705806904023,0,1,0
45210.328222752745,0.1721798482326109,0.013710306427845221,0,1,0
1658.1097565359926,1279.374063936136,2777.7091426035,1,43,1
204617.735161307,2.67400488459584,0.04704586128351092,0,3,0
37635.07708017548,4.958931776439649,0.4743488197766035,0,2,0
67401.5820907344,0.3617425494874277,0.019321106979382927,0,1,0
42629.167742102654,2.183683388973205,0.18441036071505032,0,3,0
322320.8027416822,0.5442116141377307,0.0060782977525219275,0,1,0
1021.9819994805798,527.9809004225954,1859.8480623801456,1,7,1
299980.7299949755,2.591791331509668,0.03110349385972587,0,1,0
8881.960016216539,3.621111573684224,1.4676942523342016,0,1,0
86650.86673762098,1.1788075643178653,0.04897478111089495,0,1,0
6487.584354484178,2.1150722312088135,1.1736664398188208,0,3,0
34035.296613879385,1.328348779282208,0.14050283326944343,0,3,0
792.7189669420741,1454.312481066064,6604.515787018381,1,17,1
10384.775330292761,3.2877743791666942,1.1397442302361709,0,1,0
27674.306791281306,3.540118919989559,0.4605148092084279,0,1,0
100091.1678183884,4.219260291009869,0.15175501873647831,0,1,0
14172.241973691971,3.7131714143376042,0.9432111811546403,0,2,0
819.1255418938515,352.52038948801646,1549.3026859139443,1,32,1
26908.555568302603,1.4855857906392096,0.19875124224806223,0,1,0
67303.54647145244,2.619278035214113,0.1401025862845191,0,1,0
6792.407075810813,4.4261449210558625,2.345872610101043,0,1,0
4802.648144958393,0.4232496730320534,0.3172622222002467,0,1,0
49964.94972823926,4.150886214997937,0.2990734596005599,1,2,0
51740.63788734829,3.714107507924329,0.25841944696621205,0,1,0
120383.71278236853,6.0322397781779316,0.18039037590325177,0,1,0
34777.81362669565,3.245946423182466,0.33600177541026016,0,2,0
15793.496280057165,0.9883546843713448,0.2252874728080135,0,2,0
34639.978916143365,4.026352986036255,0.41844340566198873,0,1,0
7179.416810898561,3.922307334466896,1.966776240466467,0,1,0
18201.485263011404,31.859455594324892,6.301356097166857,0,1,0
178198.70711442595,1.2711251504125454,0.025679482278997478,0,1,0
687.6702503022998,584.2264793688338,3058.4649034958666,1,65,1
64903.723222065586,30.332859446945264,1.6824657906817642,0,1,0
863.7009355843948,4.594896627501993,19.15203188684151,0,3,0
143800.58139969647,0.26665394919294483,0.0066755934346773614,0,1,0
1250.1470122732671,1051.8140731288245,3028.8683059589457,0,24,1
126896.51289715605,3.426976229547693,0.09722185538991425,0,1,0
1565.8791032988504,1414.956795979228,3253.0253803080814,0,54,1
17697.338201503968,3.985711335988265,0.8107750807597933,0,2,0
173061.8308339467,4.608776225134465,0.09587090538989936,0,1,0
176735.85353852014,1.6417889256650964,0.03344222473289014,0,1,0
15826.18927431225,1.5500092639115266,0.3525822453759314,0,1,0
22150.237823820946,2.1901589156723484,0.35595880094529636,0,1,0
173013.10007977625,2.070139618776804,0.043074788118126026,0,2,0
1567.6598383170829,0.9659195636651141,2.2181536735210234,0,1,0
122205.54069237542,4.088233790250443,0.12043350540013484,0,1,0
32295.605285205664,3.4826951119394645,0.3882169816066425,0,2,0
187689.79623904492,3.1558710200450344,0.06053145082907111,0,2,0
21063.797984407884,3.59919230675245,0.6151356139049609,0,1,0
117048.89026547426,3.157684548713302,0.09711894191893071,1,1,0
7084.03675471299,4.101371469548733,2.0842547549675494,0,1,0
221778.69468428544,3.8927090754305875,0.06318800230788393,0,2,0
36439.83152314056,4.037557981525745,0.39888243512493515,0,1,0
46196.359151179575,1.375201294703667,0.107166987873043,0,1,0
293750.3270746994,45.249674671440765,0.5545485870242531,0,2,0
96239.02362010685,0.5773488758894396,0.021596810472708693,0,1,0
80635.94615604085,4.957009315248057,0.22130618397358667,0,1,0
36948.44243844325,0.505755289592143,0.04927728809042667,0,2,0
31217.04527820489,0.6118241438301214,0.0705565468531458,0,1,0
551.4278256536883,1013.9408736292593,6619.519319211415,1,66,1
65291.51023211121,2.4372023687989417,0.13438084823715807,0,1,0
104527.32916350481,1.0104215748871943,0.034799680607011246,0,1,0
4614.856662008189,0.34753898257596616,0.27111141881685985,0,2,0
1395.1142785950378,1322.483107076776,3412.580072129245,0,59,1
1087.649660335042,1110.2069211140617,3674.662036652001,0,65,1
48566.83332956865,4.05508055131328,0.3005814664848659,0,1,0
11972.753360563922,17.35707327284493,5.218971935733474,0,1,0
85556.74129059016,3.5627052777180754,0.14990915743533226,0,1,0
1527.229344727896,4.942515349641031,11.650545689244774,0,1,0
26283.431353600932,2.928801791854456,0.4011533467159537,1,1,0
249188.0350783951,0.5305673005181971,0.007665064180407403,0,1,0
30970.82593384366,3.2752950867029136,0.3807151393804353,0,1,0
31659.216135345505,11.70186014501976,1.3306298027713754,0,1,0
71201.36530159526,27.27423339605235,1.3790078295533552,0,1,0
1205.6314818316828,635.4019625392758,1897.3020359970506,1,65,1
722.0511250096507,544.3110088322833,2713.8239439347585,0,55,1
115245.39703307363,4.921248832456452,0.153728446019921,0,1,0
22512.780154761644,2.9816380250193104,0.4767912632860321,0,3,0
83.54955272121202,0.31217142014005383,13.45090519220545,0,1,0
49795.470696292534,3.991426383242454,0.2885630917581159,0,1,0
69897.69306073776,3.5855974276614617,0.18467205674963688,0,2,0
27199.928454797726,101.55507741975309,13.44114854267656,0,1,0
36682.9932243713,3.1081478902160677,0.3050277913892785,0,1,0
83280.16484251802,75.88576391364673,3.2803579412423773,0,1,0
910.998794534662,501.3866212242673,1981.3328483374687,1,59,1
97170.94943277384,20.96873236335167,0.7768518981106671,1,3,0
13218.594277796701,0.6028450847755756,0.16418102103621052,0,4,0
115540.56581393316,1.055191651043077,0.03287754319874543,0,1,0
94165.37162050538,1.4330777922486382,0.05478744429413647,0,1,0
367.99976882529444,342.60788762062504,3351.60100608594,1,39,1
647.9566902508612,1364.7459666569607,7582.428816442841,0,57,1
9511.684556527784,3.205597325259897,1.2132604169485128,0,4,0
1121.5431668516285,1321.111176887417,4240.585986668388,0,33,1
102482.58771207566,28.79483933880518,1.0115027726557306,0,2,0
469434.4709900801,53.291506789793395,0.40868201271761806,0,1,0
86809.09074343572,0.20604347870773143,0.008544687163468796,0,2,0
16768.309077179558,1.7228095399393766,0.36987118469937913,0,1,0
21666.399585329127,4.759419028805653,0.7908055252198967,0,1,0
139058.93976930928,2.80898926331069,0.07271996582667972,0,2,0
48400.59691382609,7.072645044772057,0.5260580196254993,0,2,0
35277.49053611843,0.29023168509251906,0.029617584767355487,0,2,0
96416.84948827018,2.730722352316886,0.10195936208781385,0,1,0
24315.611329970903,2.833233591770835,0.4194688256841458,0,1,0
604800.0,4.784130188746403,0.028476965409204778,0,1,0
78557.23994042276,62.643793600251755,2.870743131147903,0,1,0
151259.07446784817,1.5263215080371795,0.03632679525684801,0,1,0
12553.935680539322,4.878946681720573,1.3990997326377492,0,1,0
27832.262526283168,2.2068003934281073,0.2854414515829922,0,1,0
522.3234828525426,646.0307476489081,4452.6251793903,1,6,1
320826.8694429226,0.662743895524372,0.007436652759260876,0,1,0
624.2683066083407,726.2111964217903,4187.879281141637,1,14,1
1097.791247367201,1493.751707137195,4898.477883286653,0,9,1
730.8153656438907,813.0485263979539,4005.080944697707,1,51,1
812.0373390090119,61.402606231603386,272.2157859188283,0,2,0
299795.8014120873,0.7644355782399909,0.009179475058362216,0,3,0
254725.0441057581,40.76560057774558,0.5761355841357833,0,1,0
810.8376652732604,597.7698784789466,2654.0103582866636,1,49,1
15822.48197903842,75.62335473387319,17.206154976356533,0,1,0
89538.93645934993,1.5360419341159526,0.06175805947089732,0,3,0
174904.50658677053,2.9488980038903922,0.060696165131335675,0,2,0
40775.040901593195,2.676196684573667,0.23627954384440022,0,2,0
604800.0,4.401740979259951,0.02620083916226161,1,2,0
150618.94591329037,69.50074238107433,1.6611633487058557,0,1,0
72004.81278087437,14.360781913009687,0.7179911021248694,0,2,0
107949.70214376244,48.17481330295135,1.6065753257907065,0,1,0
119833.43455697644,3.558607958636188,0.106906630010668,0,1,0
98487.13880537392,1.8620033301767807,0.06806180045379338,0,2,0
7784.330105907923,0.7548249656514744,0.3490820455164097,0,1,0
26599.37311105577,2.1878266257357133,0.29610381491941673,0,1,0
54235.241651029915,4.861106854835028,0.3226681424231062,0,1,0
25108.40985245278,0.7157815583203597,0.10262751106484636,0,2,0
99593.11263115866,2.071740542158133,0.0748873667538722,0,1,0
20099.88667277809,51.46483951773902,9.217635167803314,0,1,0
67886.32688035855,1.2740881182219073,0.06756466929905341,0,1,0
1774.6456173492963,1424.6582725365975,2890.0247638130427,1,14,1
130050.55522788761,1.3576674145425127,0.037582328532073536,0,1,0
57069.26847090973,1.6692103217169292,0.10529585044959933,0,1,0
617.3263408079971,1.1744508298591005,6.848926909483319,0,1,0
53365.175266768754,4.298327738332376,0.28996400331570577,0,3,0
89421.89142001621,124.21936344134987,5.000897445664637,0,1,0
96690.46942425128,1.7510756506575476,0.06519641883945673,0,1,0
36860.45561267751,4.414058994336854,0.4311018981042484,0,1,0
226282.98820510245,4.411405475226916,0.07018229623352126,0,2,0
500.98639660433304,3.431861163863217,24.660749820049553,0,2,0
18882.311553823205,4.531328962865247,0.8639188173447945,0,1,0
339608.6163153623,4.261777301937426,0.0451767050360339,0,1,0
759.6087512578024,872.3340810807838,4134.237114423403,0,7,1
183992.1630558937,3.09547221096801,0.06056616637579052,0,1,0
36028.111288350075,2.6653941116231596,0.2663314411640034,0,1,0
429.872064938706,2.9881449659777997,25.024472988385345,0,1,0
75709.45619897396,0.8958983731266129,0.042600149376050014,0,3,0
205997.99946483196,0.9598775292961892,0.016774721669353957,0,1,0
1356.3862771151294,313.5295792669827,832.1423656406793,1,19,1
193823.40775834888,1.2006331022575996,0.022300088612187643,0,1,0
38884.987974632524,0.3241710939309561,0.030011991746346185,0,1,0
1929.8646206545675,0.7365067285594651,1.3738913053469883,0,1,0
15680.817549053243,4.185038979015586,0.9608006902271341,0,1,0
223108.28520513038,26.336804827150832,0.4249617950788803,0,1,0
470.7014797291745,1328.980738503272,10164.256677851361,0,16,1
24244.17703788875,2.1831566044708013,0.3241753169766203,0,1,0
3524.338049174214,4.315129805600879,4.40776880180465,0,1,0
44415.83382662209,2.5564787312301727,0.2072081651861798,0,3,0
690.4471656942414,649.4424375029987,3386.200843709677,1,49,1
34218.12856926621,1.3929258642353282,0.1465460947432145,0,1,0
105959.79355628714,1.1600310064090358,0.03941222876065842,0,1,0
910.4951590678684,1485.7666555663163,5874.561667647529,0,64,1
184592.02512120802,4.372882383591003,0.08528199726174925,0,4,0
65173.42103989918,14.039344286545965,0.7754946514258302,0,1,0
28014.086106888124,3.7188367368677206,0.47789573436886057,0,2,0
70305.68850080596,3.9214735239436322,0.20079889674980195,0,1,0
284678.1607642048,3.3935661810767694,0.04291456084682034,0,1,0
20956.535938034547,3.1822251392437857,0.5466557323763526,0,1,0
355563.75390956074,2.0803511777664,0.021063070005341345,0,1,0
2016.5736831970205,41.827770164687884,74.67119790740848,0,1,0
56523.67043343666,4.676847497023645,0.2978690318618335,0,1,0
41123.788212535816,20.533390088346508,1.7975047419273071,0,1,0
73824.50525876506,2.2007422361206626,0.10731764503215198,0,1,0
24438.069980745502,4.141631230463728,0.6101084267872526,0,1,0
64219.19209608576,1.4648986025221633,0.0821192979380571,0,1,0
120401.52383197086,4.333284620144532,0.1295650099436533,0,1,0
45363.25279224688,3.232675493903663,0.256543150275198,0,1,0
112802.95228349646,3.999147270249508,0.1276290192894584,0,2,0
30938.0690083554,14.808683097997491,1.7231605223452462,0,2,0
207285.92654137503,3.618396840464038,0.0628418380495815,0,2,0
44501.897137340944,2.5183878671053117,0.2037260634889158,0,1,0
39473.46246616513,54.80924347045955,4.998631084435078,0,1,0
1201.3162397358399,1156.2137595886652,3464.8408111376793,1,29,1
18344.65756491976,1.693359624437486,0.33230899112733664,1,1,0
55121.01857355146,0.685055143442142,0.044741526557621696,0,2,0
1530.9404044517803,1196.3514245973654,2813.2154040919545,0,6,1
44657.440553769426,1.7747098224462088,0.14306586498421875,0,4,0
329193.3047667402,1.0244361434588773,0.011203053230578856,0,1,0
28222.47957529591,2.383102281552702,0.30398350331695745,0,2,0
118513.18712202726,2.2252264165743267,0.06759429304199903,0,1,0
56250.89533669672,0.31112086326121,0.01991141831674406,0,1,0
72573.82524292292,0.6184591603368961,0.030678457002374142,0,1,0
44757.27631191198,4.75516462374303,0.3824761928356856,0,1,0
31783.23054026071,1.2949108871598336,0.14667103106055634,0,2,0
625.8724734761153,545.1084332159892,3135.447623504487,0,46,1
94114.77222390944,1.8797995482033185,0.07190452905131453,0,3,0
43598.63471035713,4.902635841486464,0.4048174706984235,0,1,0
10532.095383352707,4.200630799561254,1.435827376034132,0,1,0
1267.7215466680527,1031.5367716966139,2929.2965697933205,1,70,1
6506.7575913755345,1.2207005934749953,0.6753781856472968,0,1,0
49636.06483457875,2.70610314016447,0.19626800265208352,0,1,0
90856.48603448924,4.442254324661931,0.17601512304484598,0,2,0
178467.50801410183,13.263227535168188,0.2675423647582541,0,1,0
44159.69607965782,3.749587110358598,0.30567496599029015,0,1,0
66506.15808799435,1.9673335937013958,0.10649240823615604,0,1,0
1631.4089503273317,538.3657912259705,1188.0018483560625,1,10,1
77220.01497705061,1.074762250784604,0.0501054565189409,0,1,0
16075.678025036916,11.140212889188817,2.494748049731958,0,1,0
280.5063696330716,3.3095886507896317,42.47503954519098,0,2,0
38077.20320371568,47.18107563731841,4.460723425132539,0,3,0
21524.936379546758,3.5633061282337293,0.5959553996094801,0,1,0
124579.91926341872,1.2016138424593343,0.034723170944643736,0,1,0
28466.776171546004,3.509312134121079,0.44379889056294813,0,1,0
64759.241906494666,4.676251571971664,0.2599552614189832,0,3,0
63446.37194059171,3.8624892304815694,0.21916085671145424,0,2,0
151856.71769422208,0.018725473556424066,0.0004439165143742044,0,1,0
110127.28683093301,3.2223901298994173,0.10533814825972337,0,2,0
126690.66934146735,1.7383587073445566,0.04939662391058231,0,2,0
12869.654437966687,49.130786380369415,13.743246318063084,0,1,0
152878.69264751187,2.144618538700797,0.05050165334108464,0,1,0
6119.250154134072,0.7558097909411327,0.4446484747072922,0,1,0
64277.36458637782,1.6194777629018957,0.09070253554985344,0,1,0
53152.010703222164,1.7885838247121377,0.12114126415491105,0,2,0
112003.50243681509,3.007355504406037,0.09666197556607045,0,1,0
107556.4768219285,87.13330454036624,2.916420336681814,0,1,0
63589.544937771934,4.35405212387809,0.2464963015744194,0,2,0
154205.1563365082,52.30942292409389,1.2211908278592012,0,1,0
113208.17631600317,2.954999795429769,0.09396847126883162,0,1,0
110.24438038664879,441.67638420932565,14422.821168543975,0,74,1
1082.547769826621,1378.9045053474292,4585.530872273452,0,49,1
70042.29760421644,4.454976873221324,0.22897473801075463,0,1,0
11033.585829543885,4.0205462303056585,1.3118098370472102,0,1,0
465.3930731717583,4.869890475436225,37.67053426921158,0,1,0
271492.7834794236,24.516521327449027,0.325089586720104,0,2,0
29434.349384838213,4.188645493113282,0.5122968263390646,0,1,0
1001.9456727810981,1287.8065785151985,4627.100858459015,0,16,1
167784.06364740705,1.5743886295887488,0.03378031824542167,0,1,0
162369.95636158556,4.532231592369124,0.10048677783834763,0,1,0
30296.077522723786,66.76131531746842,7.933064435903198,0,1,0
16783.106530018933,0.3417418572409736,0.07330410993143575,0,1,0
87827.39375412479,0.5349998574179965,0.021929370830434478,0,1,0
53.364333454383875,127.6438952573703,8610.957791112141,1,34,1
23358.305902169483,0.24961242831689545,0.03847045867557384,0,1,0
41391.1958528372,2.9682628972340517,0.2581647186042856,0,2,0
19930.75931109518,2.0053465532839128,0.3622163851932741,0,3,0
12065.827897229887,4.874952326343485,1.4545067710493116,0,1,0
382236.70696059224,4.948464338932611,0.04660586305750597,0,2,0
273.9836783832177,507.69771594345025,6670.878309911666,1,66,1
13120.406168408232,4.692159077063715,1.2874428169839718,0,1,0
162421.5645627973,0.43254634469873765,0.009587192717340225,0,1,0
204525.70177228912,4.912413255305535,0.08646682331783104,1,2,0
113841.4794028521,4.951630472634328,0.1565850144867055,0,2,0
3598.8112462314257,2.9211239441585906,2.9220888453049696,1,1,0
23933.224573026506,4.443580473063732,0.668396757579354,0,1,0
84275.54050119832,1.077053526310701,0.04600851767498768,0,2,0
1243.3731315795103,1207.4972539160617,3496.1267890481545,0,75,1
53178.864700623206,3.4947663225986823,0.2365819359285385,0,1,0
51912.972556370674,1.999972984047499,0.13869178334476698,0,2,0
842.0964322210276,864.6164760787808,3696.2741970941306,0,76,1
61736.06709172159,1.6514350624605512,0.09629972404988514,0,1,0
1659.258801492476,472.6239838926779,1025.425533667935,1,48,1
132.4446584487788,565.7871247945893,15378.752704083116,0,63,1
167395.31243100984,0.4251622675096861,0.00914353060911239,0,2,0
20565.292184793558,4.087247572381504,0.7154817509207744,0,2,0
899.3821304184033,541.8828512897519,2169.0204849139946,1,37,1
195770.21822125674,0.6080605747860052,0.011181568315746685,0,1,0
170.92907281965944,162.3538065180383,3419.3931659688647,0,57,1
68750.29390640369,0.19101391878695528,0.010002140624579766,0,1,0
242971.8514593945,143.67505036819318,2.128765855875017,0,1,0
45974.26868818914,0.7507682209193761,0.05878865879609083,0,1,0
11469.746014639519,3.3856374428695095,1.0626473139661148,0,1,0
78409.75783055525,1.5956975776709665,0.07326270911369809,0,1,0
14890.04141109273,0.4341821022000575,0.10497321832535451,0,2,0
87420.14751043687,4.1313457493129055,0.17013062916361277,0,1,0
1774.518236817915,1291.988052155062,2621.0815370929786,1,10,1
180004.16625710993,2.994833181619377,0.05989527730391577,0,2,0
261448.3962531788,3.8594607316262723,0.053142642421872,0,3,0
762.7715766605995,442.0940498788223,2086.5205629862194,0,55,1
47983.1272471815,3.7672485512105274,0.2826429947863502,0,2,0
1656.241968198196,446.39365741382693,970.2792209993506,0,14,1
118659.58782381187,4.731484602192207,0.1435479836082306,0,1,0
4033.152456374522,3.9676063232016228,3.541493389606563,0,2,0
37305.017789630176,2.6555471127207775,0.25626497914316027,0,2,0
80275.9090000318,2.3405102222480267,0.10496096406818088,0,4,0
18370.72403861289,2.011373120117823,0.3941566601950275,0,2,0
235244.91952312228,1.6873734751833651,0.025822213389237705,0,1,0
100271.43047101058,104.7942515099334,3.7623808064135424,0,3,0
1235.9421878324083,147.97972073483535,431.02905612413986,1,13,1
21235.93609297505,0.5165023890663994,0.08755953081127134,0,2,0
12957.317037612851,0.006018069545089544,0.0016720321266688516,0,2,0
123448.99752474588,2.1115693892801612,0.06157725015049067,0,1,0
1359.4163058321715,446.24239466315294,1181.7370542748806,1,53,1
41693.14478498697,168.35548798843342,14.536676470051255,0,1,0
752.4251406138376,1419.8982030747181,6793.544307808285,1,35,1
56072.99980046097,3.5935197475098652,0.2307112360150413,0,1,0
38725.52979380762,12.972560178557796,1.2059542346216217,0,2,0
30167.17561655236,3.674977501322108,0.4385534520341538,0,1,0
65592.02284781584,5.180872283775404,0.28435073979750763,0,1,0
7535.561055503507,0.11284848286721327,0.05391165108074662,0,1,0
78815.46227590542,3.533471901712573,0.16139598092611876,0,1,0
86053.87388594271,1.1517207781605725,0.04818138468552269,0,2,0
361946.63266002905,1.2468789399794606,0.012401729368048262,0,1,0
44527.54957366812,0.17181514608430537,0.013891052434407416,0,1,0
630.8720531894602,1026.6001899258679,5858.177842953574,0,27,1
2665.1955002469886,3.610737593713983,4.877186433852875,0,1,0
59924.12643054363,4.569582894480165,0.2745221232252072,0,1,0
153202.24570649522,1.0113043884200645,0.023763984539019588,0,1,0
129038.37823686996,2.1157515773245517,0.059026669293585986,0,1,0
124131.44306609224,5.306574033405192,0.15389869035911538,0,1,0
14060.815652572097,3.1279479173487634,0.8008505893749971,0,2,0
5842.6779090303335,4.9317789775287055,3.038744321617056,0,1,0
16193.319632752524,0.02512751682655967,0.005586196198625808,0,1,0
59699.29766181847,2.3358706667622324,0.14085817973905942,0,1,0
159.2073392381346,1149.156889027816,25984.761885331598,1,70,1
92871.64932077857,8.226436537085267,0.318882799542153,0,1,0
12097.266249225384,0.263872912996409,0.07852538476185887,0,3,0
205.84329919392493,973.2824139418249,17021.76706218464,1,39,1
52261.49999765406,3.2484041897269202,0.2237642448751347,0,1,0
51237.0782990963,2.487164338165381,0.17475218952040236,0,1,0
43885.734402340044,43.040104464336885,3.5306319509455664,0,1,0
32276.424655218685,4.536215836385393,0.5059537165417423,0,1,0
80814.7729841263,4.487095250390868,0.1998835399139216,0,2,0
219813.8303586411,4.616370431767748,0.07560458560432244,0,2,0
55702.570458472066,0.4708190442641491,0.03042855195730279,0,2,0
176779.29103176107,4.652117465893889,0.09473747054573851,0,2,0
164737.8657915634,4.006049501218144,0.08754379653450561,0,1,0
3469.959177770625,65.42457951986846,67.87644297961121,0,2,0
77563.13695686492,3.178140279178476,0.1475095703182473,0,1,0
128971.09126406076,48.719632651383634,1.359922412270506,0,3,0
22331.78671165291,3.7387291046631397,0.602702549087309,0,1,0
43820.1722269936,1.126969471584149,0.0925849874958669,0,2,0
11.36893171727162,1101.4735211235597,348784.2811141829,0,10,1
10759.316460531754,58.04052481938318,19.419996624902023,0,2,0
109145.43195635831,3.260554286093641,0.10754454143926549,0,4,0
184950.3100455724,68.9340440085686,1.3417796291863413,0,2,0
140574.43763787972,2.6094223096373916,0.06682523844693147,0,2,0
62926.75998979225,4.703585398195543,0.2690891353098547,0,1,0
75600.39140219335,0.6009577072276934,0.028616885519946254,0,1,0
191613.11419942477,62.95015422768836,1.1826985651087467,0,1,0
48189.399508659466,1.6269521178061974,0.12154182629002928,0,1,0
39414.06328369473,1.988249291615064,0.1816026274250011,0,1,0
36641.41598282035,68.83267310995565,6.762774214621575,0,1,0
37316.312495691716,3.7593812218459544,0.36267711071955333,0,1,0
156265.6284974333,2.227027142889174,0.051305573666397875,0,1,0
19721.675637354747,4.813932544140351,0.8787365474199507,0,2,0
102588.65836922175,4.809859348870354,0.16878565263631717,0,2,0
11083.938683845994,3.3418167364272113,1.085402995658174,0,1,0
157744.04477471346,63.38670460111696,1.446597473076844,1,3,0
122602.26907265415,0.5240199476979451,0.015386924124501144,1,1,0
233795.74924872376,0.5160979572788948,0.007946905160484494,0,2,0
105649.14417272144,3.454602850355975,0.11771576910220373,0,2,0
1485.3107600416522,503.3965912386916,1220.1000472173714,0,66,1
85487.62426511478,10.11594820795291,0.425996322411447,0,1,0
15191.84217440543,1.9426557400302102,0.4603497445419233,0,3,0
1063.0966850158043,1245.784722299747,4218.6426347594315,1,23,1
56724.871897697085,0.7779516219250393,0.04937209631748576,0,4,0
103448.43581080336,4.763733004962693,0.1657776522520869,0,2,0
175552.36336938755,44.61081371751501,0.9148206626254907,0,3,0
24885.717460536824,3.086771254940335,0.4465363128632698,0,1,0
814.9163632507376,362.0498281497278,1599.4026382533068,1,54,1
18740.621601416304,0.794825470113153,0.1526828593663673,0,1,0
83507.93859231936,4.06016646512997,0.175032452253734,0,1,0
50514.92049413591,0.3501761266558251,0.024955677325223396,0,1,0
528.5055531739185,474.4332641506663,3231.6779657002958,0,22,1
72077.53159858262,20.9091014964814,1.0443305107414813,0,1,0
75312.04287441411,4.570942120667555,0.21849615289075655,0,1,0
101205.27884373238,3.357667645273144,0.11943649245458209,0,1,0
5108.638436743829,3.5891488807044563,2.52923281428616,0,1,0
176808.52368806634,87.73633368229034,1.7864003084686324,0,1,0
17447.68478543894,2.7484212792661813,0.5670847867228554,0,3,0
241748.49521728608,1.0387463650609519,0.015468501306940243,0,1,0
67150.34212277355,0.35334095154039236,0.018942977583341507,0,1,0
600.7107959921367,316.9423916701613,1899.4042018640803,0,78,1
9866.066400577209,2.8670081294885192,1.0461341782125886,0,1,0
80626.63115648994,1.0572975469344337,0.047208609790185686,0,2,0
101060.41111136338,0.49384525699375625,0.017591882970062638,0,1,0
31592.268848130443,2.213771428753091,0.2522635263020291,0,1,0
13967.379976250335,1.7537660737467746,0.45202163012846724,0,1,0
43112.26583939023,0.5870203118179995,0.049017908973227095,0,1,0
245230.10369178376,4.706108175476452,0.0690860917018927,0,1,0
140721.2366921536,2.795306438826258,0.07151090635871049,0,2,0
72514.94489589869,1.9532032740216954,0.09696665696391908,0,1,0
114536.83286618044,0.38705837112646524,0.012165607352555934,0,2,0
471.9706845477341,1119.6108833610463,8539.935449512268,0,26,1
256768.12687825345,1.0063180113044623,0.014109013002278853,0,1,0
66624.62670987436,2.151000483713288,0.11622731899254553,0,1,0
65451.21330085275,1.4010386728017448,0.07706105002060469,0,1,0
266133.33514856367,2.738059920714047,0.03703788444641136,0,1,0
5038.428731811771,0.3532939633719312,0.2524315289226299,0,4,0
5891.317105072608,2.0061822698156395,1.2259153670607401,0,3,0
120044.23384954502,2.472931256013229,0.07416060093986235,0,4,0
12959.99730125919,3.797432845941535,1.0548426768623849,0,1,0
2250.5933789121996,1.1504539602001977,1.8402410206691922,0,1,0
20246.302719424275,0.5847359355805641,0.10397203861179302,0,4,0
191229.2934696996,3.8954762790649795,0.07333455220267282,0,1,0
791.4890646592396,1368.5366590564731,6224.636817596985,1,42,1
24670.87844819002,0.09232952446617981,0.013472819331353516,0,1,0
15353.683799404,4.051515686667354,0.9499646249435366,0,3,0
214443.13120403077,3.6732724892653197,0.061665677455406374,0,1,0
24254.475149213697,2.7440766508160648,0.40729291737562456,0,1,0
51517.52278182286,0.46554640300230377,0.03253198058272382,0,1,0
18613.419283617288,2.0167848586893755,0.3900640382432076,0,3,0
232436.90946997434,2.113789604170517,0.032738529316906344,0,1,0
644.4415006154975,583.9104075688281,3261.859245936388,0,64,1
19408.621241190198,4.623843432179509,0.8576516666995072,0,1,0
10740.896522867371,1.5263121450870738,0.5115703061299582,0,2,0
54604.998793012004,3.934351345925626,0.2593840336673504,0,3,0
28215.757449730972,4.000272039756857,0.5103878344850882,0,1,0
1038.8084131119786,1138.3761896655194,3945.0530348699713,1,45,1
1733.7589589697866,101.83147933513561,211.44422857045876,0,61,1
56028.40241874055,0.40762365464293127,0.02619109404097014,0,1,0
27605.220431449598,277.9943742134525,36.253278601908136,0,2,0
1169.0939947078082,1427.6151338941038,4396.066103567035,0,65,1
89824.28723681637,42.39769650618235,1.6992253667413144,0,1,0
187607.64731377692,7.513639295313402,0.14417909850917843,0,1,0
37529.094319351796,4.683840666860512,0.44930011519097807,0,2,0
45740.210153621076,3.928910751968772,0.30922636034211237,0,2,0
74521.30633224775,4.174870366824451,0.20168102332452356,0,2,0
27022.999381723916,3.7214046964708207,0.495764985894038,0,1,0
36042.24229718284,4.085510665013075,0.4080722357053982,0,1,0
14257.794908026248,1.636000110194646,0.41307933202105807,0,1,0
68902.78303062181,0.6080907840982469,0.031771239512644885,0,1,0
77660.16400799078,16.054144704441214,0.7442029214623035,0,1,0
47568.111945325116,2.3762745130401433,0.17983871751683517,0,2,0
1113.5385477775008,1068.0190842532827,3452.8384410092926,0,43,1
141778.7998307819,0.09177862189570896,0.0023304121576632063,0,1,0
29494.339456254726,2.8773763894318245,0.35120484787659406,0,1,0
1743.2328047670992,754.2753760847675,1557.6756853585869,0,37,1
18407.70835270089,2.4775458866531914,0.48453425168716424,0,4,0
127674.48207526856,2.739572218383246,0.07724691595275414,0,2,0
95656.2306092252,1.0441851022599191,0.039297663562473474,1,1,0
10020.285128092335,0.16865053728859491,0.06059128322973476,0,1,0
1368.669320129596,611.2770454505583,1607.8371387864827,1,60,1
65474.158470083705,3.95766309333446,0.21760626587532284,0,1,0
207303.12269007802,71.03310251928878,1.2335519395515544,0,1,0
123306.84933672435,96.43874457360437,2.8155733629759987,0,1,0
38569.2928062144,2.5151474039835033,0.23476009010156698,0,1,0
223389.4087965739,24.54584583022176,0.39556506042444745,0,2,0
12105.509654893798,3.556136407352512,1.0575425100994111,0,1,0
11366.23440279311,0.9376402397328043,0.29697653096161797,0,2,0
928.8526318542075,0.3037686479401003,1.1773311449862016,0,1,0
360447.5782884384,3.0453308462724915,0.030415493699913206,0,2,0
165101.1846366184,1.0870841712762835,0.023703664060364536,0,1,0
133134.44073566288,4.1204380608537186,0.1114180293026153,0,1,0
42925.57179299248,2.502474475383069,0.20987275731175553,0,2,0
117853.08330730049,1.322795639977925,0.040406785892088244,0,2,0
9439.400382530044,0.5122105811632671,0.1953469518678818,1,1,0
90287.38284166076,106.87494280313679,4.261390484272179,0,1,0
15917.504541193686,44.11262364686588,9.976780262115636,0,1,0
163898.98183147676,110.55602571090752,2.42833535700971,0,4,0
200616.93551674203,0.9037015326961079,0.016216604591861535,0,3,0
1624.941088489825,1332.9107452791297,2953.0170151980337,1,45,1
75625.71660730775,3.4163830521119487,0.16262958606351322,0,3,0
7864.82307940311,3.2566805290010277,1.4906946775582752,0,1,0
172654.35250303018,3.825951014905149,0.07977455218464188,0,1,0
132163.23670686962,4.373632526106041,0.11913356154331642,0,1,0
155454.4314203047,1.368989957009561,0.031702948576033334,0,1,0
100748.81250624113,4.270077652277297,0.15258025544713985,0,1,0
177470.6721250072,3.3538001085576696,0.0680319753469076,0,2,0
37888.33388762035,286.20594772535173,27.19415994557418,0,2,0
194799.99531037128,4.3039519051523225,0.07953915416610607,0,1,0
39608.172114863715,1.166024583251179,0.10598036404030327,0,1,0
79053.20372989595,15.792565665730848,0.7191768797996302,0,2,0
310701.0357212625,4.616196918640939,0.05348649343420944,0,1,0
364.55474912830414,25.662344935419938,253.41719450484325,0,1,0
1745.1275928839227,1.7272180473025704,3.5630546417604223,0,1,0
1156.9825602922886,296.92338047334067,923.8896128511946,0,44,1
20491.638512213598,3.9495585011140255,0.6938640165614827,0,1,0
38097.90442541562,4.055589363703476,0.383226372408887,0,1,0
198965.33296079075,7.520354054492303,0.136070310306306,0,1,0
246096.55051189868,9.1012463155525,0.133136716739168,0,1,0
61265.48212630872,3.230651841836027,0.1898352257578232,0,1,0
36422.19112905131,4.315936741840281,0.4265908169987058,0,2,0
964.3085173274696,412.14285074328154,1538.63025786379,1,72,1
101438.93436102333,18.363162941313924,0.6516963827069844,0,4,0
165387.99764619867,2.9001240115848486,0.06312698980756673,0,2,0
57616.483830972094,1.918869651778119,0.11989504195824995,0,3,0
93854.5009960143,0.4792370627495114,0.018382212974223867,0,1,0
111.98243415069089,848.3249322475567,27271.864370992174,0,9,1
204726.4205925117,146.59837292676124,2.5778506799900756,0,1,0
11171.082167579827,0.9793660397999226,0.315611118993636,0,3,0
43554.2663050569,3.280809032224386,0.27117693668132054,0,1,0
68319.1612771597,2.8956259260192962,0.15258169360979082,0,1,0
68783.96745181835,8.865456205121951,0.4639982763540825,0,2,0
104634.3389695627,4.6866978156235,0.16124832729294122,0,2,0
27821.179046267862,1.7784369494718715,0.2301258694842266,0,1,0
16600.59765993743,3.2955737094988082,0.7146770012279442,0,2,0
12598.322225896003,2.3675429387053226,0.6765309242384445,0,1,0
17425.20389220588,12.5262035396526,2.5878797758527012,0,1,0
80104.3126642204,0.7479485145668091,0.033613853772484874,0,1,0
50612.12076701183,3.6891366367189358,0.26240536240963924,1,3,0
855.3003708155029,2.153709874406476,9.065067445803543,0,3,0
39564.75978692495,3.6151721542539783,0.3289447433879098,0,1,0
154582.35793179006,32.38675680098782,0.754240820514608,0,2,0
57134.43024361931,3.8984218268278896,0.24563679932990554,0,2,0
74775.22249935304,0.9331074578341336,0.04492379609076984,0,1,0
193985.42505369036,1.2493247135968337,0.02318508706364814,0,4,0
990.5398147766861,1494.9139106661894,5433.08809814128,1,60,1
884.4827165980271,1214.534236272707,4943.367652676073,0,23,1
9276.435599590224,3.3063265313254577,1.283119511258984,0,4,0
45739.12540790284,3.4402227748518683,0.27077041545982145,0,2,0
13731.323236351,2.7545631997394286,0.7221756671498444,0,1,0
41269.673654739294,4.520818419780374,0.39435606996471556,0,1,0
1212.8167202344027,257.39530682335715,764.0256677736072,0,36,1
273039.76002084697,0.11125175963165479,0.0014668425384031175,0,1,0
348940.6831437755,4.864471946938474,0.05018646393193116,0,1,0
432.7328274166254,1266.1258883214941,10533.181004936767,1,7,1
10057.234012865792,3.9391659409274835,1.4100295736579056,0,3,0
57513.63892339367,0.8801407639386344,0.05509139761438906,0,1,0
158230.33862280584,4.161128902521893,0.0946725146356966,0,1,0
40219.567853255525,4.451572281068256,0.3984543113520436,0,2,0
26300.035399023098,3.2889813251287463,0.4502021609789655,0,2,0
1636.0665428905165,1321.322846556875,2907.4381285254767,1,60,1
96842.58734856315,2.877885628492101,0.10698173754158047,0,4,0
151197.68404701602,1.0421166128076056,0.024812680364474277,0,1,0
38017.22118023743,1.1408366719029224,0.10803030551284683,0,1,0
178716.11422523006,3.3931350249412597,0.06835022204205946,0,1,0
4620.004919648227,3.035161191315481,2.365058150104242,0,3,0
157877.4314422624,2.9727628118047402,0.06778642155963178,0,1,0
11373.234661803013,1.1168016636712013,0.3535041796613165,0,1,0
168363.46728582555,62.04491645316932,1.3266636927369475,0,2,0
258940.41390746788,2.1436257087574075,0.029802426106742646,0,3,0
7371.52518451528,11.438182048445178,5.586015694676122,0,1,0
61587.14361412866,2.35399707467904,0.13759997576670271,0,2,0
254924.7370652047,4.06476491823603,0.05740185858034967,0,1,0
52402.93204954962,2.144271806533192,0.14730814100669842,0,2,0
199017.25206938136,15.111716425720672,0.27335408647702936,0,1,0
312.5157588541572,1227.6503022054414,14141.818333078274,1,15,1
41949.27035307572,4.1711921482032,0.3579631208634485,0,2,0
49370.43014308807,0.6494641314937771,0.04735771729355554,0,1,0
220660.13607133192,2.8773344442649353,0.04694279711676262,0,2,0
11254.207230541288,2.8290899642973404,0.9049703513394942,0,1,0
254300.59256821917,1.201869770157331,0.01701423944344799,0,1,0
11109.25684582566,2.7745491691270447,0.899103976753452,0,1,0
130764.13518347012,3.5651410114454833,0.09815005944249268,0,1,0
984.0997852329353,2.993616705283652,10.951145707719304,0,1,0
15506.499212774148,0.4724193758948181,0.10967722178196816,0,1,0
246.09291461948112,1415.780348290593,20710.914256621443,0,33,1
293834.75019294565,2.574647476962414,0.031544025718463896,0,1,0
1406.9271214045955,633.0738531115625,1619.8890735195553,0,36,1
52950.870256084105,1.2240448070606669,0.08321980893056394,0,1,0
217719.9403008703,0.15211157196642122,0.0025151653923952844,0,1,0
136509.61602729,3.297962736480522,0.08697311000388706,0,3,0
130773.77338283004,4.716786493549408,0.12984584704969077,0,1,0
199951.71128330074,3.449480016566804,0.06210563530534591,0,2,0
25810.696132414174,1.5500000560577254,0.21618945003192724,0,3,0
1564.6127467156573,279.68697815115195,643.5286453198823,0,24,1
58624.84144982325,3.354873547428925,0.20601411401822295,0,1,0
871.5994498344694,926.4291704792115,3826.4652580477864,1,49,1
1584.4347986743749,1164.1047214485268,2644.966521008583,1,57,1
22910.13962365833,4.2531332240680655,0.6683189128552375,0,2,0
11182.886280474408,4.297638526237449,1.3834978114253411,0,1,0
181943.61991676735,85.33882648483986,1.6885438219046398,0,2,0
2441.5869771116004,1.8636335241704716,2.7478360385713336,0,3,0
38992.81361655842,0.26180187097203766,0.024170780410139616,0,1,0
6020.207209445465,0.5624897890694269,0.33636105373131514,0,4,0
46496.42571853968,2.939711191941323,0.22760803927276893,0,1,0
34812.01487641656,1.8487625398651397,0.19118528953701297,0,1,0
64210.82135680037,2.728042322135753,0.15294855527725787,0,2,0
29245.580499214255,2.136015136409173,0.2629338983809749,1,1,0
198961.4600929149,3.7275154267638633,0.06744550190817465,0,1,0
147918.8516513464,3.1134390684827413,0.07577384844060778,0,1,0
175051.1321575198,26.11784795833323,0.5371245046583982,0,2,0
83182.94638065515,0.44487767934669187,0.01925346138040316,0,1,0
87719.62085291371,1.7172214164700494,0.07047450774619754,0,1,0
441.50369835123695,798.2057446479408,6508.531392746228,1,73,1
20500.654496455903,4.841467791364757,0.8501818345324658,0,2,0
40885.31852905676,1.6902120799851987,0.14882514572125294,0,2,0
113996.44098497521,4.912236785235374,0.1551281099133447,1,1,0
62107.10632536861,3.1747575788049085,0.18402285921714676,0,1,0
27424.079176522428,4.3197851405751155,0.5670646735655474,1,1,0
235560.82552561903,4.594673715552487,0.07021891411307697,0,3,0
187.58577051303044,751.9962383870748,14431.726088762245,0,15,1
92902.53859072279,2.7802866759573073,0.10773690563549147,0,2,0
99294.09762608098,2.858686555801611,0.10364434389283028,0,1,0
3554.7208386233388,1.1148873739384069,1.1290885356085056,0,1,0
121499.55993634762,4.3073907231730315,0.12762685405236585,0,1,0
4315.121994764224,4.281766744067543,3.5721725358741305,1,1,0
70886.75816407886,2.728515080164742,0.1385682536907239,0,1,0
50412.616763140664,81.13386376540755,5.793825599805479,0,2,0
45848.40363979133,52.38304206459038,4.11309743549849,0,3,0
50953.85982592011,3.838704049263545,0.2712127133167427,0,2,0
86171.69092763214,4.265864893233612,0.17821529843876527,0,1,0
156111.9391033158,2.844850168806205,0.06560331430464443,0,1,0
20184.36488646692,3.468630307312211,0.6186505830904894,0,1,0
23524.517061194667,0.14543809294487176,0.02225665815963616,0,1,0
243654.31482764333,2.278596900326434,0.033666339325768894,0,2,0
77417.90343134035,4.109356774354229,0.1910886724127747,0,3,0
16171.422915987228,2.9925298412031234,0.6661817877312975,0,2,0
15149.286511402797,2.854265127721564,0.6782731617138152,0,3,0
106278.11711929846,0.9746590116042728,0.033015003811525404,0,2,0
28617.49069594306,2.9958243668358326,0.3768662960424382,0,3,0
39823.28274257899,2.6334467946317557,0.23806195290218712,0,1,0
140968.15525587712,0.6868432728745139,0.01754038547117302,0,1,0
3310.258168945218,3.500647812279764,3.807054157417203,0,2,0
145313.7343048682,4.770079020595936,0.11817385711193627,0,2,0
75514.26233620431,1.8798055108067695,0.08961618149396763,0,1,0
105085.18885093946,0.9993648732472182,0.03423616194660169,0,1,0
69119.9662751549,4.052049663675151,0.21104435628861065,0,4,0
126519.00837023294,3.46693763807656,0.09864901454611866,0,1,0
15365.20842798411,0.5486872360622497,0.1285549791974577,0,1,0
102546.35011700481,3.223876169739249,0.11317764306402878,0,1,0
43791.61977998966,0.40423400821626987,0.03323107107911858,0,3,0
35439.098266264984,2.7520472158924294,0.27956044205119407,0,1,0
20756.16206561166,3.5827453401164595,0.62140019834342,0,1,0
20423.869927746306,3.756536478260882,0.6621434316601842,0,2,0
144929.90715906286,73.2634153776668,1.819833466602118,0,1,0
19499.569729587987,118.82095776867969,21.936660854530817,0,1,0
78124.30872004785,0.5174875179678384,0.023846035826825263,0,1,0
190884.05327756502,3.4260537316923454,0.06461405875616985,0,3,0
28081.047353306723,0.5237912976924902,0.06715022584337181,0,1,0
72509.13208460595,2.1392028531352647,0.1062091084237642,0,2,0
1604.4455485498725,890.8672527118554,1998.897446324268,1,46,1
15238.223075145981,1.617336673652483,0.38209258365862064,0,1,0
20559.56076131121,0.9548444887962471,0.16719424114035705,0,1,0
88832.60449540931,74.28069026599319,3.0102740595812962,0,1,0
60433.56870531303,29.25385790276509,1.7426389125468875,0,1,0
3029.2861101191015,41.46759804295424,49.2800440526121,0,3,0
59882.83050246949,4.062279752015562,0.24421369171340257,0,2,0
97500.68979597234,4.204444883557425,0.15523994355814275,0,1,0
19235.349733012335,4.234617090548976,0.7925315493387156,0,1,0
43180.82463922081,1.5234817004314472,0.1270131862320121,0,2,0
37299.77939490198,1.9273521734986772,0.18601900432535978,0,2,0
77984.57050739742,1.7766985410977347,0.0820176953766146,0,1,0
50200.96094952655,2.6675383125824337,0.19129390640454125,0,1,0
156753.84040654867,2.053885447621453,0.04716941921333835,0,1,0
41790.77147621772,2.507203735707764,0.21597910566653275,0,1,0
19724.201950789597,1.5322886567522531,0.27966856038438026,0,1,0
30478.45260326845,111.81118595348791,13.206716058458655,0,2,0
74971.78505374599,4.261826746310218,0.20464467100147016,0,1,0
96545.5962437919,0.9927620176854646,0.037018190396203444,0,1,0
172798.30052797453,1.9828185839854044,0.04130912677113889,0,1,0
35178.056574076545,3.968324905179006,0.40610457341671496,0,1,0
95116.42562031554,10.048780069607957,0.38032976969712834,0,1,0
403.13654333202527,25.341005271362892,226.29459047023403,0,1,0
225186.45105662572,0.8759892711908063,0.01400422344013008,0,1,0
57784.64458898028,3.2235841890737147,0.200830223378729,0,2,0
6763.914747781258,116.9267953795255,62.23266836773335,0,1,0
84354.42296394912,2.4898815129369662,0.10626085902340741,0,2,0
21382.03926679986,1.7338003596003433,0.2919123483349302,0,1,0
578.5809321398834,682.8452380028172,4248.7450246905355,1,17,1
34991.24394574037,0.5193689513940525,0.05343417421563828,0,1,0
52039.1950897798,1.9583327143940443,0.1354747658885896,0,1,0
21518.479120443713,3.9109701802322627,0.6542977582212058,0,2,0
1410.5850595358465,1198.207666280509,3057.9847485618534,1,30,1
97230.88339059755,0.11280825378663817,0.004176756391284306,0,1,0
537.9410715915869,1.8561746723705974,12.421860262061196,0,2,0
56688.48755074328,0.5178422953746927,0.03288555302662067,0,1,0
106581.15796968782,1.975381626940963,0.0667226176976795,0,2,0
9378.469260472093,1.3579946179019886,0.5212770323886595,0,2,0
62.71764854654645,467.27162681793806,26821.443334185813,0,5,1
6040.397374065026,1.6764415853973529,0.9991378602578507,0,1,0
68690.07613241709,4.096593811734824,0.21469968520365965,0,1,0
26581.656107123792,0.6551425290614948,0.0887270941703782,0,2,0
61632.79943978289,42.44265757957636,2.4790950382800454,0,1,0
155241.76879554856,3.608292747420787,0.08367499282891003,0,2,0
36347.025863884,4.387991865807095,0.43460971954247035,0,1,0
53004.48646480965,0.9879229291415914,0.067098519052174,0,1,0
84570.25985327337,1.0857020201883594,0.04621633278009623,0,3,0
11942.057026857314,1.288505827503495,0.3884273009733975,0,2,0
48558.627943386135,0.8488846987906107,0.06293392225186287,0,2,0
63514.882938541276,3.2742403119456394,0.18558272608972576,0,1,0
1188.2270380011175,600.040894380817,1817.9583115738774,0,65,1
14689.616473027349,3.1208122795393765,0.7648207988936266,0,2,0
256980.50164920502,39.86702773356979,0.5584910097061258,0,1,0
15413.12364219222,3.80605757582737,0.8889701783401585,1,2,0
179491.10302778025,4.2726760015083975,0.08569579965782248,0,1,0
101363.87354110675,1.3935605187347289,0.04949315463374159,1,1,0
77544.96981720967,1.01233771047875,0.04699744891659871,1,1,0
79868.31886402286,0.29965216559445895,0.01350657947335336,0,1,0
4265.001335932143,11.123606765285357,9.389207927709876,0,1,0
55065.57052539522,0.5537425391525452,0.03620180671749892,0,3,0
117180.32277877367,4.609172549835535,0.14160245326115137,0,1,0
226.08975838858595,1122.9735977257753,17880.973382547014,0,35,1
1056.6749469618528,455.62893433731693,1552.288306191437,1,19,1
29255.671255119734,5.762711911948182,0.7091193602123538,0,4,0
76324.31299135466,86.05301802257185,4.0588752487867,0,3,0
62005.2825050758,3.6622731456686486,0.21263000169909504,0,1,0
103827.59783822621,3.7429286335590133,0.12977804900973566,0,1,0
92396.77268651515,3.765998509571147,0.14673233967223612,0,1,0
157720.33012122475,0.9183076939094287,0.020960567959330316,0,1,0
196715.6321536969,2.778173786024849,0.05084204808835523,0,1,0
7752.050764553282,2.4498258816356495,1.137682587711558,0,1,0
47103.618023433475,0.33423609908838026,0.025544745970884165,0,1,0
29758.950797376332,308.513338169475,37.32147766137068,0,1,0
35555.73921991795,2.300331194789755,0.23290733037562836,0,3,0
75453.86737667507,3.070155992243253,0.14648104804091688,0,2,0
513.7134386204203,504.0934585739738,3532.5851232153636,1,55,1
3233.6905590868682,1.0606503543530548,1.1807998340908732,0,3,0
1642.2711539984653,704.7606494877585,1544.89612265229,0,69,1
1717.951285599645,911.6311875896603,1910.3407080470565,0,40,1
95904.24214412257,0.017744959323856557,0.0006661003949114525,0,1,0
45098.31828247427,1.6865891300483704,0.13463297744593894,0,3,0
1226.1449962517186,526.4939311682956,1545.802623670094,0,38,1
59608.32689816345,2.2881593727258753,0.13819166164294652,0,2,0
63475.2090878184,4.5969742060433925,0.2607176467723077,0,3,0
34190.90790046624,0.6389147728692163,0.06727207095596936,0,1,0
1681.6486724747087,117.06338457546548,250.60417872628733,0,72,1
95464.64516822822,12.145685811347779,0.45801740365556853,0,2,0
156795.47212386658,2.8210898851668276,0.06477179123245037,0,1,0
67601.97198914926,1.1074677442982002,0.05897585177120946,0,1,0
331854.690562626,3.846895732315863,0.04173159226063018,0,1,0
118925.18594876607,0.8023823815852094,0.02428902297408369,0,2,0
306.79064578025907,344.74597393679437,4045.3824888174586,1,8,1
6324.962492539208,2.915093237220682,1.6591933416796307,0,1,0
140170.82189884858,4.463745022601758,0.11464213353163145,0,2,0
96123.81821898677,49.36861189536339,1.8489382352500312,1,1,0
829.1624868504232,733.4572685957363,3184.4737416599673,0,58,1
43830.54046187949,1.3820527054683733,0.11351422289700862,0,1,0
240873.7166575302,4.434938789359946,0.06628278030182785,0,1,0
6654.359194986798,2.0007273364227958,1.08239098612956,0,1,0
252063.3489803096,2.3667708966640055,0.03380251536948359,0,1,0
105495.92206852518,4.483890584346172,0.15301071157197085,0,2,0
8852.739410391428,3.1293305480768403,1.2725541158314195,0,1,0
3813.8814806385635,0.2228502035631541,0.21035282215771192,0,3,0
114719.22597329484,3.4818792493528288,0.1092647304000126,0,2,0
1066.7382909541593,1176.0708166199188,3968.9724984416516,0,48,1
73786.84137040107,2.3236097809937473,0.1133670320645143,0,1,0
13769.931878162259,16.14284607084947,4.2203727926367955,0,2,0
170983.22196478653,1.663364932651619,0.035021645333008534,0,2,0
1212.0810538179912,1128.1754432722432,3350.7920802711837,1,53,1
1321.5824853048355,1467.9497629472853,3998.705495398027,1,62,1
149746.1870786375,4.816966891849245,0.11580315431704988,0,3,0
40744.679712853496,4.5569726840364195,0.40263174917916666,0,2,0
104645.54734414797,3.845116193913239,0.13227909499640803,0,1,0
37531.51818117274,5.690847576454142,0.545862578122726,0,4,0
1776.0677217085224,1462.217853722717,2963.842092878075,1,59,1
73479.44720399076,2.5925906630485644,0.12701955093733924,0,1,0
91271.5835835176,0.7182368253605981,0.028329217811063453,0,1,0
469.5560295496901,910.851646332549,6983.332595988257,0,8,1
48232.18613147761,87.70845375964682,6.546467387441544,0,2,0
170924.0330033038,1.1238011882940975,0.02366948758914758,0,1,0
31352.037703415117,0.03258157845937637,0.0037411821063540744,0,3,0
813.3304466466083,735.2687314607558,3254.479706461582,1,16,1
88652.62552411141,11.305118736018777,0.45907751980338796,0,1,0
388410.42026297667,4.380698923420036,0.04060271120850611,0,1,0
6182.682487653144,3.356670155515028,1.9544934717229858,0,2,0
58746.93646747144,29.63405727717832,1.8159688421695457,0,1,0
19298.259253910543,2.147458393489219,0.4005983189905914,0,2,0
45726.19227278381,4.5339470194301255,0.35695535662748407,0,1,0
146009.0815748013,0.4556866954485361,0.011235411427297465,0,2,0
57145.02952262172,3.7278397586767555,0.2348449767783167,0,2,0
57050.34606055339,3.901032861005955,0.24616359530431942,0,1,0
142971.66488606887,97.51446869718082,2.455396232460446,0,2,0
155.035724312139,833.5242077462268,19354.81103597146,0,62,1
300422.0763079133,4.91022311393192,0.05883989428272684,0,1,0
1014.7206506538967,1075.4878388951681,3815.58827794389,1,71,1
120930.43603012478,0.7285330587375449,0.021687832257561865,0,1,0
639.650268532382,1.0594326972497874,5.962567199182149,0,3,0
360888.8856807182,4.144111285526909,0.04133904151621804,0,1,0
192744.27821235248,0.399912413983774,0.007469403002227854,0,1,0
238622.0775322119,0.5044440105292947,0.0076103538142245734,0,3,0
1130.5934581218644,671.0225453208304,2136.6488066965344,0,6,1
260178.93243576234,2.8438455126143865,0.03934924226787461,0,1,0
81031.32658246015,0.6509467460040119,0.02891978182326453,0,1,0
44552.08045706998,318.9492533549655,25.77247348043126,0,1,0
1305.5151506162015,461.6197744344601,1272.9313690305887,0,35,1
36249.50384199711,1.444255616658157,0.14343148647308265,0,1,0
27579.657325411106,0.10139986883709984,0.013235825358758987,0,1,0
139.58249147891738,1423.7463892401224,36720.12834101473,1,24,1
22817.46362230468,2.2098267765569117,0.3486529671873034,0,1,0
46556.36337842662,3.26782576340551,0.2526866768488009,0,1,0
249736.555928118,0.6321311357751402,0.009112290670996177,0,1,0
5574.220142607206,1.2168485670318803,0.7858776168222563,0,2,0
18877.088660171823,99.23903002612546,18.925614777019316,0,1,0
119211.47613946651,3.0250153066901655,0.09135072777174766,0,1,0
71702.54957014881,0.10925688603889372,0.005485506332731107,0,1,0
29654.577881736088,121.37211549457703,14.734305695498819,1,1,0
101.66910806637793,1251.6138399282038,44318.376638061694,1,25,1
42248.03176476719,0.6217265872120536,0.05297798786048907,0,1,0
84420.40292091755,43.248588320387114,1.844280678205763,0,1,0
1408.3463840774127,1357.2654350426299,3469.4274231082127,1,29,1
6368.305925231065,4.511539867210494,2.550371121087195,0,2,0
24539.338207513607,4.261071033614897,0.6251128531378559,0,1,0
13259.37681058174,0.6446865270990859,0.17503624270671012,0,1,0
50424.016455727324,17.994676968447212,1.284721877387297,0,1,0
5916.574044037006,4.538154766673535,2.761286690308602,0,1,0
80714.60152532096,1.2737939759992267,0.05681324353882427,0,1,0
87688.44061120812,1.627516690630677,0.06681678959542983,0,1,0
71738.43745823324,3.8220005569465303,0.19179678973379147,0,1,0
1336.199907971858,246.13105037159332,663.128156237231,0,61,1
151317.13297001572,3.658880475188362,0.08704876607256494,0,1,0
590.9836934110083,1186.8633883894902,7229.824182696438,1,12,1
27896.854872431228,4.70509911348617,0.6071780093493394,0,1,0
14709.872964674441,2.0461379704204887,0.5007586884810861,0,2,0
189363.98936447728,0.09605266536757417,0.0018260578290717696,0,1,0
50724.47418546682,0.7040593104649973,0.04996825612043876,0,1,0
96878.66157059468,2.4347035661962413,0.09047330646614615,0,1,0
112069.63010702861,4.003464004583655,0.12860281953939687,0,1,0
160829.31641304042,2.549449741028051,0.057066828812043675,0,3,0
863.3134304119178,357.0845680653773,1489.0356152828506,1,15,1
61149.224325844225,4.358084231644251,0.2565707645009069,0,3,0
42075.83848534056,3.096039625149115,0.2648965071586167,0,1,0
35652.12934335797,0.4566382218266618,0.04610938052939164,0,1,0
1223.3416505651787,284.7814419827181,838.0432323743256,0,24,1
13284.177147752265,4.68572483407561,1.269827194793652,0,1,0
138391.91955631247,0.7742999876079087,0.020141927103296157,0,2,0
19909.67285067502,4.295388472251713,0.7766776790399094,0,1,0
115441.45892861564,65.96650635710043,2.057141559796202,0,1,0
178110.9718211872,2.342899021875695,0.04735495176131077,0,1,0
357732.3039830891,4.513880238822725,0.045424941160835126,0,1,0
18903.02587864021,4.512267696027603,0.8593419810134597,0,1,0
76613.88336351428,4.494055465137108,0.2111705994294802,0,1,0
7524.092438235265,0.18417908551651652,0.08812288170332114,0,2,0
707.4441960420612,104.65204499784097,532.5471098639531,0,14,1
2246.3742605900507,4.202679399745969,6.7351403123322,0,1,0
485.7802049901552,142.93996970105425,1059.2936592264475,1,13,1
1264.0909733770748,1328.5046709379787,3783.4435306501337,1,67,1
1623.6704485383136,1205.0114907950647,2671.749905140845,1,29,1
623.463253087883,1238.412508508863,7150.838495373952,0,17,1
123241.39347237299,2.1602135676323817,0.06310192236847673,0,1,0
301456.75498054817,2.8026967620838543,0.03346983664092359,0,2,0
82289.40529025937,3.458147452993994,0.15128716493776886,0,1,0
291277.62749881815,0.28467478468656715,0.0035183932033221467,0,4,0
148469.08326440255,2.724175773444971,0.06605437690308191,0,2,0
32609.075639896626,2.522105198576065,0.2784371693064838,0,1,0
4158.242994826832,87.34067593786787,75.61521386977493,0,1,0
916.7842962346633,445.10421331372896,1747.8213517733236,0,70,1
9533.844074421257,0.31583865451515536,0.1192613543266472,0,3,0
353.85682258589753,736.1477846636725,7489.277740705171,1,40,1
119683.10283964925,4.095287278346749,0.12318392364710774,0,3,0
83462.66938002844,4.243343378093549,0.18302836794712124,0,1,0
48983.74760626824,43.54016929287658,3.199930938609886,0,1,0
90277.41611018348,0.12645704494816556,0.005042738055969276,0,1,0
172056.19799473937,0.33003167905833963,0.006905383580813226,0,2,0
112764.82640612072,0.8476008016473119,0.027059527187501608,0,3,0
34857.87237409351,2.8860111806297875,0.29805721183341216,0,2,0
35148.56873110122,1.929304066708009,0.19760391079603504,0,2,0
69.44484932936206,1376.1238547217872,71337.84470468723,0,50,1
94069.9071056205,2.0234636072393855,0.07743676176785078,0,1,0
23119.052613046555,4.408239772874053,0.6864322447793996,0,1,0
13785.079597202677,22.323552499863396,5.82983858981969,0,2,0
248681.98089695783,3.718813371264451,0.05383473337418553,0,2,0
35753.51159019466,2.3082959038070765,0.23242095347032823,0,3,0
148514.51170124047,4.970360690246625,0.12048181877931863,0,3,0
73701.29291665512,1.9453035480932628,0.09501994464405356,0,1,0
74246.21156150484,2.9166023912188543,0.1414182405750086,0,1,0
176293.64705719697,2.9256116252857716,0.059742378848238895,0,1,0
680.6468921213651,1408.5404065825187,7449.891452369859,0,39,1
7138.60677589467,4.580935740369438,2.3101662807674597,0,1,0
5015.529676193849,2.5237716178277085,1.8114891967052527,0,3,0
2734.749841855952,2.8845476766137566,3.7971925171635137,1,2,0
88548.53963491056,1.5835856101260803,0.06438173029119372,0,1,0
76322.90729765268,22.816293227540076,1.0761992503615025,0,1,0
261328.27440216197,1.9057382668052536,0.026253025150814503,0,1,0
48.17303139032327,263.76064150943216,19710.993517104962,1,5,1
129438.59633398723,0.3668037975845978,0.0102016995602866,0,1,0
88443.2900824877,2.952456728274023,0.1201769428961017,0,2,0
44790.60892632143,4.843830197840966,0.3893179648642837,0,1,0
144378.76486041988,63.17336553665803,1.5751908956406038,0,2,0
41003.70067860039,3.3059544986596903,0.2902527332462501,0,1,0
81406.87151601558,1.0576431293170685,0.04677142352525333,0,1,0
8076.6229543786685,4.397607962930437,1.9601495273425795,0,1,0
211703.10907984807,78.3982635611292,1.3331582613348159,0,2,0
193345.86693414417,1.7093268596834705,0.03182678167595107,0,1,0
35251.56924870824,0.9859634618602053,0.10068965831434032,0,2,0
25554.169536608497,1.32142610606241,0.1861588174489365,0,3,0
287285.2807721407,70.31092333644969,0.8810730690096843,0,1,0
125550.3379562437,0.6227769419974466,0.017857355286229334,0,1,0
226027.02370063358,0.16367170302109324,0.0026068481601400836,0,1,0
930.1278407709414,664.927747249595,2573.5600905295746,0,61,1
48703.70927523518,3.653534421814431,0.2700558974718551,0,2,0
123362.8072842512,2.135905812041859,0.06233046322975759,0,2,0
36818.3609310457,132.05991959714382,12.912462655252023,0,1,0
23056.858650228824,3.014223733931754,0.4706280940854284,0,3,0
33164.87804826973,1.608685149291389,0.17462046834666833,0,1,0
40675.162568718224,2.4563381424500035,0.21740090891783428,0,1,0
4479.906103259749,4.694348369546572,3.772323290006197,0,1,0
102889.33164628578,0.3712342966527288,0.012989135477565989,0,1,0
68015.89537431803,7.666089449240578,0.40575694645176597,0,4,0
842.8606030431392,1407.8156363400585,6013.018371633172,1,68,1
25261.15180130898,4.946333726092088,0.7049085312495056,0,3,0
1454.5641474738568,179.36799382990677,443.93007961119855,0,1,0
41362.843113964715,1.2291356631660815,0.10697737520620251,0,1,0
89412.95397457127,4.657598137984589,0.18752711493586374,0,1,0
145232.3792709629,3.0449955552596424,0.07547892593897895,0,4,0
62097.80222585459,3.091701586399706,0.1792354207731507,0,1,0
32.3779734527439,1353.610412994774,150503.47403284497,0,34,1
47888.64526080056,0.7672841605408104,0.057680123605583514,0,3,0
13195.134048531969,4.575392009085084,1.2482943463949754,0,1,0
58142.70053350936,0.9446427772434723,0.058489096083807944,0,1,0
78949.15825177616,4.338094330945662,0.19781261684386656,0,1,0
23981.33663964667,2.496977995855328,0.3748381885527638,0,2,0
8573.313007057157,4.57443075060752,1.9208386173036505,0,1,0
250574.57169647655,1.7959964782160402,0.02580304648553715,0,1,0
21326.907889641763,0.0867296342685897,0.014640035254176153,0,1,0
51614.258141940925,2.5816990941916327,0.18006878474414467,0,1,0
35956.42759991144,0.26708335967255303,0.02674070142673348,0,2,0
201663.92288325817,2.6427923121684085,0.04717776083982007,0,2,0
60899.62712340853,3.198191046517479,0.1890567859164672,0,1,0
141436.6620404152,3.569777116210258,0.09086185599236449,0,2,0
15982.213225035493,1.7547666236368982,0.39526189246413357,1,1,0
114.2695270226185,230.94332894831723,7275.745387914099,0,6,1
12714.070778006531,0.8327279429690065,0.23578762829244362,0,4,0
8604.375814580237,1.2186833101390493,0.5098870634016593,0,1,0
5991.403140154041,1.9647221968667994,1.1805247858081251,0,1,0
130761.93988318581,3.9679559860116176,0.10924158484038086,1,1,0
165178.93761705302,0.21952306815318623,0.0047844056678923805,0,1,0
22832.554678146436,4.0791042551264765,0.6431507785902929,0,1,0
31100.183021842753,3.186568148335663,0.36886102329209597,0,3,0
53003.7769372286,1.9580094046077772,0.13298738814284503,0,1,0
16646.16023479944,2.442591769654131,0.5282497733244256,0,1,0
464.801204761673,309.1396232003951,2394.3626482036843,0,38,1
90371.29989285102,2.002946786599056,0.07978869884914656,0,1,0
43850.57248598491,4.493465269010804,0.36889997214082126,0,1,0
51474.86500724096,0.9249984875098971,0.0646916617375723,0,4,0
51405.364484807214,0.3701564370295679,0.025922648086665775,0,1,0
25156.15380822958,3.486917620438234,0.498999311630504,0,3,0
1780.8307073418614,746.3141952277089,1508.6954036355726,1,74,1
102145.29790081152,4.228813230589023,0.14903992589951157,0,1,0
165845.310108711,1.2476092879307616,0.027081823619894044,0,2,0
661.9368857669833,580.1522693921979,3155.2074143623545,0,36,1
253946.765835995,21.81283368754526,0.3092230807376262,0,1,0
23987.727220413944,81.45262859735615,12.224145299640524,0,2,0
1247.7782493641955,2.2794129421205147,6.576398166753713,0,2,0
168012.15397874068,16.123630629913407,0.3454813767522614,0,2,0
9740.914235668179,1.844412607779446,0.6816490965183559,0,1,0
62551.35221190373,0.8228143830991019,0.04735519975846443,0,2,0
10642.16903782445,4.402109514368024,1.4891319800878269,0,1,0
70189.92963589008,2.7583978187631972,0.14147659356634978,0,3,0
156357.20547663796,3.732575687435191,0.08593957939964854,0,1,0
1503.6940637982411,759.7986935202109,1819.0371050369233,0,14,1
1437.7897589784893,1059.4675934267405,2652.7406475937546,0,78,1
787.8425260645519,1.5364682162114658,7.020800979088137,0,3,0
73097.49375812543,0.5962245565963059,0.029363638797918555,0,1,0
53348.196225822,0.5954716509337749,0.04018313823184111,0,1,0
11730.495998601466,4.819444340552442,1.4790508114965721,0,1,0
107026.7119021622,3.995051856761793,0.13437941265998943,0,1,0
38800.25817846744,4.011719994909765,0.37221896605033367,0,1,0
23422.060903515343,2.220721011100598,0.34132759166219523,0,3,0
254205.01608002424,329.18655148917026,4.661873332145224,0,1,0
17164.87877677788,4.697168114480937,0.985139798074683,0,1,0
12333.665015843615,16.346851506294755,4.7713850949466465,0,1,0
843.3926491346199,1003.8160353731881,4284.763130258992,0,71,1
94688.76737633439,24.88124490680133,0.9459673427628933,0,1,0
57166.651373026114,4.924329701724214,0.31010364435255117,0,1,0
48948.53234311279,2.0872803554687076,0.15351245318276882,0,1,0
20445.543882811875,12.195578790311133,2.1473668735234424,0,1,0
6695.915065297098,30.534503543654722,16.41660798937862,0,2,0
555.5085205446704,4.449655279450489,28.83620757124577,0,1,0
68363.7361456273,1.738850488022189,0.09156699311379393,0,1,0
138533.38598919802,4.355935231751589,0.11319557897421534,0,4,0
38625.287619779294,2.6687666029689305,0.2487375593228799,0,2,0
22704.60042136044,3.4005484921663864,0.5391847618811987,0,1,0
39744.743101112304,32.07806192031193,2.905567224810948,0,4,0
18898.11718698038,12.26622639552592,2.3366568524781766,0,1,0
14465.997624387,3.820277949262192,0.9507122131804356,0,3,0
4397.906468642389,4.272146933908652,3.497056854603547,0,2,0
45137.8509640772,35.441900712893656,2.8266928939075964,0,1,0
9695.643667393206,3.9460979571379724,1.465189226525705,0,2,0
41267.70704006586,3.787683933986146,0.3304196704971172,0,3,0
67414.8904909339,2.15682728194001,0.11517601168584903,0,1,0
123667.76811806062,4.187997837528851,0.12191367600902006,0,1,0
136844.50183227775,2.5975092738249055,0.0683332779948344,0,1,0
24524.666411448776,4.709872160717951,0.6913667853467446,0,1,0
59060.48051079057,12.521058275954571,0.7632144101028935,0,1,0
110684.12363651983,2.385648836978416,0.07759320425507356,0,1,0
382.9991449536902,563.3100548798884,5294.832179880717,0,46,1
52362.198899776464,0.7953192030909167,0.0546796962558332,0,4,0
82521.09141995708,4.569073991681062,0.19932681556940535,0,1,0
3463.2926154035904,2.972491828748793,3.0898257155347615,0,3,0
25812.743255960595,4.086296344937614,0.5698993979796577,0,1,0
63.31750778778104,1158.5073172562008,65868.45388957596,0,26,1
85909.75870396993,0.655211045727162,0.02745624944362443,0,1,0
9872.945012673274,4.1898108741804245,1.5277426469698785,0,1,0
179671.76267343515,2.56134375392226,0.05132046002620676,0,2,0
40368.97860757842,2.8838042371796213,0.25717012448508403,0,2,0
511.6583966358015,582.6719974717901,4099.647742889539,0,34,1
6922.005580324155,4.12237523122251,2.1439668980599205,1,2,0
27352.82229324254,4.242088632152555,0.5583160272101791,0,1,0
32417.523757460996,4.424148475728359,0.4913063265344706,0,1,0
57171.87633436921,2.075988195709546,0.1307208715845765,0,1,0
200366.35599810423,23.989025025092776,0.43101292959158816,0,1,0
60802.32711498358,0.6947995262445811,0.041137871084281234,0,3,0
1254.6340878774895,85.86822202948004,246.38705602929,0,1,0
66850.59463073873,0.5150959722110304,0.027738653787636746,0,1,0
940.5290321506715,899.4812539784028,3442.884167985477,0,77,1
8177.9593213240505,1.3105648600839825,0.5769206364233254,0,2,0
60879.964547858384,3.911915466117751,0.2313223370383731,1,1,0
30794.09806592829,4.471140213701235,0.5227009648038291,0,1,0
1799.3726664695535,518.8592712686532,1038.080332870699,1,68,1
52436.36034642293,2.2873349615145515,0.15703618266125738,0,1,0
45757.209048972305,3.564528951824188,0.2804433332643414,0,3,0
112975.38944447183,4.896499987087026,0.15602867173276955,0,1,0
318009.29408970417,0.42986867639605797,0.004866295620244614,0,1,0
680.7487226506179,526.3789821846153,2783.647288365419,0,51,1
51216.775233763256,1.5477658470132538,0.10879164148496709,0,3,0
116936.35937961565,1.2595413268371076,0.0387762095610787,0,1,0
35238.19366363313,3.2193396377756316,0.3288937794774966,0,1,0
95569.27663066334,4.202033277818571,0.15828643193154884,0,1,0
33622.83394567791,3.0320488837190016,0.3246417597940621,0,3,0
83895.62284394576,1.804034131228756,0.07741193941076023,0,2,0
1428.200842566926,591.3493343437265,1490.5869960216442,0,18,1
948.8708297198283,112.38163769510798,426.37404695204583,1,22,1
186.73078348377564,542.8555924108657,10465.76304248687,0,79,1
1401.916114086824,1472.390234671865,3780.9714800741885,1,15,1
581.2639305326817,1409.8733707118793,8731.909667801745,1,57,1
1372.128080725219,1403.2188629562963,3681.571696989629,0,49,1
144297.73572411097,1.811464991582431,0.04519318294893452,0,1,0
14786.11687891327,68.57345232599363,16.695690315124896,0,1,0
23895.575359625345,0.45621197056860463,0.06873084532720483,0,1,0
22738.972833927015,0.43725078251376837,0.06922488665367384,0,2,0
63115.76838250048,3.982710330148229,0.2271660086849061,0,3,0
9698.575774668734,4.805622009258586,1.783791727288105,0,1,0
974.0209229010093,302.34068969075395,1117.4569840296253,0,28,1
28927.890158142724,3.98199994385323,0.49554944102401144,0,1,0
24168.74432980983,2.902835117953938,0.43238516167945257,0,1,0
40202.57997208712,1.1859717556696774,0.10619961015873049,0,4,0
1054.5345584757972,821.5639909229354,2804.678465537883,0,61,1
5683.3384579787225,0.5513836413828344,0.34926322330698595,0,2,0
46906.505084519005,0.6995948861349705,0.05369279986960938,0,1,0
134088.1477287088,1.0782415081893937,0.028948639348313827,0,1,0
1622.946099349752,638.0405498995435,1415.2940634064487,1,56,1
83197.05073023023,2.5258200914665743,0.10929416667381552,0,2,0
7997.2373220388945,4.618013339889589,2.0788238930696155,0,1,0
232909.291760178,4.569616008723674,0.07063100620452745,0,1,0
81041.10888853643,4.559878718408793,0.2025584744755843,0,1,0
1159.4821655051953,230.37849036502257,715.2870393247675,1,78,1
57585.15382808586,143.84157016468222,8.99241589488116,0,1,0
83809.67085702572,1.4227030513602807,0.06111145566523435,0,1,0
254821.54489160544,2.3299089101907566,0.03291586698548046,0,3,0
23902.14270192237,3.4068278779027983,0.5131163558597478,0,1,0
81358.62102777323,3.842052715570171,0.1700052139690399,0,1,0
115689.17063656998,9.969515288382606,0.3102300313909613,0,2,0
1582.281342551229,4.405946184471545,10.024390629875622,0,2,0
57181.3372259293,1.7535925472712548,0.11040198562047393,0,1,0
50452.94619210851,0.5332041558873238,0.03804604301769409,0,1,0
9212.992738001301,4.027904132206168,1.573913633528814,1,1,0
111055.43872548403,3.208432539873999,0.10400532631362179,0,1,0
17864.717498808368,19.67641876826707,3.9650841145675195,0,1,0
684.0275622698916,208.0401246563182,1094.9039045699158,1,25,1
205743.3417786923,3.6179035021999044,0.06330436987812417,0,1,0
93640.22579111489,20.9565353768183,0.8056743426146714,0,2,0
69726.19682113889,0.8083616777685576,0.041736136095760094,0,1,0
27504.13452677518,2.477295964514722,0.32425181252553503,0,2,0
27259.225174726587,3.502387348450709,0.46254412491931796,0,2,0
1148.1515754178238,1354.010669427825,4245.465942217876,0,53,1
1695.6392829227036,540.8389495629411,1148.2514223606506,1,19,1
57348.26850005757,1.461900563576319,0.09176985053819829,0,1,0
50678.86935501979,4.087662079790603,0.29036921451738307,0,3,0
107606.05376083376,4.900259714882424,0.16393998624636524,0,2,0
16013.675752352967,4.751921471895588,1.0682692445743143,0,1,0
746.5144944791417,953.226244879891,4596.849099309069,1,19,1
68180.83328829298,0.3985236972272954,0.021042355172631876,0,2,0
126886.87452802295,42.92296065200788,1.2177986014865712,0,1,0
234682.42769488593,25.835710249551404,0.39631666423404666,0,2,0
1168.2184433118036,142.86527367081806,440.25583413741026,0,14,1
815.5439038888604,663.8579726305057,2930.4231079084943,0,57,1
10408.38622719649,47.80675354088564,16.535158187874508,0,1,0
46198.027924735106,3.6198393688675843,0.2820774460146617,0,1,0
1177.3236837275012,369.744955466059,1130.5997306225086,1,18,1
25939.85966124066,4.4449581927816615,0.6168826548404172,0,4,0
28265.82811027606,107.36683730838274,13.674484002457302,0,1,0
9177.451817771214,0.22460027621067802,0.08810299529905934,0,1,0
13460.125433184929,3.6328535416389682,0.9716308228195843,0,2,0
34121.53038514318,1.068564874262895,0.11273918560878406,0,1,0
34984.55160600905,4.132503334903641,0.4252451817360948,0,1,0
220110.17657846745,1.4897022936451954,0.02436474469507712,1,2,0
233811.4907707014,1.9884056757251716,0.030615520259569762,0,3,0
127829.39826726659,27.669471833436315,0.7792424899951829,0,1,0
83176.72556180139,3.9550203703270363,0.17117857473961579,0,1,0
57949.41511323316,13.068267592988741,0.8118419011275962,0,4,0
14535.849168971581,4.180564024638438,1.0353733252010056,0,1,0
914.4706636819192,1367.3104458563046,5382.696023581604,0,8,1
326.5629356683651,1207.8326168875935,13315.036539269317,1,34,1
460.1091769016379,1199.6994840206087,9386.724628179909,1,13,1
77776.04283968509,2.330597096338795,0.10787575763032525,0,4,0
53976.85383998947,4.6499709120982775,0.3101309930582102,0,1,0
69448.56198717881,41.25557640643663,2.138562279958954,0,2,0
45363.598707056444,2.452051805684026,0.19459184791460046,0,2,0
732.6977566242819,1349.0048898290036,6628.132213423335,0,14,1
92938.14119223508,0.5917425378271025,0.022921408894667584,0,1,0
86320.84361682786,0.1679659453975374,0.0070049987708096905,0,1,0
111843.813128423,34.04581564914727,1.0958579907875352,1,1,0
1544.0790483926785,410.4947348768367,957.0630772400675,1,67,1
3050.889122031363,0.5577495367342866,0.6581354654103325,0,1,0
1315.3041701996221,1215.5393680523,3326.9427894569426,0,6,1
204393.47469618573,2.787372744878269,0.0490942379470641,0,1,0
101486.97708180166,12.555626510845508,0.4453798579753836,0,1,0
314.09668224033,221.1756352100354,2534.991076877702,1,74,1
478.08808777163813,1435.9269951437202,10812.52035919071,1,28,1
680.315577615221,1226.7729626688742,6491.66770675624,1,63,1
156245.1739905513,3.4484434033114555,0.07945459008335184,0,1,0
264923.108112073,3.3883688738402333,0.04604403154089732,0,1,0
73092.76628624673,4.5099404714657805,0.22212575227614237,0,1,0
5034.7744103847945,2.9982007203448315,2.143794679455454,0,1,0
162236.57588117334,3.816906298917813,0.08469645393754072,0,1,0
71.17091215126379,1201.2871585551409,60764.06273404371,1,17,1
41215.931440981665,4.500484057315589,0.39309417596290125,0,2,0
146876.72028386412,0.8464310513639473,0.020746322351296198,0,2,0
134550.61231205787,97.36153057053707,2.60497892972073,0,1,0
82761.98271866555,61.76665417814119,2.6867403092212143,0,1,0
15191.587203962594,4.5476928495669435,1.0776816167155059,0,1,0
1280.9278519997636,3.348615039155753,9.411157796390032,0,1,0
96603.84361469334,2.8084970587756994,0.10466032233581551,0,1,0
379.2186210637109,520.5863759072017,4942.033036270825,0,34,1
6129.036437920003,0.08446677535759228,0.04961308263824375,0,3,0
125687.23282004404,4.009731378708877,0.11484884056616707,0,1,0
90616.05755575917,4.467672917492185,0.17749196926907862,0,4,0
60184.032321600505,4.8479516822730035,0.2899876492642207,0,1,0
364.21607359405493,1124.0778069340458,11110.657651734728,0,10,1
168562.10991128057,20.310633650915154,0.4337764945027026,0,1,0
82159.14002063719,9.299217816775062,0.40746755786369276,0,1,0
193987.81804567698,109.655918283559,2.034979875529404,0,1,0
123674.27852896201,56.72127154887476,1.6510836368301953,0,1,0
135494.08396150725,2.7075314106124395,0.07193755471252794,0,2,0
368412.1814106321,222.35958217736186,2.1728230938875277,0,1,0
90947.27368473465,0.6768929800555057,0.026793708370488906,0,2,0
241057.2312541927,3.4641786707129576,0.051734781610496654,0,1,0
128747.69022254755,1.6852084424407248,0.04712123675616932,0,1,0
124137.80012657403,0.016894234042061362,0.0004899333038720524,0,1,0
16561.087819055178,2.7055145822707556,0.588116710846014,0,1,0
154190.60166185614,1.2771414052304526,0.02981834826037271,0,1,0
16048.088447953214,2.897681845749905,0.6500247477156771,0,3,0
51411.266937014894,3.828921463578622,0.2681147166781607,0,1,0
670.3687641987874,1396.5721803380852,7499.842053688279,1,9,1
16072.610576006824,0.17499420631992835,0.039195819482628055,0,1,0
19859.488504083558,4.954587373972561,0.8981356464761734,0,1,0
134266.73718334062,1.301056839678768,0.034884325940294884,0,1,0
33985.2112592033,0.4498363943048045,0.047650462053807435,0,1,0
48820.99370668965,38.134481234972384,2.811989720460961,1,2,0
2152.8608052089776,3.281199466241793,5.486800656080428,0,2,0
2414.543953340747,1.4799631257198347,2.2065728997062997,1,3,0
49964.29537206053,3.4233581370793087,0.246657922456703,0,1,0
59711.760964890855,33.05239847850664,1.992716888597315,0,1,0
128683.67840358132,50.4591066019366,1.4116225617771607,0,4,0
298855.5883880657,3.5435214460682323,0.04268508838884758,0,2,0
56649.27480053361,0.46288033526049377,0.029415543496455865,0,2,0
41376.46871493956,1.7015870214909574,0.14804823774523007,0,1,0
47006.87158196924,46.43714865472548,3.5563680272893503,0,3,0
90402.39458964634,0.7051239430016787,0.028079413231569067,0,1,0
6477.964961335886,19.13675168923669,10.634868587965489,0,1,0
89620.44911737785,1.801992025597573,0.07238494513294476,0,1,0
53118.94837942468,4.573325537118747,0.3099453666896146,0,1,0
25904.89994964581,4.277164266515388,0.5943968665922575,0,1,0
196.30716383247267,1025.5769672375707,18807.653322351754,0,68,1
27.829351356504677,288.9570704907097,37379.43584960394,1,35,1
126630.03433073242,4.530687937836172,0.12880417084631363,0,2,0
137990.12277409842,1.9658851579380021,0.05128763150796499,0,1,0
104738.09440370857,83.86042846118134,2.882404383801384,0,1,0
48925.447009007075,4.161314429850743,0.3061950960755607,0,1,0
292275.3101059028,4.014960089335765,0.04945288165590024,0,1,0
13065.706583934241,3.402774238222409,0.9375679132932169,0,3,0
69513.77780253794,1.4722844637705856,0.07624710146857532,0,2,0
70884.59501246069,1.6550216799159072,0.08405321419484592,0,1,0
6087.449461940321,42.70748893157884,25.256383829538734,0,1,0
92885.89710742666,4.7308685239817265,0.18335535551362508,0,1,0
97860.69445232963,0.37059587192979027,0.013633105164578004,0,1,0
178673.0878019551,2.1477272435930144,0.04327354596068188,0,2,0
70865.76143689276,0.4554220744002574,0.023135565534012477,0,1,0
112789.60798106637,0.7357885048186169,0.023484775457253766,0,1,0
84278.41394524333,2.1179291343953945,0.09046853787230948,0,2,0
105383.93722752853,29.90314882660559,1.0215155991311673,0,1,0
921.9148810581393,114.96059457007954,448.91144394727144,1,45,1
64810.05183088307,19.444667859713118,1.0800917807877863,0,2,0
8007.43165354919,5.607623662869602,2.521088666099666,0,2,0
22833.904584925403,1.4394446468992124,0.22694325929075845,0,1,0
270313.4715683762,0.1774170257284874,0.002362817098669809,0,1,0
400388.3916519011,2.473341411136717,0.022238479600660777,0,2,0
247627.45715860892,2.168922011036863,0.031531718369710096,0,1,0
129218.50548626273,1.4573351204866851,0.040601045601087016,0,1,0
1212.914266432805,154.98317968440975,459.9990801532754,1,19,1
317895.9792745678,1.113790567735533,0.012613075676508555,0,1,0
34805.273851100144,4.141614843209213,0.42837799522390163,1,4,0
960.3971858605257,0.8761214618305763,3.284096735210677,0,1,0
168876.08071217383,3.029931351325286,0.0645902771948018,0,3,0
8783.651537126887,0.6559255196039931,0.268832598901887,0,1,0
5697.516979178345,2.316629695583466,1.4637721896360536,0,1,0
619.7515927151225,1467.7795336048143,8526.006843852032,0,29,1
53670.315575325665,3.016627828222992,0.20234388535243628,0,1,0
357.8281882998921,1099.8012510821545,11064.7641336113,0,73,1
16654.663678076784,0.5714564291842827,0.12352354780790027,0,2,0
157439.22001499566,4.772238474264943,0.10912184718469412,0,1,0
9536.333100205944,3.838095614132983,1.448894880840556,0,1,0
16841.276114646807,4.947935370703349,1.0576732554750123,0,1,0
353791.9222351099,4.986175357937935,0.05073669058121645,0,1,0
6526.690108709328,0.407271073672002,0.22464309486101028,0,1,0
375888.19189556787,5.908901034207823,0.05659141250454105,0,1,0
104304.81195082782,0.9588672914683549,0.033094563757167884,0,1,0
18769.110916076475,10.987983450185265,2.1075447098980624,0,2,0
137002.5038489041,4.929957860853297,0.1295439703689316,0,1,0
47625.10118526744,120.81670846601105,9.132582181519567,0,1,0
105143.29552367474,4.888617559363218,0.16738131638402826,0,1,0
99129.96472849106,0.32918871082151246,0.01195480460628914,0,2,0
262.8543537071316,1386.0396886354024,18982.91890058228,0,49,1
201179.7068269634,35.17661716073397,0.6294661811370615,0,1,0
54318.07386365681,40.8057396741646,2.7044527240735055,0,1,0
96287.4320523264,4.711672474675185,0.17616027914850643,0,2,0
43359.26129446111,1.581669545942761,0.1313216645164874,0,1,0
101912.26603387173,1.105014461623239,0.03903408506804773,0,1,0
6183.514916137741,1.8315157263116948,1.066295901949633,0,1,0
323.97789088207793,3.6214725359566446,40.24132972144467,0,2,0
48621.617514086276,23.524033180276373,1.7417462392002945,0,1,0
85610.27642654981,3.4787916899609033,0.14628676143341324,0,1,0
155664.64147970005,22.205961168348974,0.5135492520726445,0,3,0
29173.289051174743,3.8164259510157956,0.47094907261077645,0,1,0
230595.83266342018,1.44879801014328,0.022618244121213816,0,1,0
5808.908877484913,0.9496583359878608,0.5885391011739411,0,1,0
207993.93592112738,56.72648324593245,0.9818331423027475,0,2,0
880.6608746805252,551.7741154924297,2255.5638303942396,0,56,1
6625.542882464906,0.9446490688247616,0.5132766790732721,0,1,0
1769.3865691557417,1066.6708690346227,2170.2522193083532,0,14,1
1016.9554838093793,217.65424469514485,770.4912293382087,0,33,1
135893.26860602107,2.4439120884235894,0.06474259989898501,1,2,0
23943.5283894811,0.47843103652953134,0.0719339148136153,0,1,0
195.2985053460244,1105.2931150574316,20374.222563335934,0,13,1
146543.54207007322,0.9312246914988737,0.0228765378674477,1,1,0
67896.81066224305,21.782382818266814,1.1549375792605154,0,2,0
2738.3906556226098,3.086469132290435,4.057598156578308,0,1,0
63747.12440427276,73.99063989496875,4.178483439231556,0,1,0
50630.55841747056,39.41081771059924,2.802239362803484,0,1,0
28280.470835370397,4.047220219393173,0.5151962594481535,0,1,0
50030.91244938306,1.3451677438795544,0.09679223585749556,0,4,0
22666.381709652178,3.4392609252107684,0.5462424258692483,0,4,0
122508.09988317055,4.640879695331175,0.13637601855816037,1,2,0
169074.41828930945,2.1635322462435185,0.0460667921574576,0,1,0
1673.090823257827,0.04833133345091167,0.10399483279962342,0,2,0
21830.41431087444,4.0861320954654605,0.6738340067301467,0,1,0
21981.847912049554,0.528894534470335,0.0866178463117061,0,1,0
92440.85029321756,11.6019515070094,0.4518243319133371,0,2,0
87532.40429092525,0.46422543265310257,0.019092490045134393,0,1,0
4646.168797829414,0.7030817844114196,0.5447702255379919,0,1,0
1769.1219314678433,1429.791679067206,2909.494225969637,1,60,1
108371.7951032786,2.727371163690988,0.09060047570431465,0,3,0
53872.59124778129,4.313090508797153,0.28821939825122533,0,1,0
106135.53997311357,48.058823769948425,1.6301020903614563,0,1,0
1003.6311748601521,4.191728371480524,15.035625153266675,0,1,0
239623.28007088162,179.16232048305864,2.691659815140757,0,1,0
55613.720256489294,2.5443812570466733,0.1647034667546668,0,1,0
8015.568412228891,0.44077322126149565,0.19796270394505272,0,2,0
374472.2437403444,3.0212975799346258,0.029045333718529045,0,3,0
33.26915100074574,182.30378722393556,19726.792366641912,1,28,1
5550.781877759886,8.082547490869581,5.2419950212263,0,3,0
127480.48063549642,3.7788786956616596,0.10671408859274417,0,2,0
102638.07739312806,4.527447387456628,0.15879886888776737,0,4,0
34861.648723363745,1.2295152128163334,0.1269663061911467,0,1,0
97662.615193463,57.473891730547855,2.118579456633488,0,1,0
380160.0973953029,56.87703637242382,0.5386081609922684,0,3,0
84434.88552037044,2.580622921012434,0.11002848477130264,0,1,0
41808.69995064361,0.3299045155810659,0.028406916682267094,0,1,0
47393.6139370139,2.140878437310752,0.16262027167967236,0,1,0
1448.1440223165314,756.4843095661262,1880.5750481099547,1,55,1
33017.16217265666,1.2345824755439523,0.13461171764904017,0,2,0
94561.57414082221,3.2883871689631516,0.12519032086582832,0,4,0
68361.28371634007,1.494015320416373,0.07867691858766773,0,1,0
70576.35096441627,2.0194355866180236,0.10300855757604008,0,1,0
131097.70933281968,3.3164031842890913,0.09106987089401299,0,1,0
31117.869280160987,1.4553944068782316,0.16837334901017773,0,1,0
8272.692751388262,3.626948008309163,1.5783268184016452,0,1,0
7356.442277635176,0.8766083918929957,0.4289832084197709,0,1,0
100109.58761232652,2.7140544782405467,0.0975990047976475,0,1,0
32774.62610287932,3.0027882803031463,0.32982947769285587,0,1,0
46967.375083744744,4.254654137166205,0.3261147736378271,0,1,0
72241.58639553543,3.7876349706642225,0.1887484283600101,0,3,0
5873.069270801003,77.34690133320657,47.4111289958559,0,2,0
69736.27494656133,14.802847124963387,0.7641682853106841,0,3,0
59578.69739370468,3.3605253350688233,0.20305732980872582,0,3,0
385221.72612962243,17.749549187752965,0.16587428159337422,0,2,0
1615.1434654634018,1032.1007128142746,2300.453579252388,1,32,1
49729.30342672683,2.5493702815320143,0.18455382201438023,0,1,0
4641.268114422044,39.44339615697383,30.59427351845368,0,1,0
242839.28149174288,3.03633335050744,0.0450124872495081,0,1,0
290764.62934662757,2.536068408390449,0.03139943909519237,0,1,0
30089.555973556988,4.752211170450517,0.5685680516075583,0,2,0
1317.404073114716,160.16524024259505,437.67502821674805,1,21,1
84317.67069356267,3.417904166623549,0.14592973096426123,0,3,0
262836.8266778178,4.557745241525866,0.062426118428243325,0,2,0
402.6618818971364,404.0978345631747,3612.83813996344,1,40,1
1259.5638760139354,432.2525441876987,1235.4348903687508,1,64,1
573.0213102698928,282.4242938980598,1774.3274810392952,1,42,1
19475.67504480511,190.8351721045059,35.275112056229936,0,1,0
21868.29065203213,1.1491302089626805,0.18917202163129415,0,1,0
57092.38728263613,4.498798076841287,0.283674826846036,0,1,0
64186.20086203879,3.128366061943793,0.17546010936531892,0,4,0
41178.1366485667,1.285573315020725,0.11239129088265096,0,1,0
1597.5654785157055,765.6385442072957,1725.3119175479026,0,36,1
20381.291388163205,58.33415225107147,10.303711580602798,1,1,0
55545.22540914679,2.0094935397798332,0.13023939843470556,0,1,0
79340.79314045646,80.18533342185015,3.638320073352871,0,1,0
66.37397373521225,237.55725028085917,12884.660249856266,0,5,1
127794.22344286166,2.8182934981750756,0.07939213776721768,0,1,0
111220.9869071787,4.276680651511573,0.13842756455929214,0,2,0
122725.31888655436,3.443445754655837,0.10100935022397524,0,1,0
17705.2688627484,0.14259246955646288,0.02899322763086137,0,1,0
43747.58413653228,0.004715212637451671,0.00038801606602662447,0,1,0
15554.114558617995,2.1457625227594885,0.49663676147056185,0,1,0
368.2141546167053,499.6754548341881,4885.286496592131,1,22,1
2736.088382256649,2.3300175717650644,3.0657135612834234,0,1,0
33587.81937253013,4.689434880474417,0.5026216612179013,0,2,0
209343.78397872436,3.309107989945535,0.056905385664637764,0,1,0
74468.23547635117,29.113177698695438,1.407411348541852,0,1,0
30318.064692804663,181.73405190540595,21.57929912375745,0,1,0
453.3110326872704,676.1158455125519,5369.419379484556,0,43,1
102886.72276920355,0.977112933191745,0.034189120469713175,0,1,0
123050.5302916543,0.313607954506942,0.009175000169028634,0,2,0
20503.236581927948,3.4356126017990283,0.603231851569139,1,2,0
32836.2127953064,0.8494333740331,0.09312767478947098,0,1,0
72098.83489175551,3.280878154832085,0.1638190322371785,0,3,0
113605.34797046677,3.9339835453228797,0.12466262386559528,0,1,0
68686.58901286895,1.0969835528178802,0.05749507796062587,1,1,0
80632.53591678564,39.63954252524366,1.7697862465611751,0,3,0
124091.27270484803,4.730981419742827,0.13725004780621278,0,3,0
8917.627854229204,1.3467099987487745,0.5436598246467911,0,1,0
9431.678717915653,3.1928488903372703,1.21868612672107,0,1,0
36704.75682481239,0.7470614373072438,0.07327173388295084,0,1,0
46340.6231504577,4.513755074870389,0.35065385756196726,0,1,0
65625.34900330515,3.8044573648062006,0.20870055125516415,0,2,0
228814.48016855217,3.4414233518400392,0.05414484283292697,0,1,0
179917.18612543034,1.8700259968664463,0.03741773497961383,0,1,0
86878.09657364436,2.087614030537652,0.08650523902264506,0,1,0
18721.15517325689,0.6973232729951745,0.13409235485471938,0,1,0
338.1262300653954,729.8138141346402,7770.262988401003,0,35,1
162792.70703155643,4.36436642883563,0.09651365488235686,1,1,0
80474.67249813915,69.08309307907177,3.090402574678501,0,1,0
116558.6471274371,3.8466225195184034,0.11880578070819565,0,1,0
62900.244641093086,4.8774224667519,0.2791518694481457,0,1,0
197204.46402524583,2.9993398657752355,0.054753443691865675,0,2,0
1183.8588610095244,626.4879312807068,1905.0890497937487,1,22,1
24853.005827838024,0.502280115567541,0.07275612570040768,0,2,0
954.0152614376259,568.6415168324359,2145.7827178906305,1,42,1
30304.820794046034,3.169264504417712,0.376486377974073,0,1,0
86329.92072129509,4.276572321814692,0.17833516155118198,0,1,0
120.52311713238339,1238.2150834847018,36985.22247519285,1,39,1
197179.61215473516,0.17855474514071545,0.0032599571298585657,0,1,0
68427.6255954115,2.1983076618529527,0.11565369269807464,0,2,0
333707.6548331542,2.7998207357292157,0.030204145762447707,1,1,0
112971.17515361928,0.441563606092889,0.014071102471695175,0,1,0
46080.33273957534,3.691960826430714,0.2884323568205436,0,2,0
188076.97482506078,4.233627043949305,0.08103627449555652,0,1,0
24496.41717757728,3.0853826500311317,0.45342865691719103,0,1,0
81478.1900944971,1.8189302579952855,0.08036689230809606,0,1,0
6906.455995588241,1.6905546036806607,0.8812039890123151,0,1,0
58827.54093517164,4.101725075237653,0.251008456857444,0,2,0
32717.610189936488,3.038888561934488,0.33437646452335196,0,2,0
19914.767872017554,2.8953626384299724,0.5233957817300896,0,3,0
342566.7303464218,36.23849186054371,0.3808267386795871,1,1,0
8601.554858080552,4.365920460003162,1.8272642464456388,0,1,0
76327.54321304623,1.7626392563192566,0.08313514434805919,0,1,0
29277.653449551257,3.709833526571465,0.45616363069090066,0,1,0
107857.09526730614,4.073033421874604,0.1359476655885172,0,2,0
63208.03974769129,13.220127503106829,0.752949453916943,0,1,0
97675.17160091181,35.94614708724007,1.3248620646688092,0,1,0
52905.18112806995,4.982783696173746,0.33905982219023334,0,1,0
1018.8696222771847,1167.4966697569218,4125.148026036142,0,39,1
1098.214612221638,3.0664167342094935,10.05186064754919,0,1,0
6465.966720431716,0.9325550625202988,0.5192105635905476,0,2,0
51695.06585724131,4.36260258423091,0.30380789815806586,0,2,0
12353.610818801599,3.166692909212947,0.9228147656890904,0,1,0
22705.280936455383,2.3404081054254924,0.3710797150280541,0,2,0
31161.926049326645,2.951076178143035,0.34092482680622016,0,2,0
176407.90210430505,77.95970520325447,1.5909431232041562,0,1,0
33069.93389854272,2.5236973769017585,0.27473023032703103,0,1,0
12784.397321153701,3.110147396260046,0.8757965154923516,0,1,0
1736.6378163120874,855.5148513711546,1773.4575603544745,0,44,1
203670.2840068532,4.253996891598069,0.07519206291889759,0,1,0
77205.78478878984,0.7450427170582558,0.03474032145061707,0,3,0
827.1457155552641,359.78689999726714,1565.9064849543106,1,43,1
36117.63847154817,4.9534778294959025,0.4937343896454608,0,1,0
183822.00187970605,2.8867086259818513,0.05653377151411579,0,1,0
1597.1695387714265,1148.1813871035752,2587.9863679045634,1,55,1
108806.53300959597,15.285758926721805,0.5057484198246198,1,2,0
655.3536105878848,377.8027426503244,2075.3526822276904,0,70,1
18924.70526742794,42.5769864524965,8.099315104938452,0,2,0
1185.1632375971415,463.7920797677917,1408.794530742604,0,6,1
11232.182102649007,2.2182282330173937,0.7109590608381681,0,1,0
521.9884101747512,420.7043572366061,2901.4737808924647,1,11,1
126146.33202099106,1.0715413108091583,0.03057995153018848,0,1,0
61834.75726630406,0.7567062934576652,0.04405520094007186,0,1,0
30826.995500262496,41.04225977026106,4.792946337299776,0,2,0
340.87785592989246,1059.8755147655627,11193.310996243656,0,9,1
22047.78178716009,121.12937125234168,19.778213550824443,0,1,0
88967.1095336203,1.0394417705249852,0.04206037931889722,0,2,0
91893.67703805634,4.07048503483618,0.15946413940255785,0,1,0
211263.0342642398,4.124692399086987,0.07028627932201674,0,2,0
243.03611600793323,963.0294718760069,14264.9831461282,1,38,1
509050.4082264433,4.693001578973638,0.03318886580047629,0,1,0
109787.01058614893,1.7958196931697656,0.05888630049124222,0,1,0
147127.21239173858,0.40593893525215585,0.009932765959139589,0,1,0
25963.996663336406,1.408003051176257,0.19522460466928654,0,1,0
3808.481604529285,1.0424310337139475,0.98536690236529,0,1,0
1463.7092765815328,135.21700288379247,332.5668684142809,0,51,1
1751.9437382659023,1071.1513387698274,2201.0665841291475,1,5,1
121371.61393594365,1.3491880240893883,0.04001822773227041,0,2,0
57572.07660248839,4.967399671668136,0.31061305885277657,0,1,0
11747.75995016854,3.59196200891923,1.1007258649274418,0,1,0
174.43359995283853,317.03283902591954,6542.99527615028,1,30,1
90585.4923101587,4.489155398007098,0.1784056035981071,0,2,0
25117.64808225112,2.081098403788135,0.29827451316715137,0,1,0
84676.7092016099,6.007617572787612,0.25541171198023144,0,1,0
96517.32608919944,2.14074720996176,0.07984773582247774,0,1,0
78787.03063163694,3.720582806855832,0.1700038445071516,0,1,0
44640.32792857331,1.2313536705158663,0.09930198588482439,0,2,0
93132.48345623343,1.5854439363706279,0.06128471999371178,0,3,0
117562.92059308807,4.623737379321808,0.1415876237302083,0,2,0
380605.5053161466,0.1058190699101913,0.0010009015801288976,1,1,0
67134.90542188822,3.0130813846734545,0.16157158361450408,0,1,0
294.4612592696316,165.91783294939293,2028.4644577671806,1,12,1
45727.607291717715,3.7376140615995466,0.29425135970749644,0,1,0
151320.68945328606,0.607078826559771,0.014442729434495817,1,2,0
39682.21111415275,4.4058504423708715,0.3997020616343189,0,1,0
4370.070240136413,2.0551355593465575,1.6929906402183277,0,1,0
1294.5214433405297,993.9495067194382,2764.12433536546,0,57,1
7739.195259921646,4.635874188679944,2.1564447618571605,0,1,0
130855.64081457152,0.844785205506593,0.023241082469905083,0,1,0
4586.824286650733,3.9600156306509797,3.108044995713843,0,2,0
1278.1904259122177,220.03874129976674,619.7350978543177,1,38,1
22434.892161175823,2.5243840071779977,0.40507359520842456,0,1,0
2851.5931404509824,4.355071436968746,5.498069465340331,0,2,0
23607.271217740385,2.6132171656557452,0.3985035673793198,0,1,0
4849.953402496033,4.859570650628423,3.6071386445195093,0,1,0
3171.4548848186614,0.7825394954022824,0.888280705783805,0,2,0
121462.52079214205,2.648624734043337,0.07850198547149598,0,1,0
75874.13506263426,43.380213808648534,2.0582609552282483,0,2,0
77532.79133569456,2.206439013999717,0.10244930323748189,0,1,0
31614.215851833305,0.4422787034276826,0.050363524428436064,0,1,0
859.066744140987,1321.427813820746,5537.567554790552,1,55,1
209779.4319411588,0.4119086953920531,0.007068716364087223,0,2,0
4020.5902946367564,11.595739255662568,10.382719516601902,0,1,0
80409.40933954797,46.87354189953988,2.0985697099922533,0,3,0
810.2517177715017,870.3387342421591,3866.9704420859607,0,25,1
86266.78444973416,2.696772080034482,0.11253902124729134,0,2,0
113482.07630843,9.778621751890437,0.3102079152229128,0,4,0
67208.92436878354,1.7084917024511141,0.09151418783426862,0,1,0
103300.0830017394,4.6369240333338775,0.1615964482789513,0,1,0
26116.69216104909,4.9849345044543085,0.6871377165750014,0,1,0
1036.069250815469,1493.7280708703152,5190.2139272067725,1,15,1
50828.50898581348,3.2508176625882186,0.23024369234564687,0,1,0
1052.1917996619677,1376.7918118830687,4710.596038071558,0,5,1
97540.56893376674,2.1873691138542046,0.08073080663720755,1,1,0
41298.71253532672,0.9306112226437802,0.08112118261923694,0,1,0
13600.43895748072,1.6249370477854308,0.4301165124387379,0,1,0
1185.2676810451555,1327.4545804767874,4031.86264684321,0,25,1
102889.78936059054,2.7853842098721513,0.09745751466549792,0,3,0
61452.07621223496,45.300445264998736,2.653801352305267,0,2,0
613.3188888058942,996.4547327636637,5848.893786613009,1,50,1
14334.748479760956,4.477063555971094,1.1243607674213418,0,1,0
61118.517401865814,2.0060741385566443,0.11816168332943644,0,4,0
915.3222815203642,510.9033291175273,2009.403706165737,1,71,1
25681.699216058634,2.137610772801268,0.2996452344271936,0,1,0
20526.91923788162,3.841999644743899,0.6738078208810363,0,1,0
127.1114425819166,1212.4507000419821,34338.54916199412,1,14,1
101453.96238185093,3.4491053566438095,0.1223883128111214,0,1,0
244942.2549189221,4.374749957451401,0.06429719466752735,1,2,0
736.6714048901508,145.17886518508695,709.4668141004432,0,17,1
227546.89795564263,3.2806440218360096,0.05190278832503313,0,1,0
75654.62232060211,1.5186047679559433,0.0722623019843249,0,1,0
46127.92505909692,1.0416642874426802,0.08129547188583353,0,1,0
1555.732074884649,384.2638419809036,889.1954170410881,1,40,1
826.0731197366715,214.8215381269463,936.1853312737388,0,9,1
18621.34342470653,1.0254687686180497,0.19825033472756326,1,1,0
18222.033271520977,0.2086239642675164,0.04121638129905411,0,1,0
52548.98844423502,77.94585582108832,5.339875975989452,0,2,0
39036.964888511946,1.1501441493953002,0.10606662043650786,0,2,0
107926.5161489542,3.03108321110383,0.10110489941984036,0,2,0
244168.7456794443,1.5991796164598355,0.023578147167178872,0,2,0
1344.3996684011431,939.24433599848,2515.085126148379,1,57,1
551.7363636233157,641.1400004991539,4183.345804215933,1,17,1
135961.4451219955,0.24834352950404648,0.006575663456742211,0,1,0
153965.90248882165,13.196223437929492,0.3085514624252293,0,1,0
4856.260375121334,1.1935040234948924,0.884757849186425,0,2,0
144818.54675119335,3.7508189475092255,0.09324046203993512,0,1,0
57525.90245476842,1.252507123479698,0.07838252773300304,1,2,0
215371.26648165222,0.6886415075857055,0.01151086432191148,0,1,0
164828.88870681066,1.9567566935028995,0.04273719341237887,0,1,0
39214.704340974,1.7450935627122155,0.1602036004438211,0,1,0
181143.99045362376,3.329650156103399,0.06617244398754187,0,1,0
58781.90069027434,0.11173394213428667,0.006842959941068804,0,1,0
9166.368174874839,2.9833145346624073,1.171667133578923,0,3,0
275709.8467374529,3.190241005735055,0.04165563093429435,0,1,0
262022.16500584965,0.6669430854662978,0.009163328253642472,0,1,0
1488.7051773708074,1480.7979861377826,3580.8787603673395,0,42,1
134396.29022194073,0.2276274989987176,0.006097333453491437,0,1,0
58118.69272527822,1.34818082608338,0.08350929359065233,0,1,0
1123.3960328124215,255.49023729818586,818.73607117059,0,20,1
98479.33642056894,1.9509798362495117,0.07131980845710968,0,1,0
22986.605203790004,2.2576410743954343,0.35357582364896184,0,1,0
1328.4266397499575,334.36379583328073,906.1167767806721,0,75,1
14825.886874616197,2.4703628871660337,0.5998498753571493,0,2,0
282.73644175912426,110.54874199619908,1407.584635041031,0,73,1
287.541583471205,761.9960733039607,9540.136180577745,1,44,1
37668.38539088576,0.21698589289280423,0.020737528468716952,0,2,0
186560.10368495274,3.5859344486263574,0.06919680982197111,0,1,0
108164.22603703836,0.45819102587863925,0.015249845106812598,0,1,0
5481.072857567859,2.224146287989795,1.4608320022069934,0,2,0
141985.80857200976,3.503612153767297,0.08883284801780339,0,3,0
23663.551705075457,4.960079846984178,0.7545903367208039,0,2,0
199733.2122426497,19.319139748897932,0.34820900497779883,0,2,0
10541.354713253302,1.4796317449014418,0.5053121184650143,0,3,0
2101.3352319458777,3.0512922759511563,5.227463008485399,0,2,0
44928.86998685573,0.07608264845488599,0.00609624801419934,0,1,0
39615.119844285604,4.585108559402783,0.4166689607082188,0,1,0
137635.56343803936,4.511101432701871,0.11799250682064905,0,1,0
17837.734010892884,2.1391329474615324,0.4317184349850075,0,2,0
40784.57887842184,31.515226230707583,2.781806691415259,0,1,0
13708.354949309574,0.11544811341100414,0.030318240942582786,0,3,0
74972.32554317052,3.5244845447739803,0.16923770563686527,0,3,0
1606.8807317416022,766.0326329447417,1716.1930093045207,0,46,1
94014.3943461679,1.9039186729605484,0.07290487026295833,0,1,0
6379.78335706147,3.1353389836067715,1.7692168698003052,1,1,0
46818.58697214109,0.30985503489705135,0.02382554019182891,0,1,0
472889.4754696043,3.7124803025368243,0.028262267997951288,0,1,0
1136.3499896331475,255.2945567573621,808.782868580135,1,74,1
471.00964347692275,336.11026928583556,2568.9430910522156,1,59,1
58922.627441440374,62.96283642133712,3.8468449381705425,0,3,0
136782.03207640565,3.012176277952202,0.07927820954268777,0,1,0
67473.44464620796,1.7194692162618326,0.09174111698313127,0,1,0
117591.78019720955,43.28226154624624,1.3250598069454516,0,1,0
96132.64933206525,4.5891352687859746,0.17185510939745766,0,1,0
26683.871429314866,3.53280407161499,0.4766210439704743,0,1,0
206561.41782532347,0.7374226540235423,0.012851971982152497,0,2,0
3471.6085892480105,3.832025117842211,3.973745907576572,0,1,0
152309.17041941045,3.765288049574547,0.08899685384105342,0,1,0
106345.09138824654,4.93852904858099,0.1671793624210144,0,1,0
37343.35592202527,8.875789243228647,0.8556499673554301,0,2,0
14537.287425969198,137.8396907779581,34.13448962384852,1,2,0
52518.003101366,4.7691698593747915,0.326916685324288,0,1,0
148192.9912507435,1.3366878120583214,0.0324716849480951,0,1,0
50334.7757589013,11.260735438220577,0.8053805140956676,0,2,0
23928.910534349237,1.0796280046947877,0.16242531440460067,0,1,0
2761.07006371985,88.12308717018398,114.8986104993137,0,1,0
1799.5864471215257,113.10535226081308,226.26268873619182,0,56,1
6152.686941092532,0.42611116443311325,0.2493219964945617,0,1,0
86120.91546764887,1.7404777375393703,0.07275491465827992,0,1,0
749.9095913550603,0.23674202373284658,1.1364987129958204,0,1,0
40586.11449815116,3.6691505971072798,0.32545471062986137,0,2,0
100991.58256880888,8.440461087761287,0.3008731930231699,0,1,0
753.8654156095769,1474.8383768786566,7042.9257621135985,1,43,1
42401.83837103692,12.777081248525162,1.0847994865739055,0,1,0
23380.93346976472,0.10489997416966657,0.016151618048062467,0,1,0
38270.252528338926,0.9701497411980209,0.09125989084411365,0,1,0
35126.537755647936,57.69505405605558,5.912970872525118,0,1,0
50.301061700453715,1479.2537617558573,105868.80996734611,0,27,1
58076.119332413895,1.2001920938207489,0.07439704283655878,0,1,0
4271.2831044675795,3.136877522176811,2.6438797906008094,0,1,0
74518.43437156972,4.056968561722055,0.1959929371217645,0,2,0
95217.5803099588,1.1881060878021021,0.044920086208494185,0,2,0
46495.397484500274,4.733955861408103,0.36653608793752934,0,1,0
717.2576708346506,489.9126918488832,2458.929004695945,1,9,1
19821.0404665936,2.6152066730743617,0.4749873771225744,0,3,0
1280.428240921014,1458.7087307176735,4101.2461790176685,1,11,1
1664.0056124093232,222.2811466932032,480.89508961264846,0,25,1
49641.87201633781,1.9514844118860513,0.14152052687452338,0,4,0
4691.203546753073,95.55074969035465,73.32504238136454,0,1,0
497.56933312172225,1012.3875299382081,7324.798505791268,1,76,1
9128.72588689971,3.361357538170963,1.3255833604096923,0,1,0
273418.7121303632,3.710895191475782,0.04885994299813422,0,1,0
114145.685255393,1.6299895926780135,0.05140765961071321,0,1,0
1413.9818375789348,665.4643592972391,1694.2733137025343,1,66,1
60794.36434627064,0.9328192981732986,0.05523784169033551,0,1,0
64330.63223256739,0.7693148472691852,0.04305155031209207,0,1,0
1572.2662827644072,468.161660276482,1071.9443617604293,0,50,1
139482.14033180155,1.0164477771797809,0.026234269055110854,0,2,0
83601.56306019619,16.187215935011864,0.6970441129681189,0,1,0
30138.317862665583,3.469960541946378,0.4144842458670027,1,3,0
986.4654861670127,561.1669180446534,2047.9184860388755,1,33,1
26636.763986076257,0.920942627616857,0.1244668256682279,0,2,0
87482.59066398564,21.90594454508743,0.9014525034496947,0,2,0
51011.346588164575,1.6084202333351723,0.11351029187200604,0,1,0
38310.43168370457,0.44928959000023416,0.04221937610504206,0,1,0
35223.05144520498,95.73787662485434,9.784965859236898,0,1,0
1219.576361534068,1206.9932595168684,3562.8566371974134,1,28,1
318390.9834499518,51.71503686795648,0.5847343122199572,0,1,0
143552.90418940384,1.0510060722626013,0.026356985820037822,0,3,0
33783.17054676869,2.0726041469509053,0.22086070692192414,0,1,0
15520.46524126229,2.7401653611079646,0.6355863143691676,0,2,0
327657.6968105852,3.7295846899927816,0.04097723024567223,0,1,0
81978.5937418365,4.87699238802613,0.2141677698471429,0,1,0
76658.0662822451,1.6359580291445646,0.07682751718829227,0,2,0
19202.835087724023,2.601731684357871,0.48775266885856744,0,1,0
9621.722277519902,1.4051396313510123,0.5257377553582356,0,1,0
2090.6373301349336,1.1846793971124119,2.039974015641164,0,1,0
105329.20799780654,2.4357268139040444,0.08324961989875747,1,1,0
6178.327326282339,2.598035477361731,1.513828456241753,0,1,0
32461.271749829644,1.120770022118493,0.12429494786037608,0,1,0
24467.353054480638,2.0096009349633825,0.2956823057140352,0,1,0
325.5921423780606,366.7378209453518,4054.9386289250615,1,11,1
14363.857375780177,0.5432438956646524,0.13615270419562525,0,1,0
46514.77528632529,58.974415793876304,4.56431092166042,0,2,0
36425.08193477819,1.5412899475241275,0.15233030418496019,0,1,0
103212.2308908582,39.39386762999752,1.3740418382968242,1,2,0
8083.012892588034,1.1727205037402655,0.5223044760124357,0,1,0
93695.73524633714,2.983611446836812,0.1146370342297135,0,1,0
169784.39717513556,1.2239645320788535,0.025952162794669092,0,4,0
272.89603272539483,484.4789654407308,6391.16757458207,1,22,1
115215.56225552507,0.1787419723293232,0.00558493217225702,0,3,0
12762.270055012768,1.5568816845266191,0.4391674866725128,0,1,0
172611.67479386253,0.07553722793852191,0.0015754092004693757,0,3,0
103076.90254571893,3.262549963933765,0.11394579755587897,0,1,0
52534.063344575276,4.342878160187269,0.29760426628580194,0,1,0
125620.6087070183,3.7168062524396213,0.10651518605509737,0,1,0
1215.6798542716258,4.552761254107983,13.482119044087282,0,1,0
68722.46483889353,4.599506832184606,0.24094340380081136,0,1,0
127328.99259209914,1.0691944474763215,0.030229564630621267,0,1,0
124499.23907897237,1.2142215150022384,0.03511023429818169,0,2,0
191478.90098344587,1.2175313036929736,0.02289083899470283,0,1,0
74654.59974595706,4.450781812866972,0.21462595179460217,0,1,0
96203.32689605042,1.8774931101036008,0.07025718771322917,0,3,0
99931.61679954975,1.4244431945153053,0.05131504587323162,0,1,0
237743.24873037034,1.20856866045659,0.01830061295485245,0,3,0
27269.256491854016,3.8158719280486944,0.503759203888779,0,2,0
19246.378487918842,2.0659723940139885,0.3864363689573577,0,2,0
44407.94028148839,2.8572428287403935,0.23162691442713013,0,4,0
206929.2197440037,4.153804334066133,0.07226478513347509,0,2,0
162184.63327321605,4.639211333030973,0.10297622198754643,0,1,0
94973.3324824664,4.906885521630974,0.18599734700404147,0,1,0
60424.47334235947,4.381760565135958,0.2610587591738452,0,1,0
4613.209962666294,0.5203797820912348,0.40608756824189646,1,1,0
148569.07275527134,4.7660801525309315,0.11548761953555761,0,1,0
244007.23517799613,1.1249933850878557,0.016597770895448824,0,1,0
57374.707410004856,4.580554219348189,0.2874087892390366,0,3,0
27162.53297810551,4.362132714952093,0.578137458184977,0,1,0
14151.234068017835,1.6000549462353169,0.4070456172769653,0,1,0
196179.12987065088,0.0718510296337449,0.0013185077681404209,0,1,0
45166.776871574526,1.2172700598588286,0.0970220263436526,0,2,0
10742.78281011217,1.6645604811570163,0.5578087017196887,0,1,0
149058.05776906142,1.2334421487199865,0.029789679282360818,0,1,0
42244.0463151253,4.767134917004066,0.4062509915171163,0,1,0
35145.63294477494,76.54834342492421,7.840918294535835,0,1,0
24973.167492885972,0.34795923698154485,0.05015996683201684,0,2,0
25994.54982167411,4.445461991244801,0.6156545613703037,0,3,0
7050.2487624244795,1.7845745073575758,0.9112399353520103,0,3,0
128086.49444870836,6.555321327023722,0.18424391173212704,0,1,0
498.87860814528426,1332.8529157218234,9618.112338866218,0,27,1
1754.120636447441,347.1480875640667,712.4556254931707,1,56,1
28132.05639528673,1.9750583500684848,0.2527440568275626,0,1,0
181122.9788821188,3.764347222517853,0.07482015857239274,0,3,0
39467.59210696432,1.7107065864851956,0.15604052293476467,0,2,0
17112.26925956149,2.1044926123785967,0.44273341481754425,0,1,0
11067.151826299863,4.44053959505736,1.4444495560472632,0,1,0
80106.18228579109,13.059770819977516,0.5869106929123798,0,1,0
69833.11363886703,2.4803773925026555,0.12786711271656295,0,1,0
32726.896954487398,4.118621430684937,0.4530535593119451,0,2,0
123679.26771018238,138.77533048436936,4.039409344777345,1,1,0
264400.39198187966,4.815788501280511,0.06557039675568256,0,1,0
45236.42107748482,3.5447706171421096,0.2820995542475202,0,3,0
141939.38657277264,1.3675143291485354,0.034684182479615466,0,1,0
28682.71385611947,2.5909247117155494,0.3251899038900041,0,1,0
5139.837584855684,3.880582992067503,2.718003933160324,0,1,0
147104.0290521211,0.26486453023050416,0.006481891182545188,0,1,0
235806.73514056098,1.4065523523537127,0.021473468369998142,0,2,0
90498.03374646381,4.587326127774019,0.18248323611375436,1,1,0
58435.87865213925,0.8522976447331432,0.052506637904844625,0,2,0
126602.45899382094,4.1236158203846,0.11725694012080048,0,1,0
435.8376849784345,676.7127894104865,5589.617708249103,1,71,1
50568.62064046543,1.623972514316843,0.1156112422584526,0,1,0
40362.85498404195,0.2103292360758502,0.01875945718340353,0,1,0
23729.899610628094,3.490371692393244,0.5295150126546656,0,1,0
334.06958950710697,186.5284029874494,2010.0669795941792,1,12,1
27944.169649020012,2.057558014496052,0.2650717106724105,0,2,0
17046.188957259368,0.7754680313550116,0.16377179203385295,0,4,0
3979.908700341181,1.708080312336674,1.5450327098922874,0,4,0
60957.802620758695,2.3893865282652884,0.14111059014495655,0,2,0
30366.400165682793,1.2824026318405295,0.15203150355119152,0,1,0
13422.569871489291,1.2360285185532471,0.3315089963691116,0,2,0
83631.41368304763,4.021601630485863,0.1731139679716283,0,1,0
47331.13390537529,0.7962119700494635,0.060559780754640705,0,2,0
273786.0989397203,1.9074564662111366,0.02508105161274813,0,2,0
431911.8049579631,4.081988631807853,0.034023518009512414,0,1,0
77394.46568898192,0.49433169228007334,0.02299381585447927,0,1,0
47948.79517186213,3.9069328486185024,0.2933328815586251,0,2,0
1115.0612158878453,699.2048136211483,2257.398332191039,0,34,1
139643.50805682963,4.087176346169422,0.10536712412167377,0,1,0
18819.80429731323,0.09277769534930203,0.01774724635713508,0,1,0
999.9787138700293,644.686928927522,2320.9223475938215,0,79,1
11822.65320915177,3.2489536375631234,0.989306959132772,0,1,0
1784.751380768696,1110.75049329178,2240.48112187377,0,52,1
122947.49488821084,51.793522587901364,1.5165553514203713,0,1,0
187773.01870560442,156.8232521968541,3.0066284911455403,0,2,0
66262.98796600252,2.099537738492338,0.11406572644219372,0,1,0
1101.983381482388,655.9967808811263,2143.034505652205,1,65,1
1521.1197735333728,695.6066396406665,1646.2766090335479,0,71,1
69443.13373715876,4.633106742859611,0.24018478684192257,0,1,0
24959.06276597881,170.74632722173254,24.627798878574243,0,1,0
628.3197094903848,1269.5999506022797,7274.258236901846,0,63,1
90382.11937138713,28.403197034163075,1.1313245366910207,0,1,0
613.8763437521919,746.0777066269126,4375.278134094567,0,75,1
100559.64207874809,3.9997352429244093,0.14318912216545085,0,3,0
48416.724655802594,116.26486523049789,8.644812671764035,0,1,0
113638.54894286995,0.8111478554824847,0.025696669896805854,0,1,0
110034.8360017316,2.8194605641463304,0.09224404197564359,0,1,0
195632.5648983304,0.26966291420435606,0.004962294961680824,0,1,0
36223.59282322791,0.03626214007572237,0.003603830931670894,0,1,0
902.4296353499025,604.7857715446656,2412.629962796613,1,78,1
117160.30666337299,1.3252176435567131,0.040720135109509954,0,1,0
95151.33947694399,4.423411887108439,0.16735742114748658,0,3,0
12380.532915978789,3.0270018597667208,0.8801888229783585,0,1,0
89227.50357933607,4.575968557122833,0.1846234192912828,0,3,0
183662.45966333116,0.5800925563956977,0.011370495673708188,0,2,0
639.642520810572,414.9079714775129,2335.1616703439754,0,16,1
96077.13425542825,4.851468663743762,0.18178401473804132,0,2,0
167282.68600796646,107.73848310544373,2.3185814888285963,0,4,0
185055.8238417179,3.4595501330978093,0.06730066755318441,0,1,0
329740.1652197328,2.300491289774593,0.025116044439626322,0,1,0
401.66569530223916,1190.7871678655551,10672.641090472784,0,69,1
100246.9749344273,0.94299465635796,0.033864171613250386,0,1,0
84077.01707050657,2.6537530119407116,0.11362808976649391,0,1,0
61609.69215716134,0.961458616155399,0.056180300484704015,0,2,0
1377.54509657942,342.1315160158141,894.1075400836583,0,31,1
127325.35647027788,121.21165635050639,3.4271411049509597,0,1,0
1775.9469288525956,719.7550911333385,1459.0066211911462,0,27,1
141542.33494903197,75.61752077299091,1.9232625693280545,0,1,0
250231.23340035125,0.5119723139658827,0.007365588640680818,0,1,0
16848.759009259367,1.622881678146837,0.3467539679401842,0,1,0
44907.609234051946,22.30123436034905,1.7877692682063235,0,2,0
1305.6567397230808,501.03221468333425,1381.4626141650037,1,6,1
176.8471348541181,715.2347638335933,14559.722168668075,1,60,1
12998.0680436971,4.608637102655329,1.2764276593862258,0,1,0
227939.5643416276,3.2491116832498386,0.05131536551578502,0,2,0
90169.52543628181,0.35267147618660954,0.01408033709979951,0,1,0
1170.2044414964591,902.6567179476002,2776.920057196,1,24,1
100811.67069934116,2.3592148741880687,0.08424791979102231,0,1,0
41.5537111463994,1392.1620542752337,120609.76642335611,0,63,1
234518.47944970522,16.576727549435258,0.2544627584060602,0,1,0
15562.795619425224,4.843069076729647,1.1203031320712449,0,2,0
2668.158652209409,1.99320667598192,2.689324350181761,0,1,0
87477.06586916903,4.789096619066296,0.19708877586753973,0,1,0
1372.567127949848,1009.9710521576942,2648.9748397213184,0,10,1
77560.91388547227,0.985317670221581,0.045733649013412384,0,2,0
12475.823363434725,4.445724809978927,1.2828499450250233,0,1,0
23789.604055083953,4.0759161614637645,0.6167945522461857,0,1,0
19898.020837790064,4.804277883923898,0.8692020439177969,0,1,0
157712.54268398878,0.26536391085683564,0.006057286648397895,0,1,0
43162.95781714861,19.93686802807482,1.6628314770530879,0,1,0
128932.00058473536,8.402288021477625,0.23460612369417175,0,2,0
212988.55063256595,1.3178724410069194,0.022275097762459256,0,4,0
18027.42255542088,149.95523846460136,29.945426575150332,0,3,0
60920.01092926953,2.2162867067966725,0.13096898741091034,0,3,0
285369.97718016506,3.5761842674131654,0.04511428808980623,0,1,0
42376.820709081134,2.3231353543427224,0.19735523183884324,0,1,0
138661.82968652385,0.5516114843953906,0.014321182320417632,0,1,0
90901.45367439989,34.33751008933666,1.3598796424575226,0,1,0
1447.616956530068,0.08794958106262296,0.21871703726403974,0,2,0
8190.231736204476,137.10535046733847,60.26438293565957,0,1,0
46299.0470010472,1.4883598967315188,0.11572798956557956,0,1,0
159423.05392314625,3.41239533118431,0.07705675490437923,0,1,0
1162.8593034087887,600.2887948363018,1858.3844623987154,0,58,1
70864.12269671238,1.6530040498500091,0.08397499825022332,0,1,0
7974.237702290113,2.9746742174868652,1.342928011774374,0,1,0
26863.41175433575,114.57521257645628,15.354370064653828,0,1,0
115703.27457298436,2.7200614568155492,0.0846321876427028,0,1,0
384044.2670431206,7.515256106454673,0.07044740490866146,0,1,0
5368.897016092251,2.3388813249301736,1.5682872561182217,0,3,0
308.2152625626029,1200.323919065457,14019.961479869786,1,8,1
53852.21489742964,18.819173594489857,1.2580545678428008,0,1,0
99734.42935513522,1.8752947205655313,0.06769037570763729,0,1,0
68902.65767608194,1.7386891777965778,0.09084237460756833,0,2,0
65171.74104075694,1.6650381652612212,0.09197448616865701,0,1,0
8279.022038641346,27.030339596572627,11.753709809381142,0,1,0
17659.473017846176,1.9091954828056334,0.3892020861072418,0,3,0
192333.17025187236,4.25742224656997,0.079688386915167,0,1,0
184438.1628822728,4.091922781797257,0.07986916473394338,0,1,0
288889.2672179915,0.6946661472022725,0.00865659757460327,0,1,0
22067.20606003827,1.4234898444377775,0.23222529512950552,0,1,0
135140.00960040212,2.769180412511103,0.07376830528958545,0,1,0
74004.60056489252,1.6283336613904704,0.07921130762492896,1,1,0
1789.9403208896838,797.1349738068573,1603.229935777031,0,62,1
26608.80383410235,2.245692685722325,0.30382777516060794,0,1,0
3329.8556485502345,3.9649279165747373,4.286594377111696,0,2,0
302620.32613678725,1.8995026116135199,0.022596662587422288,0,1,0
107738.87190974537,0.9144382544827634,0.030555153008244716,0,1,0
19549.919531521755,3.398375655703174,0.6257904203035421,0,1,0
341.0937834833279,1122.6022086714538,11848.260352170179,1,48,1
14302.107988324116,20.60605957315459,5.186774881291394,0,1,0
102729.56977549086,0.9133152442850684,0.03200573006011633,0,1,0
20023.18423463417,0.9302501640434974,0.16725115003257005,0,1,0
43149.07974425805,1.6134185353891013,0.13461021096686748,1,1,0
14094.016116174107,0.8172555449046348,0.20874958119853057,0,1,0
40291.36359368524,3.752619903483745,0.33529348345655846,0,1,0
69535.21852552435,2.4056590541373253,0.12454656472698653,1,3,0
612.2387512930923,1260.1626613591634,7409.830840193296,1,57,1
29863.522028141062,3.065361549413575,0.36952445084977115,0,1,0
32670.235512240368,1.8081015700671854,0.19923840615728391,0,4,0
1361.4958076527628,182.76726196797813,483.26417120523996,0,61,1
268273.3813415,1.5776963536492734,0.02117133964143603,0,1,0
986.2515300124306,1027.6798927897155,3751.2211656557283,0,36,1
48206.2500982521,2.788523809533356,0.20824448476825358,0,1,0
153416.16112672572,13.864949719275794,0.3253491589335412,0,1,0
252791.81396046226,59.075842492484696,0.8412971513634847,0,1,0
393.5770026147468,352.6655805435959,3225.788299423812,0,44,1
140438.06909040982,0.1915361099572549,0.004909851013418726,0,1,0
313.16944838471034,1158.5961021728067,13318.495751534298,0,43,1
55046.082378609484,1.796155703108615,0.11746813309467628,0,1,0
51136.50474577806,1.464029993475514,0.10306742712889455,0,1,0
854.5809655491602,312.4214927338623,1316.1039376990482,0,32,1
96570.67875152513,2.4184022287893328,0.09015415585969566,0,1,0
79927.3417499923,4.860244823878571,0.2189098371454915,0,1,0
94468.41397649403,3.170252541533597,0.12081190600236762,0,1,0
89611.22888432963,3.658699867928026,0.1469829137321893,0,2,0
9879.076855663001,0.2726127943913986,0.09934187922087698,0,1,0
79295.58170456237,1.868667584157337,0.08483705092208631,0,1,0
96351.39288968615,21.252740788943502,0.7940712069185513,0,3,0
106219.44954159031,4.174267452683758,0.1414746818451319,0,1,0
229665.55448396128,3.9832918692491877,0.06243796881738528,0,1,0
23884.109822807466,122.01121123586915,18.390484874997878,0,1,0
17797.10621378218,0.40984388796745264,0.08290325286367298,0,1,0
38618.84655418876,2.766962201148819,0.2579327145402619,0,1,0
9388.442377788282,2.1054256716930992,0.8073258707991063,0,1,0
104201.54098499904,3.1065104458604944,0.10732506927808062,0,2,0
496.79723043299816,261.77249411929756,1896.9127062325033,0,47,1
1102.7520058483824,402.3309085322655,1313.4333585744532,1,8,1
212319.15459882686,1.2123981569780873,0.020556945855252712,0,1,0
43733.192198227065,4.440568275901885,0.3655357633348077,0,1,0
45874.994081112956,150.9367882784348,11.844632325000678,0,1,0
200.64979022015174,226.42596016414225,4062.468521380225,1,75,1
1075.0135240617653,1446.4262133043312,4843.784986277452,0,17,1
30580.358216744316,29.946163991121054,3.525340991885647,0,2,0
11648.800481174681,3.8569009436011386,1.1919547784686524,0,1,0
58573.83400332974,9.161475307537682,0.5630724310322723,0,1,0
3581.7505060931885,3.2800405423545897,3.296752783977775,0,2,0
101889.79305847306,3.371182808140995,0.11911161800419755,0,1,0
36075.32977654357,49.215243602387424,4.911247605109768,0,1,0
90.80127700308657,1032.4432108403994,40933.296113215394,0,75,1
14676.829527090707,3.4320994699882097,0.84184108489858,0,1,0
65891.84532365593,1.5240656730721773,0.08326730562954918,0,1,0
72761.7154679099,2.039314817128309,0.1008982992560112,0,2,0
41074.32702930232,101.39797285123673,8.887125576130286,0,1,0
51337.06862725684,4.254063332350611,0.29831520197729156,0,2,0
83212.20506800563,3.362172009811715,0.1454572586488997,0,2,0
562.333568964058,3.9921933667140634,25.557599462978562,0,1,0
37065.00776666649,0.992003646228582,0.09634998996640111,0,4,0
33431.883819240364,0.24455912639243516,0.026334527236723665,0,2,0
498364.2515490256,4.646403258429046,0.03356390768068378,0,2,0
55497.092022561985,2.5542618248189894,0.16569052961567887,0,1,0
10826.28218831194,2.5653471143171904,0.8530398017439695,0,1,0
15053.766337742889,1.6347921013508826,0.3909487787190931,0,1,0
73.94365772769623,678.475548217023,33032.06858627469,1,38,1
1080.3474264401673,947.216384525462,3156.3725713012727,0,6,1
437.1745706386222,1280.6466909349244,10545.73709681006,0,46,1
65849.08880528182,3.811003864630412,0.2083493357552583,0,1,0
102138.72798150314,3.116294878463997,0.10983749048159322,0,1,0
408.75595793576406,941.4208137423657,8291.291817708785,0,19,1
83617.80385343045,20.222526135269085,0.8706410684329641,1,2,0
36065.59792372643,3.628459244573729,0.3621859620375805,0,1,0
4268.920544613228,3.4671292100813673,2.923845741763222,0,3,0
68776.91345389062,2.6372052277888924,0.13803961741326082,0,1,0
613.8028800759763,898.7970350545045,5271.512127469499,1,59,1
58364.79854792741,4.018774737845953,0.24788210387405146,0,1,0
2263.836460879447,3.8968291787393787,6.196819110339795,0,1,0
232606.35713611133,0.5793399709569291,0.0089663237115421,0,1,0
151738.69448457655,2.20109486485501,0.052220968029242296,0,1,0
100669.16937196211,3.1787816718375956,0.11367545883221089,0,2,0
17879.036910599476,6.412397973129146,1.2911563871530094,0,2,0
22810.668469047625,4.1736897738848375,0.6586954348301367,0,1,0
284.4710478441509,950.3795663683485,12027.1165197819,0,40,1
62077.84445510066,11.263826060553427,0.6532084703314879,0,2,0
127857.3317949885,1.9925101440199016,0.05610187869377078,0,1,0
140875.96413729855,3.817089071103359,0.0975434009635563,0,2,0
94904.9476128384,3.646177547341804,0.13830932423016085,0,1,0
284.0307650100996,630.788106074792,7995.0394873192845,0,65,1
453.2607882988179,391.3021687488287,3107.8969190846665,1,45,1
5902.202481554786,4.696120680856033,2.8643602966715322,0,1,0
23582.15608691316,1.9560908252071052,0.29861251637857966,0,2,0
45541.31117288889,3.8010281226458016,0.3004678804608266,0,1,0
58255.085190561345,4.879402718794426,0.3015333293256604,0,2,0
32100.53803380328,0.8321603833122854,0.09332483389435846,0,2,0
12.019080200717578,1444.9202588259102,432787.9375879959,1,64,1
75360.54935287574,4.7650808802022135,0.2276295928842425,0,1,0
465.04764317740546,398.7742793607131,3086.968457446675,1,51,1
60110.629463010315,4.3399696666805525,0.2599189351305048,0,1,0
16985.069085858097,1.4355198334405528,0.30425966325263876,0,1,0
249453.8060592202,0.7964151867472924,0.01149348938620566,0,1,0
21030.581674902794,1.8705286865825277,0.3201957689897431,0,1,0
85371.84665996899,4.328504961620018,0.1825264237740658,0,1,0
7594.6845410862525,2.5811654896791456,1.2235130652992046,0,1,0
895.1813221443782,75.40099189156855,303.227473691489,0,1,0
177.6879924083489,801.0756660513764,16229.979070040146,0,45,1
21536.873579124964,1.343985480834888,0.22465413622965497,0,2,0
28087.998179379123,93.70909817754698,12.010565910917693,0,1,0
167734.5927543579,2.381691467471831,0.051117000626430584,0,1,0
109409.00186703217,0.34739992441765954,0.011430866807682898,0,2,0
60469.897251394774,2.1608362758699293,0.12864269573324466,0,1,0
351.3274664328861,765.4495465153049,7843.447013789062,1,23,1
94111.23422696942,1.9674027529431308,0.07525828312392485,0,2,0
15450.536464826897,2.8847262132198015,0.6721458760498538,0,1,0
4599.745885895283,2.7919223878511095,2.1851034482327076,0,1,0
23081.93499388428,1.0222566311626502,0.15943740735603906,0,1,0
24689.68196549043,4.654185157799552,0.6786262614276478,0,1,0
61479.23786487538,1.510393996367484,0.08844316513607067,0,1,0
20693.201037833514,3.7080150986860434,0.6450840704086312,0,1,0
47339.19362905449,0.2145475405984748,0.016315680241761988,0,2,0
723.8500652211557,1.5125198017570578,7.522374519178626,0,1,0
3512.051543094179,0.4117324787289317,0.4220430438552953,0,2,0
85963.14479547388,3.6528004044873263,0.15297348052402512,0,1,0
51504.089841448505,0.016919932869887133,0.0011826586688378725,0,1,0
78241.3645182824,135.64626229854642,6.241283588052219,0,2,0
31123.666732857353,2.3980687708204167,0.27737887213139845,0,1,0
99135.6061353131,22.199852228976553,0.8061631046591995,0,2,0
58609.563926783805,35.70581587434433,2.193173409517522,0,2,0
210194.19329303992,1.761732059140047,0.0301732189340845,0,2,0
372405.5568569544,38.42909049367773,0.3714894239088375,0,1,0
2136.3749474950114,60.2300266143045,101.4934649302718,0,1,0
3747.30266911052,55.891147008174194,53.6941226786965,1,1,0
16529.704957713893,4.0103127965540155,0.8734049460971839,1,1,0
226267.39577716356,2.595458651698641,0.041294730573189074,0,2,0
86335.47894574133,4.048371290440366,0.16880819824657053,0,4,0
25747.364271200662,4.527343460687078,0.6330137829565669,0,1,0
1390.3968308204574,1436.2735547674886,3718.7835030606734,1,21,1
79984.461598564,4.941238661979546,0.22239893633847665,0,1,0
233376.16154227388,4.564927032155043,0.0704173777096824,0,1,0
170753.75005486625,2.976553759217251,0.06275466002789977,0,1,0
40842.376062283125,1.7565777262658777,0.15483134000122276,0,1,0
58730.89201767903,0.3951633786645603,0.024222144672418615,0,1,0
131764.59691912288,77.04236463583796,2.1049092030331606,0,1,0
14249.70141430417,13.129337810194789,3.3169548429453375,0,1,0
37222.556933800435,1.0185164582828814,0.09850637763384855,0,2,0
431.74774219705705,1097.211021111588,9148.767416596907,0,46,1
41935.26691991875,91.51186562768024,7.855982337939227,0,1,0
59333.02817530154,4.165284706321068,0.252726439285258,0,2,0
27163.378414908522,18.824590282635832,2.4948489095264557,0,1,0
59938.060695406864,1.8710639786952898,0.11237985088528599,0,2,0
6574.162328776736,1.9310146227294052,1.0574202908554227,0,1,0
140456.3367968356,49.34593991523023,1.264773008794795,0,2,0
31223.910593311888,87.50911404455826,10.089473245798022,0,1,0
46886.860838486384,4.305651215223906,0.33059036364581773,0,1,0
1571.9438501838094,1.7918381616619916,4.103592746794925,0,1,0
65900.75781608788,3.1385020680036995,0.17144882425092645,0,1,0
49149.661307740804,1.594259044682912,0.11677257600866864,0,1,0
28604.02980483385,5.706853551012912,0.7182440000175989,0,1,0
815.6076528979577,562.5712194073685,2483.125780723775,1,78,1
15019.312434908965,3.8574243740846286,0.9245914423105103,0,1,0
16941.466513215044,2.473971774709367,0.5257100016699523,0,2,0
137952.5715562361,7.003249004850567,0.18275626277241627,1,1,0
24819.60282972021,0.3030517855890674,0.04395664328738742,0,2,0
15340.250871816825,4.6647251766207205,1.094702477564222,0,2,0
1735.5197705374862,202.009348751003,419.02931205352286,1,55,1
1484.4037560199592,387.1398622877036,938.897856182057,1,74,1
24718.657113007168,2.7385785408961794,0.398843784359079,0,1,0
75649.84635032785,4.22104792888116,0.2008698401527728,0,1,0
321794.9139995447,4.896241393509927,0.054775474222257835,0,2,0
46649.35239155481,3.781474619301969,0.2918220282078681,0,2,0
35537.02952935256,11.881561384493361,1.2036352376848583,0,1,0
1683.2680234161485,1185.1073202029472,2534.5852789813534,0,66,1
63158.42780228628,3.7659385192408705,0.21465668385077138,0,1,0
24854.608144362395,4.360552043965136,0.6315926313179537,0,2,0
570.9557137299593,708.7228712911589,4468.651902930058,0,24,1
145545.43573446682,0.8452887456685287,0.020907831764360008,0,2,0
111056.73696900354,0.26295735620339267,0.008523989702636655,0,1,0
61029.23532424723,2.517760755084924,0.14851797945933914,0,1,0
90787.06698745291,63.293511497241475,2.509791856383684,1,1,0
248451.11259389017,4.6455817634566285,0.06731342103418352,0,1,0
108382.22709174576,38.539914702533885,1.280133252951844,0,1,0
89836.8394788287,4.901610363639129,0.19642050423266885,0,1,0
83401.72456940019,2.44636259988042,0.10559620205744207,0,1,0
108253.09601052749,3.9457197564645603,0.1312164884585937,0,4,0
174326.35448769582,1.948130086790052,0.04023068303730973,0,3,0
46706.79647648487,0.6959390137899352,0.05364059705754241,0,1,0
33361.204552735115,2.6432791608842816,0.2852356534111794,0,1,0
124893.52825292906,4.869702917866286,0.14036700499657387,0,1,0
64407.24584682338,4.525420188804769,0.25294533969737626,0,2,0
74681.99045287004,3.776694647519861,0.1820532721292647,0,2,0
243857.88464789404,4.827796091593291,0.07127128964819364,0,4,0
12.720354701650773,1061.7469207779507,300486.0323827753,0,28,1
69974.933226834,0.057163383361020226,0.002940884265406589,0,2,0
51624.331072256995,2.6024170719527415,0.18147840881302238,0,3,0
77018.73325745121,3.476771253659348,0.162510807225757,0,2,0
24992.535790599894,2.9553103902449465,0.42569179430297566,0,2,0
797.5549804722941,4.649657994908227,20.987604856730123,1,2,0
10225.306577603385,2.9460045338192655,1.0371929918442708,0,2,0
7216.100690589769,0.45533177993736296,0.2271579178367224,0,1,0
4132.758587170756,4.654162079087439,4.0541887776186485,0,3,0
15439.674868073613,1.0737683291254134,0.25036576339083166,0,1,0
106411.4619784814,4.660808596068161,0.1576795453598638,0,2,0
175226.43870219158,4.501385135638458,0.09248025930516027,0,1,0
1132.7330774390243,22.241812394113918,70.687901866378,0,1,0
180293.50841273417,4.506043679208062,0.08997416151009505,0,2,0
76168.65993231491,4.997252614959818,0.23618781569534947,0,1,0
207334.0493445768,0.5605682416909807,0.009733305631501266,0,2,0
174.37213715706204,1341.4187631851278,27694.261400929798,1,65,1
245552.16036381375,1.4232769674679602,0.02086643047771668,0,2,0
302757.2540294685,3.78906015946058,0.04505463169754603,0,1,0
41998.093394130556,2.957399430372041,0.2535028876055423,0,1,0
73.65475611682126,1338.6846457385882,65430.462046676905,1,36,1
966.7606869231003,1369.0748399727354,5098.127686168409,0,59,1
13850.802623325117,2.264664352867265,0.5886151071557859,0,1,0
33987.91696601486,3.645188119100942,0.3860983078746778,0,2,0
115710.91636781151,20.48191364957225,0.6372336461676462,0,1,0
17272.928355654,1.3024378952867455,0.2714523169719217,0,1,0
79993.25132632763,0.25635166231576634,0.011536798030273614,0,1,0
27751.68032112009,1.271944041415245,0.16499896568821776,0,1,0
192715.56752637465,0.0175542545532531,0.0003279201426374773,0,3,0
648.4605721383953,1133.7682675166404,6294.238907386975,0,47,1
44888.98249842862,55.27475768521716,4.432916867156603,0,4,0
129014.00545987379,0.19902841611043665,0.005553678419979139,0,2,0
39787.257634145666,1.4749647349198987,0.1334566230861478,0,1,0
74813.14001488699,3.944885939261469,0.18982747387043677,0,1,0
50806.841065474466,3.0842492563796107,0.21853941497086674,0,1,0
3260.1263112338,4.791255861162516,5.290752398380947,0,1,0
20409.112675968212,4.859113501309807,0.8571077480165581,1,2,0
42292.37491722777,4.809227022634172,0.40936971062437294,0,1,0
271.2960244765369,298.168425744042,3956.5870334800466,1,14,1
104817.50171741532,1.5203176875325135,0.05221593326916407,0,1,0
66583.89715909059,4.514883618087283,0.24410678435176492,0,1,0
143479.51077979302,2.31622072741904,0.0581155774325576,0,2,0
42927.1907475524,1.96251006135109,0.16458184423043695,0,2,0
139724.03284787768,19.959494841488574,0.5142578550362125,0,1,0
123472.2734901766,4.516118124854681,0.13167349065432357,0,1,0
7682.341297456363,4.087238252534766,1.915309036581987,0,1,0
60346.812027189764,0.05822449751548109,0.003473392943463048,0,1,0
139565.013085063,2.108907423427147,0.05439806550736657,1,1,0
29562.92225584173,3.7683306895479065,0.45888530115427884,0,1,0
42839.24375536201,0.2673286206281422,0.022464986537976746,0,1,0
93584.5490763906,2.8157883012666143,0.1083174304369985,0,2,0
85113.3433161701,0.41608851370035227,0.017599104804953525,0,1,0
254048.50972200435,19.38880515480207,0.2747494902987883,0,1,0
42956.35492108285,0.42266307646786183,0.035421699026364835,1,1,0
36561.793101180534,2.330955181644692,0.22951387068731985,0,2,0
163010.9125023998,1.2025602120276846,0.026557834054428294,0,2,0
283.8079127074649,1065.8613384007554,13520.06285391279,1,43,1
69514.3931513453,2.059491488049683,0.10665660765874604,0,1,0
43359.79792187143,4.975263762396237,0.41307732976291983,0,2,0
13153.64578800229,3.353029048606727,0.9176850866696089,0,1,0
72091.26327364575,3.2141184413771584,0.1605024778805297,0,1,0
23794.391208856432,0.9362347446936181,0.14164872096591077,0,1,0
657.9158411143155,4.36953544167181,23.909330961504104,0,1,0
34012.0561305225,3.3380085679161753,0.3533109200567942,0,1,0
1779.1469003969864,458.58283105509753,927.9156158662229,1,11,1
227.37877511015938,327.0632082585541,5178.2649860804295,1,73,1
73058.39376145687,3.730406334156631,0.18381820502121143,0,1,0
50621.386066855965,1.0042560802555816,0.07141886403792494,0,1,0
7448.068510933431,4.614365872439453,2.2303389283270927,0,1,0
212732.56254257148,0.23747112341161114,0.004018642158323649,0,1,0
16115.735570079232,27.96538480102569,6.247023900702877,0,1,0
140667.9236933218,4.555368784532396,0.11658185600343218,0,1,0
43732.711090647645,0.4932868836640453,0.04060651025063775,0,1,0
23434.600050442892,1.945615048075151,0.29888345258694404,0,2,0
84716.64487797533,2.3420477251217937,0.09952438298970512,0,1,0
29096.489608747186,3.96250840930733,0.49026636770704934,0,1,0
28717.245182948842,3.3362982299117454,0.4182390598807766,0,1,0
79285.10644920016,1.3710380253012238,0.06225301462194351,0,1,0
267678.1422752649,2.720900579709768,0.03659335799216022,0,1,0
21554.352944754402,23.222519870457663,3.87861661855144,0,1,0
3310.6945407134767,3.5241809875866825,3.832141986913088,0,1,0
67942.88938084827,2.314153285994039,0.12261697884056824,0,2,0
82500.81803327764,3.398379337453198,0.14829144615143966,0,1,0
1206.5824060250318,230.53512657281664,687.832386348357,1,31,1
5647.590305247511,1.47807180105423,0.9421820982395123,0,1,0
15234.745573195716,0.15325295353616208,0.03621397089170121,0,2,0
254.02432133388868,364.3545387283475,5163.585646186958,0,69,1
13252.528314442305,2.0279810521790322,0.5508935061008958,0,1,0
1612.0205558352536,1257.2102752643427,2807.6298249227666,0,64,1
25988.73738835098,3.549477166907268,0.49167905350391294,0,1,0
1344.6115739459374,789.3974067239137,2113.495614102419,0,20,1
47458.97805905629,4.807894855194579,0.3647027851540017,0,3,0
213048.7424253654,1.6983921886461273,0.028698652756741667,0,1,0
112767.7157804583,61.14507811937679,1.951997339897363,0,1,0
44.499775278837234,331.38451786553014,26808.770535145966,1,33,1
56856.23147056273,1.4875675255688892,0.09418920237125941,1,1,0
183839.7010794536,72.96605778115469,1.4288415748599932,0,1,0
440.43136127526105,4.145908899749589,33.887850301764765,0,2,0
35537.62140145831,2.8270169597525214,0.286379916656196,0,2,0
77789.75718900378,24.81958606083443,1.148615358213695,0,3,0
39483.88821712268,30.89097332261695,2.8165286901302315,0,2,0
754.4170563663254,949.8772612228065,4532.715838733177,0,51,1
103066.0319814428,3.604081582374578,0.12588719529713335,0,2,0
1583.4512629714436,562.3041094621944,1278.406757063799,0,47,1
38403.46510498509,0.679430750637971,0.06369088559092526,0,1,0
167258.03546741043,0.12328027853446444,0.0026534390499316036,0,1,0
238495.70585829215,0.32245340227923136,0.004867308801337366,0,1,0
482046.6609188486,3.0679903438470575,0.022912232639048954,0,1,0
23854.920761534497,90.0725550510904,13.593052830709423,0,2,0
86845.88241414995,2.7559982523566258,0.11424368585685889,0,2,0
58961.295420551665,4.591140278483035,0.280321266428245,1,1,0
33325.28567633952,3.3263146216123003,0.35932873176556657,0,2,0
79576.90150616308,1.1558794156869712,0.0522911274215775,0,2,0
27567.78054170143,4.319350738156227,0.5640520329099631,1,3,0
1778.3905558851884,435.8875138555364,882.3680741482958,0,31,1
58255.985867044285,0.8105467771510072,0.05008873087141996,0,1,0
624.6539964597848,1068.0613949408182,6155.4413220415345,0,43,1
1059.5843344351827,551.1399828485378,1872.5304572498928,0,51,1
188451.8539958674,2.8929267429647485,0.0552636445534862,0,1,0
127934.85583765771,0.7872566682313259,0.02215286824748621,0,1,0
73723.46180994165,2.173758631199946,0.1061470918510846,0,2,0
490.83120887355517,1401.766706419827,10281.253620144982,1,78,1
17829.211251113134,82.89812311815746,16.73844339057538,0,1,0
63472.34064967366,1.7155775820850472,0.09730347474649059,0,1,0
164775.22162640817,2.570262276467738,0.056154949172290525,0,2,0
64347.28103036409,1.903604406177376,0.1064998513146932,1,2,0
132834.62163454882,2.3146866678859173,0.06273117581735946,0,1,0
19342.60760092208,4.900463569296376,0.9120625932889193,0,3,0
102495.46972944631,2.888289980330035,0.1014468635212361,0,1,0
11062.441025746824,4.860910389833801,1.581864017414756,0,1,0
30157.134334825143,2.1452399698605786,0.2560874586342841,0,3,0
1413.1762546886316,2.616090099836461,6.664366407349756,0,1,0
426473.76010690874,1.0123928207069,0.008545928250383342,0,1,0
16972.538101547532,4.434049328297008,0.9404944320268626,0,1,0
231926.0139633201,4.065923350997979,0.06311204083345161,0,2,0
20596.328855909265,2.0809383046684786,0.36372394076710335,0,1,0
127595.32820837661,2.07415335944477,0.058520575939950185,0,1,0
78492.18656738702,2.437637852024999,0.11180088937586251,0,3,0
60310.373019433035,3.596439000761401,0.2146758468658325,0,2,0
164578.5458265105,3.433583298024243,0.07510638650263349,0,2,0
13125.999971702333,2.0462478689269865,0.5612138003975463,0,1,0
18605.69504073869,0.1374666581378503,0.02659830596022782,0,1,0
5447.1723011981185,3.914670863699336,2.587179977071381,0,1,0
26673.80939843014,2.4320454949554327,0.32823822240983863,0,1,0
19749.034386285268,3.4419835246345416,0.6274302047541822,0,1,0
8618.642783671925,32.584219889258584,13.610401840016221,0,1,0
128974.74812063912,0.9024150403406633,0.025188606239321024,0,1,0
212277.16879272333,34.011583704723996,0.5768010852667995,0,2,0
64010.49578474572,3.76128963236913,0.21153785032478573,0,1,0
33513.48969454636,3.0642738698168195,0.32916255608963585,0,1,0
134448.14152648364,1.479619055313166,0.03961846209735936,0,4,0
7344.700228231943,3.4344355929619925,1.6833863534876354,0,1,0
39986.63350610554,3.439814200593545,0.30968676370932696,0,2,0
320856.20210377994,139.40506360432934,1.5641219514692788,0,3,0
87003.1461002402,0.27205063875088975,0.011256860738976186,0,1,0
44260.02497898753,16.019641993209074,1.3029977096246979,0,1,0
16088.489603567452,2.465977598939646,0.5517932120995516,0,1,0
82062.2050265649,2.023977029308691,0.08879017207924873,0,2,0
80857.04005615755,1.489236741800109,0.06630532439422526,0,1,0
810.0105223449947,1201.127368955046,5338.274514903757,1,51,1
94989.72257698784,4.472326896575453,0.16949598746982864,0,3,0
1254.8031602358499,324.60334805882655,931.2791759244004,1,69,1
291168.66524149256,1.1540586567997457,0.014268744066375719,0,1,0
51858.64980118818,2.191904485704658,0.15216084835968818,0,2,0
23826.676570861164,4.92951913561732,0.7448067226431887,0,1,0
10140.504287751935,4.2389513518143715,1.504878301265903,0,1,0
150998.73331018712,0.27608813375202823,0.006582288869043427,0,2,0
38871.38292187401,31.809165392581324,2.945946009779166,1,1,0
72465.56607066076,3.798558301694837,0.18870769425532652,0,1,0
317658.4475996364,2.269189406284902,0.025716557907887346,0,1,0
1732.7985755752518,808.3214472068197,1679.3395671960936,0,59,1
137950.2395691403,0.17048930833376608,0.004449151461559747,0,1,0
38102.90707261698,78.4006465073438,7.407369912446229,0,1,0
300982.89911651885,4.356359254750585,0.05210559590972251,0,1,0
49884.96060139458,123.53420610087717,8.91497430491556,0,3,0
132196.0857986907,1.9917766098295453,0.05424060593068921,0,1,0
357764.85161913437,0.49155730118618735,0.0049462832255923895,0,3,0
59959.262200593475,95.57432245690201,5.738355480322132,0,1,0
282968.34876262746,4.638188590265933,0.059008291909581415,0,2,0
74379.90873976928,2.9746996949699707,0.14397596183344163,0,3,0
157179.1772782402,2.843248180895025,0.06512117971646308,1,1,0
887.3875859014073,1206.8638251575262,4896.067783226586,1,61,1
108140.0552136877,1.5761931420051056,0.05247172567099044,0,1,0
11102.479109550046,28.464339745644118,9.229616383261245,0,3,0
12958.19028884088,2.0313740027979326,0.564349361065503,0,1,0
105948.48681550275,1.714513217754408,0.05825706217649089,0,1,0
28899.17091174732,17.246063572822454,2.1483602090786404,0,3,0
59329.005430331315,0.3739408225143259,0.022690199360115175,0,1,0
270453.13037772477,38.43122595951216,0.5115578187651802,0,1,0
21483.378909950105,1.279694788383131,0.21444025437011535,0,1,0
1115.7140411104858,937.7361607048979,3025.730656914205,0,14,1
66422.48076437121,2.066255016166382,0.11198795908551747,0,2,0
182675.60087434246,3.576410656635885,0.07048055844494305,0,1,0
104458.07382928224,1.9033413190195954,0.06559597068263906,0,1,0
7106.624483880555,1.2939701348441823,0.6554859477949238,1,1,0
574.618628113665,694.246408580352,4349.471020620802,1,78,1
100649.19740360677,4.915082153530742,0.1758016577296283,0,1,0
161147.5172406387,23.593477283764148,0.5270730798459449,0,1,0
289943.49219564017,0.021869911415046683,0.00027154146657323023,0,1,0
131.12036057515257,1009.7868314982005,27724.394422405225,0,70,1
31181.232113927774,4.937978872566405,0.5701097338388593,0,1,0
56062.123046489716,3.204458324186035,0.2057726204464896,0,1,0
20753.293521444568,131.0465397646982,22.73217707181907,0,1,0
93802.19444918391,4.877452491655278,0.18718995939344749,0,1,0
85765.0842889346,0.09841607690706855,0.0041310269768038725,0,1,0
141297.72904368397,1.3386860938728233,0.034107200239943174,0,2,0
31.321359773549467,185.95116653037664,21372.769392811515,1,27,1
143889.62599958238,2.4450869017329713,0.06117406161208761,0,2,0
40287.04073455916,0.9116438127753562,0.08146336057828088,0,1,0
234081.01193461573,3.9672803235787653,0.061013958572910254,0,1,0
27597.20028176529,4.13363824198141,0.5392249039467125,0,3,0
98.13840594603953,4.496832644604635,164.95680120867087,0,1,0
5947.21142962373,1.2675050805288657,0.767253416815654,0,1,0
33074.51206784951,1.3861250371094114,0.15087297806108896,0,3,0
19740.969326523817,1.8590049885864395,0.33901161833625365,0,1,0
92606.66809786747,1.9503303287381413,0.07581731777713091,0,2,0
986.1841641721247,1301.2850874757344,4750.255058947598,0,67,1
141240.0203940218,1.983043996671724,0.050544869422295656,0,1,0
43922.28349998908,84.1565819577594,6.897721860203585,0,1,0
140396.43542852654,3.4012104225846533,0.08721273787280837,0,1,0
369.1922956069047,1020.8025238965073,9953.861794397364,0,9,1
72978.68798449877,0.3371193310184084,0.0166299179278758,0,1,0
816.7405604119248,1288.7046823577487,5680.306674310427,0,69,1
8291.357078365725,3.930952970325792,1.7067689353408213,0,1,0
537.6756481888369,1225.658582932338,8206.380395726514,1,40,1
89085.21060562774,3.6577434126928305,0.14781214745045843,0,1,0
808.3464514323475,842.3285490287327,3751.3404940792584,1,18,1
44188.70342629182,4.740814025101529,0.3862283608034279,0,1,0
50986.90120577512,3.772689880755519,0.2663759367510163,0,1,0
259317.11912192203,176.42591873629334,2.4492532911104803,0,1,0
15774.650549536136,1.176627754798748,0.26852321729561557,0,2,0
45525.19471973885,3.1452349679352523,0.24871603414927382,0,1,0
7783.986678403884,47.23562309137559,21.845906237319088,0,1,0
48621.10810023511,3.6529571654830857,0.2704719474642232,0,2,0
56995.94986864768,0.6834753724451814,0.04316993306494802,0,2,0
21042.085113303332,126.44809961729449,21.633462471571463,0,1,0
22368.71928827362,1.9285835638051,0.3103843693607459,0,1,0
343611.83957156667,3.78906652847133,0.03969781576649004,0,1,0
470.83021147444595,568.5464302864852,4347.144892469234,1,77,1
1759.1726955936158,293.8962558026284,601.4341420484823,1,26,1
21978.1453091357,96.05896761480346,15.734370600850838,0,2,0
131331.0011791992,4.179215124340776,0.11455920013202274,0,2,0
32428.25587127725,3.7140834528866584,0.4123163602589811,0,1,0
166860.25863308666,4.1464333876525705,0.08945904985304483,0,1,0
44567.54895373469,0.6000137480844403,0.04846686757098354,0,1,0
185886.79407677884,2.5712713953098754,0.04979685119154945,0,2,0
73298.0313525479,3.22958263202757,0.15861950533675698,0,3,0
2325.3422433809787,4.989575672061439,7.724657508180077,0,1,0
28705.42902075919,4.914012698525095,0.6162752593558858,0,1,0
24960.671222464567,0.9226752536832206,0.13307458295713342,0,1,0
21365.975665346003,0.531529106564757,0.08955850243416151,0,2,0
90885.63630796138,58.89988776335587,2.3330374805276786,1,1,0
649.2335448849367,4.311708059819381,23.908421149281114,0,3,0
126979.58205451153,3.510821643241562,0.09953535608775119,0,1,0
87.03293089028799,1336.1342045538772,55267.392321389874,1,30,1
18848.837616141507,4.751898757410466,0.9075803970016676,0,1,0
11023.239579880204,4.10072033975935,1.339224564263176,0,3,0
70518.19255592223,2.7566877134953804,0.14073071655535407,1,2,0
68310.389779521,4.529776048746912,0.23872201327092515,0,2,0
62385.31899486223,3.3977591828634197,0.19607069828905865,0,2,0
13290.324795930173,2.977249657346483,0.8064587533428443,0,1,0
1693.42374646594,1207.7421476641887,2567.503698152805,0,78,1
39618.76003227248,5.06015754311588,0.4597964989408652,0,1,0
1060.1289234489063,886.6429745989013,3010.874090833992,1,46,1
70482.05058674062,4.482187178593683,0.22893593061795517,0,1,0
13467.397345896929,0.9234731474710267,0.24685566524170036,0,4,0
146634.95087413205,0.5477631692178999,0.013448004022431953,0,4,0
176628.02124223585,3.2544174256193474,0.0663309402994552,0,2,0
155395.1533408288,15.811743363991893,0.36630663754050913,0,1,0
187762.38425173273,43.402570143132124,0.832164829701952,0,2,0
59951.86327676107,72.79372708201399,4.371130489898063,0,2,0
63821.67002730695,0.35512283824663315,0.02003147547127615,0,1,0
1916.3641078901555,0.006599344921648376,0.012397248320461617,0,2,0
11334.037743399642,1.248405321696625,0.3965276329457324,0,2,0
43457.3580842659,3.67223638899344,0.30420742500595804,0,3,0
1037.2741792684042,796.0748969929643,2762.885345508154,0,37,1
393717.13116855256,3.076308112228095,0.02812859367117555,0,3,0
51149.53449753316,0.23380006905583117,0.01645528658020504,0,1,0
134501.66039744116,51.83057751857214,1.387269707418493,0,3,0
307082.8961576346,4.37125938342168,0.05124523044826316,0,2,0
491.74662705535326,255.5286414134005,1870.6851424619804,0,57,1
23707.534824053324,1.9704682428603366,0.29921650340043204,0,1,0
101651.46002549857,0.5932792235469497,0.02101106274551558,0,1,0
1645.9646016988506,565.615425116191,1237.0955780681109,0,63,1
92342.06252933176,1.8141436236343678,0.07072526718806207,0,1,0
5075.195247513549,2.441049891382459,1.7315155733727057,0,3,0
25772.9672172948,81.99910994057336,11.453737293701053,0,1,0
7592.717072167479,2.9068327860228744,1.3782415346467054,0,2,0
104.64147722593354,494.7783151801862,17021.9494398272,0,47,1
67953.96089133566,1.86808886155154,0.09896582647094848,0,1,0
259.11806038221295,1049.822495782661,14585.478832478218,1,12,1
29883.651519826115,1.813683239862418,0.21848935225244848,0,2,0
51450.14019272342,4.144485559879389,0.2899923685276168,0,1,0
60722.59539542877,4.311258141512436,0.25559726504399655,0,1,0
11505.810919554277,4.105630522425899,1.284591758379583,0,1,0
87387.14618118742,1.8570845599661605,0.07650443695708446,0,1,0
334.76513564883646,494.8437302978671,5321.454474700801,0,23,1
207616.11839800928,4.199290016997928,0.07281440467069966,0,4,0
988.486451513381,676.7423052481993,2464.6491564589114,1,57,1
5214.946252884977,2.8708099980479145,1.9817876334305613,0,1,0
90292.41418748237,3.197342197460519,0.12747950106813746,0,1,0
22865.56604377846,1.6091375408453996,0.25334580110338617,0,1,0
48519.57747037724,2.4705020787921974,0.18330348175603683,0,1,0
78141.63005440007,2.422127354171995,0.11158787536104371,0,1,0
173430.12792293073,3.580068204664218,0.07431376365309776,0,1,0
65781.39865445682,2.0524655727067085,0.11232470292334747,0,1,0
36147.966175059206,2.5325060051846267,0.25221395788942264,0,1,0
176776.91855075496,3.589339255656318,0.07309563616277642,0,1,0
479.4847206825219,709.4695898584209,5326.740171938531,0,6,1
93649.00993460245,1.5466338710840595,0.05945478697309039,0,3,0
52653.17439201931,138.85792282072148,9.493986410634454,1,1,0
21333.11154321536,4.973450649822626,0.8392785226426875,0,3,0
38124.012759380785,4.311674582198658,0.407145716634874,0,1,0
53646.99183668728,3.842338978320669,0.25784149023794667,0,3,0
271304.45145896816,0.06996705085231314,0.0009284085893681755,0,1,0
146945.03519452672,0.8632870054879488,0.02114963064687723,1,1,0
17594.465623118198,4.63094460719725,0.9475366256082687,0,1,0
41069.88318387266,0.6561247588864516,0.05751292550349294,0,1,0
1551.8005030268084,545.7701923425343,1266.1245363697246,1,36,1
7321.727000340266,2.548613527832405,1.253120841540563,0,2,0
7782.471300452809,3.242416709350639,1.4998706327363063,0,2,0
232155.78053022962,0.5187508846026695,0.008044181283379406,0,1,0
32184.99347545456,4.053652326152063,0.4534146755467479,0,1,0
520.1714786070959,102.03655831243135,706.1740695748748,0,31,1
9740.409142824938,22.71011204543315,8.393528666481473,0,1,0
4038.9090178022802,2.802367410867509,2.4978336067130753,0,3,0
45503.41518286375,1.0194323773026193,0.08065233221596756,1,1,0
137512.12983476036,1.3612717969223302,0.035637426856882405,0,2,0
228995.27220454015,9.593387937297862,0.15081619913717842,0,1,0
182906.32252265103,2.407945275539389,0.047393676021605456,0,1,0
96452.35730582294,4.880069627993971,0.18214433686752082,1,2,0
14220.97936680537,58.759616723739704,14.87482786869288,0,2,0
60921.03466934369,29.831528206509322,1.7628312146424439,0,1,0
29996.72904958313,29.604877920080884,3.552972736998213,0,1,0
5942.359578667846,2.3126747164785306,1.4010644877853629,0,1,0
69344.89717405787,2.9262711311909135,0.1519156636117748,0,2,0
108707.44814858229,3.1386636778113286,0.10394126099507876,0,1,0
39179.883161625905,1.089991521942173,0.10015265902668874,0,1,0
112608.63874625762,3.1847178771343945,0.10181265385436375,0,3,0
38586.94609154914,4.899572163911902,0.4571095040336922,0,4,0
104760.03032858035,3.485699069728916,0.11978343850861452,0,2,0
1126.9169045038295,118.52643305905266,378.6394163644739,1,11,1
74989.51514035938,24.028918286278294,1.1535493417805196,0,1,0
865.8707956518748,1449.4256344264682,6026.225055906801,0,27,1
66453.76089770278,13.762992551347248,0.7455826805817826,0,1,0
226347.07744964364,0.11079767772260773,0.0017622124583876126,0,1,0
85030.50417956577,30.757366053418927,1.3021975920368296,0,2,0
1661.0515837028706,634.395818573291,1374.9271661826842,1,17,1
27798.60988236337,1.8541704229699474,0.2401204071332619,0,1,0
262.38184550068246,466.76536979487054,6404.236268919617,0,28,1
140181.73265437584,1.5071245589927922,0.038704389720672264,0,2,0
82566.31321128577,229.93431987736375,10.025439181719024,0,1,0
262760.4281599484,87.15958381002311,1.1941467134658548,0,1,0
27763.713004231922,2.4278310114171457,0.3148062955329314,0,1,0
89707.20561045522,0.8631363513461188,0.03463814131430127,0,1,0
1327.221382464869,1268.9051135466052,3441.8209871544873,1,28,1
23623.70315179206,4.840366404318712,0.7376201327786116,0,1,0
159387.5248528559,1.4444364968711336,0.03262470757066223,0,3,0
123709.55279618944,1.8162308928108861,0.052853082614333,0,1,0
354974.3555920718,1.6415613677123186,0.016648022119534586,0,3,0
105841.97867043244,2.0472396881365458,0.06963270121999746,0,1,0
263059.262812488,3.8413797389976128,0.0525697780513012,0,2,0
73348.63815539127,3.669682273666421,0.18011044945662827,0,3,0
50076.04813029694,3.170184867068043,0.22790667290177158,0,1,0
393272.04442468676,4.695987164128811,0.04298691969218067,0,1,0
866.1085342384155,601.2238855181729,2499.0008784160323,0,38,1
956.4533011289362,930.5800261261099,3502.6154336022114,0,65,1
147980.7089402053,2.159667116817383,0.052539291615937254,0,2,0
71356.90114666913,3.867586261356471,0.195122129985226,0,2,0
4585.639926877326,250.73860485452562,196.8447134685898,0,1,0
41733.08699507288,2.343450336145705,0.2021518612107598,0,1,0
5658.803157946149,0.1521176982704281,0.09677376973336885,0,1,0
25365.12814367602,1.441087914779335,0.20452948094011686,0,1,0
1312.8571124223545,370.76877166718543,1016.6891471830365,0,69,1
44429.74739191712,61.185322052464564,4.957650500370492,0,1,0
115225.04968373061,4.819044848104998,0.15056241243372231,0,1,0
99264.78899066724,2.251325967483191,0.0816480200617914,1,1,0
189617.29692938842,0.6236188502612899,0.011839784119360533,0,2,0
749.0881360550051,784.7380846549622,3771.3280571171963,0,73,1
84695.86379231785,0.12980509176960475,0.005517368965224041,0,1,0
22410.699307331462,2.669782734674669,0.42886737772098815,1,1,0
56.49937439782801,516.9857892127698,32941.05219751812,1,60,1
17060.111523227355,4.215918133286756,0.8896369322772838,0,1,0
547.487263211611,457.3285070997216,3007.161510755821,0,6,1
30654.976689741667,26.317136102709664,3.090581047528867,0,1,0
1143.6335238408856,168.5962248256684,530.7175740476554,0,7,1
93047.13076588506,19.507419359743533,0.7547434199961891,0,1,0
32037.722887459255,3.451053883497339,0.38778642365539506,1,3,0
53834.26293667413,1.81662237784505,0.12148100862707215,0,2,0
163683.17387099285,1.1018484528324572,0.024233733598806994,0,4,0
174156.83683363043,4.9319928824265,0.10194933888065887,0,1,0
15979.543457788925,4.892171119945196,1.1021476350889212,0,1,0
29524.984906379923,2.7147329228592065,0.33100909461197825,0,3,0
20426.228200017376,3.0425954910519515,0.5362391754625412,0,2,0
28681.953127654335,3.779370755891936,0.47436569820249447,0,3,0
280723.53683418356,30.26566149178444,0.3881269899886656,0,1,0
78178.38960128491,1.1709721280840646,0.0539215463838788,0,1,0
88095.94061717817,3.833892122666216,0.15667023412094733,0,2,0
272.83157200787383,1251.450024714142,16512.82531495619,1,34,1
242461.6768612259,0.17904647208865365,0.002658429603652681,0,3,0
4648.189439598851,1.3573033151049545,1.0512247828693346,1,1,0
2635.9919087188314,4.2216677459966885,5.765573041145923,0,2,0
9767.868336168645,62.78183707457971,23.138581079312445,0,3,0
42528.99102416586,0.15668730338363135,0.013263288843616208,0,3,0
1130.4981506095505,1071.3854824966975,3411.759439773052,1,67,1
93261.32621380339,2.0552359677802907,0.07933459435315171,0,3,0
71987.7793215836,4.510970591913378,0.2255868188174432,0,1,0
219139.00609922706,4.233915135844146,0.06955445659974036,0,1,0
164.80787799325165,426.0437045368282,9306.335079415221,1,75,1
1400.5913158542423,828.5396342669756,2129.630999134027,0,71,1
258766.22032311663,2.8240915698009856,0.03928924586288172,0,1,0
30975.0257939336,1.4616475792131673,0.16987657476617637,0,1,0
825.8620904551179,575.0712164283398,2506.7821892649677,1,53,1
212.69649658497792,867.2887271761498,14679.317562650693,0,50,1
142205.28101689776,7.49445776773802,0.18972606200645198,0,1,0
20946.600136474004,21.474218860099008,3.6906795084965873,0,1,0
18062.526429363763,2.1561849569530356,0.42974419306105605,0,1,0
15144.328760634258,37.143971847849514,8.829595604120918,1,1,0
61249.26910836532,4.160310483770754,0.2445272892167323,0,2,0
932.7975613982946,4.787457789354757,18.476514899804748,0,1,0
59403.089729637024,2.2628225171779133,0.13713362552211245,0,1,0
40397.402450600035,2.585241773450666,0.23038289146940338,0,1,0
204210.23774588076,4.531376197946766,0.07988313657862835,0,1,0
248.2597713799074,830.0552826498189,12036.581685908997,0,31,1
205646.84077921603,0.8474413746002835,0.014835087847696965,0,1,0
50191.420017221615,0.9479446554885851,0.06799171568742186,0,2,0
434.4406223709485,214.70354367705158,1779.1447609551913,1,29,1
128055.52909842301,109.2335196146657,3.070860535124205,0,2,0
24.9684389194301,495.8166764862424,71487.85076673162,0,66,1
35234.64410721808,3.9605288970747905,0.4046558264100192,1,1,0
147386.66460838102,2.629464842894999,0.06422611882543217,0,1,0
1560.2778736136133,508.9518308572182,1174.2950547920912,0,6,1
177222.0169597068,2.2264738618760522,0.04522748380962253,0,1,0
1614.7823458408125,563.4276150431683,1256.107003757993,1,11,1
22578.822198608133,1.7695291312842936,0.28213627870350794,0,2,0
18826.824285561117,3.4498450607086246,0.6596673995664744,0,4,0
104678.23624479288,2.824245854997872,0.09712892997371363,0,1,0
83113.17151960134,27.33916955761058,1.1841806612347427,0,3,0
54758.84086012965,40.472183403547476,2.660755011687184,0,1,0
121986.59610515554,44.192383857848945,1.3041808441897533,0,1,0
973.9359070710166,214.00447482643654,791.0336848469793,0,60,1
144158.37774421604,3.8927772995576926,0.0972125137484073,0,1,0
75075.1659590475,2.1372096042827997,0.10248335088083625,0,1,0
491.5737737701249,982.0175141722979,7191.724293805534,0,45,1
17513.27445660908,83.29810453387961,17.122621875476963,0,3,0
19190.595720809386,2.65428158699867,0.4979216826934542,0,1,0
1344.159390673014,968.3155500810341,2593.394804574725,0,24,1
95063.65543581273,56.65987848069099,2.1456734605394225,0,4,0
1144.383951055143,976.3762094605439,3071.481691802044,0,29,1
1342.4634673254536,3.9586644649982645,10.615701969444233,0,2,0
1542.7157319458822,187.90125013122446,438.47643896078284,0,66,1
5179.42496896969,1.1935734196753178,0.8296025787754374,0,1,0
8897.477753891066,0.028853306464839967,0.011674308848706969,0,1,0
1048.9414506077092,781.9198896332542,2683.5736170487717,0,31,1
1716.7929555011594,1.5026477485857348,3.1509518241991596,0,1,0
128.40111117133426,1000.2165255568999,28043.21130212087,1,18,1
42546.68186659346,4.996382629731185,0.4227586424584421,0,1,0
22761.722412044463,19.174314329802986,3.0326145947006427,0,4,0
11840.391839389415,3.5614265832996783,1.0828303550923701,0,1,0
87406.84809837268,111.58592339391001,4.595856422668042,0,1,0
89440.34781559504,2.560519277318996,0.10306164525828393,0,2,0
18895.741059776166,2.933215062228172,0.5588335588753303,0,2,0
291224.4615886453,1.3720631581784088,0.016960894502121925,0,1,0
77546.4079211633,2.968528914757173,0.13781043351473277,0,1,0
1093.0089595748407,623.7583840178072,2054.4481019968707,0,66,1
23961.924008731115,0.21794788658605957,0.03274413154068603,0,1,0
100174.58025175019,42.38953347139896,1.5233637127655455,0,1,0
22229.740774007816,4.813208314734406,0.7794760230989354,0,1,0
9285.698426216271,3.4595115704181048,1.3412283149690898,0,1,0
24074.726217949046,2.1521095404398345,0.321814432091325,0,1,0
108364.90700023377,2.5337890901188453,0.08417522772762741,0,3,0
125682.6934706222,2.0912777662802395,0.05990164397907848,0,1,0
39.621037046024625,1347.551919477549,122439.67527866412,0,73,1
165393.0837805209,3.5491353745993806,0.07725164230877328,1,4,0
8954.002988447823,1.3174168857145152,0.5296738000524615,0,1,0
4367.706580659171,79.83273099539326,65.80062700549858,0,1,0
22277.12979510223,0.7938814314363113,0.12829180327346587,0,1,0
60152.61892298146,1.8074421498262383,0.10817137900023371,0,2,0
664.3785458371959,849.9076365715388,4605.307487468601,0,47,1
125163.06600696816,2.284495354572453,0.06570774861014486,0,1,0
7926.922545453427,0.5266694712248216,0.23918615143992228,0,1,0
71806.35891735394,3.219236014057734,0.16139586835124972,0,1,0
39609.168942686534,4.654038361723809,0.42299645636213945,0,1,0
1410.8398162472724,1128.450872871822,2879.436131271301,1,13,1
101731.06123871429,2.05362325315556,0.07267243279819983,0,1,0
101873.87050763197,1.183990172980594,0.04183962581858337,0,1,0
278908.75894699857,0.641980859011258,0.00828633385758859,0,2,0
101772.09675052733,0.8571610223735904,0.030320488415494264,1,1,0
92059.07168505438,3.6226141928946194,0.1416635086114808,0,1,0
607.3833671601934,3.505335915549387,20.776349795317262,0,4,0
20658.102478228855,2.003496406216265,0.34914083081830716,0,2,0
53939.34123187435,3.6090986860527208,0.24087715891702424,0,1,0
18792.45413387508,1.1951797157490307,0.22895609833846048,0,2,0
241255.8873557701,8.789888984022344,0.13116198194913656,1,1,0
34623.37470270717,4.229809763479779,0.43979869897940926,0,1,0
505574.085007163,1.3745416874112037,0.00978758647134816,0,1,0
134685.0011517313,71.72020619933815,1.9170118432619432,0,1,0
1482.9437735634012,981.26647199308,2382.126255998646,0,18,1
88471.21125994337,4.598017097107183,0.18709884621055717,0,1,0
177511.0870331496,60.249725284888186,1.221889937416091,0,1,0
7874.855274072131,2.182241994115564,0.9976146742254494,0,1,0
211216.81910268537,2.856600077165514,0.048688169443534164,0,1,0
1447.2082690518614,4.381461742619687,10.899096288169172,0,1,0
225504.05161173668,3.2600730766956563,0.052044577435403964,0,1,0
93685.19093733434,9.953478443532283,0.382477977983569,0,3,0
152368.07608442035,3.0351432719227334,0.07171131945557904,0,1,0
305614.2676223298,1.7208176337590197,0.020270465543801186,0,1,0
24508.364797459817,2.599176835775674,0.3817895108923073,0,3,0
9636.086608966863,4.745207383083186,1.77278881690448,0,1,0
149424.6591648446,2.091844550660036,0.050397574432934536,0,1,0
53477.200770113755,27.96078791095803,1.8822757180608274,0,1,0
280456.25072433765,103.85301269056788,1.3330808092900186,0,1,0
1770.9462707017105,1132.2208348569145,2301.5915688226055,1,58,1
63347.0666304209,3.1414661424077632,0.17852883668076494,0,3,0
47278.89790697795,18.51563145005537,1.4098525171070337,0,1,0
225647.02419446682,4.924521245674562,0.07856640940741971,0,1,0
1322.1281307197955,531.6326780541551,1447.5734964908443,0,48,1
1191.7054604087564,798.5514027866532,2412.32850359341,0,19,1
69036.571999448,79.72442438971503,4.157331679291216,0,1,0
2381.739274226564,3.0164575530600866,4.559376968137161,1,1,0
1197.733817982412,396.5004723193067,1191.7520227941538,0,36,1
230255.23633899284,1.1878292169174243,0.018571500257249837,0,1,0
71912.74642997584,0.1304164334236091,0.006528733550486238,0,1,0
105622.9679917633,4.151217639852037,0.1414880095457337,0,1,0
477.282254511801,1306.1798540141183,9852.131375092977,0,67,1
70957.49754653197,65.71248719337306,3.3338965165874157,0,1,0
11740.147126336138,1.1822978803117783,0.36253995144358114,0,1,0
37330.59114385615,5.961969791095473,0.5749464605377964,0,2,0
271463.0682838115,3.810855527418389,0.05053755557040658,0,1,0
173931.98779363657,3.358863631811149,0.06952090427935952,0,2,0
75153.53126408739,3.2672913910269803,0.1565095985492008,1,2,0
18484.111005545914,0.36789819079875774,0.07165253911741544,0,1,0
1098.3684947063434,1019.5913211640163,3341.8008381347468,1,7,1
773.8051096049165,418.7761684715438,1948.2867039574003,0,16,1
31450.466257275362,4.892300507922347,0.5600006589551353,0,3,0
23699.03326182289,2.962432023159625,0.4500080305197367,0,1,0
106627.24205462268,4.031754879027169,0.13612203865370967,0,1,0
32297.561208052073,1.840667949905691,0.20516733684549734,1,1,0
3541.518548156708,0.23806189213744056,0.24199303209659873,1,1,0
134876.22365780006,1.745520577247905,0.046589931921845094,0,1,0
212529.4313222417,2.8683329877450485,0.048586206115734026,0,1,0
121571.7639100474,4.693749441399165,0.13899196199488953,0,3,0
35803.18714206092,1.6333905190475613,0.16423693916520812,0,1,0
127450.23373288104,4.260475090235227,0.12034273987282475,0,2,0
31803.08280439067,2.165372525722826,0.2451127502496696,0,1,0
149387.12578213224,0.945086413732486,0.022775129192852378,0,2,0
111851.45299081743,4.960192368892972,0.15964649587056026,0,1,0
136514.12058677507,65.28804890703451,1.7217045024724986,0,2,0
33416.49676015001,4.855145656225498,0.5230507700392867,0,2,0
235414.6413912057,3.870673293537136,0.059190982236223114,0,1,0
186304.66915231757,2.1373998549291766,0.04130137753796235,0,1,0
232974.50459437893,3.266699622094054,0.05047813562266648,0,1,0
7532.107788827995,2.943218348580308,1.4067225738066336,0,1,0
4463.115528646493,4.452082370775189,3.5911005287490867,0,1,0
25662.37115110212,4.828633117058941,0.6773761909629944,0,2,0
66363.97673320457,4.6451044285840055,0.25197971499100263,0,1,0
20967.94720059715,1.5001320273244785,0.2575586082272432,0,1,0
813.1787308939993,920.146904023252,4073.555700161945,0,52,1
64351.380776853446,4.055108446461134,0.22685434610769037,0,3,0
38786.42017117178,4.685765031628829,0.434913921919548,0,1,0
51873.280983880504,0.12685744021157797,0.00880389241049925,0,3,0
1624.0126215212128,1038.0361640206877,2301.047504774989,0,45,1
7228.125567948814,2.034046456784247,1.0130658599642002,0,1,0
17965.694633479052,3.7892314646623553,0.7592933950554885,0,1,0
1207.1007215247269,585.4542599890445,1746.0310464385607,1,66,1
604800.0,2.376464882827541,0.014145624302544887,1,2,0
36676.13296258161,3.47270987018637,0.34086896635001573,0,1,0
159716.62887986968,1.109288082797959,0.025003264381921703,0,3,0
60907.22743573531,0.5671371337292075,0.033521369587531914,0,2,0
261366.7098746905,19.332024873871074,0.26627449830662286,0,1,0
35557.503549955705,3.323297067695493,0.33646539405938347,0,1,0
15335.723714282196,2.661551316899553,0.6247885603152227,0,1,0
16279.062843505997,0.6272904477049096,0.1387208608656811,1,1,0
208943.2143487246,3.491077267472364,0.06014973112227909,0,1,0
1257.836226515716,1161.621872921213,3324.628957539503,0,8,1
53379.59201697292,3.1702418821818252,0.21380588244709067,0,1,0
268801.25856278656,0.4260704345088545,0.005706273744524149,0,2,0
188962.28496761268,0.7655676545286672,0.014585151511983335,0,3,0
268581.4166451267,4.916207182361994,0.0658956456391314,0,1,0
1694.7418903410346,0.3226120554882239,0.685298101366867,0,1,0
291729.4488759865,1.4368995762778418,0.017731629407078446,0,1,0
71948.61608470956,24.13006907487217,1.2073651085555899,0,2,0
852.409120982268,1140.725125349401,4817.651935171245,0,14,1
39245.32850866644,0.670413859774916,0.06149750777743479,0,1,0
2559.7562069145847,0.7767502092494085,1.0924090136960372,0,3,0
1596.8932564418537,769.9653642157217,1735.792483307746,0,68,1
55.28690945278367,1261.258956093273,82126.71474815399,0,18,1
2220.5454643833864,4.8088123917273435,7.796158596115777,0,1,0
41848.26253979265,4.09368995227326,0.35215999264414755,0,1,0
171244.51041363695,0.48037987819178063,0.010098820437006507,0,1,0
14384.969131102458,2.7847604583208763,0.6969175643400795,0,1,0
12099.051408186353,9.435318933500062,2.807422418059789,0,1,0
1010.7285420227543,201.88469431713003,719.0703233601829,1,71,1
44875.264232938905,2.3782549222581832,0.1907892436173127,0,1,0
355736.8107297046,0.5909840525749271,0.005980664708005953,0,1,0
80961.63487658235,2.471179632038064,0.10988225088214239,0,1,0
159122.27461096423,0.11751211409162021,0.0026586071105640366,0,2,0
27273.955044208422,3.353188731632228,0.44260098743689097,1,1,0
133077.2275806575,1.9054992479631476,0.051547491763830444,0,1,0
10866.8103532349,2.5346505803859722,0.8396890893263073,0,1,0
1433.8485996572347,357.42080791252477,897.3854762578712,0,23,1
72428.30369852563,1.9601476740179562,0.09742781849256932,0,1,0
484597.6743332625,3.9503706348163736,0.029346682905371922,0,1,0
3607.2311787976423,4.045172751201708,4.0370636597735725,0,1,0
97760.15557605219,31.161232937089743,1.1475067517282405,0,1,0
12489.91276522008,2.176988151057998,0.6274789497035127,0,2,0
26381.660025076613,6.096308504505086,0.831892708622477,0,1,0
44134.88856226021,4.927023917403157,0.4018880908157212,0,1,0
19718.554412999107,1.4622273049869794,0.2669576170595404,0,3,0
134273.99329531883,15.109907957138805,0.4051094877774525,0,2,0
480530.91320321936,4.989423541142303,0.037379332431243785,0,2,0
31325.5941636009,1.2091749747723273,0.13896080905748395,0,1,0
772.5747345067718,469.38935266096126,2187.2339258651346,1,57,1
33193.18106867664,3.167676468080851,0.3435535528064321,0,2,0
17621.09735891032,41.309078009225864,8.439467633836934,0,1,0
47010.93866770125,3.893373324470779,0.29814643921850814,0,2,0
115905.03367470561,0.05527199348504763,0.001716743183946768,0,1,0
177314.6727171398,4.884146609379259,0.09916228321281904,0,1,0
29062.52148064301,3.471159394115686,0.42997555553256117,0,2,0
1028.7940714604224,815.5796056624931,2853.9108669406114,1,8,1
8788.40758612801,2.338290620940205,0.9578352110878218,0,4,0
115875.35429766969,2.219583490232699,0.06895772283302878,0,1,0
27304.65461475075,3.814076916833864,0.5028694592307426,0,1,0
1578.5021496800684,0.3675413840133762,0.8382307130315475,1,1,0
216343.79682662894,4.323388762928252,0.07194197279903691,0,2,0
1187.2352854437497,1006.6289092750828,3052.3554326772023,1,7,1
539.1874686365254,1212.2468272435035,8093.824192747536,1,73,1
36861.96929687469,1.805298491390976,0.17630839298535608,0,1,0
125257.56527364251,4.516573337830929,0.12980983608191532,0,1,0
47467.571432900804,4.086471307943274,0.30992309622141456,0,3,0
55977.60418636042,4.143474711220009,0.2664728006352693,0,1,0
102903.56318242692,0.33614317785405246,0.011759703967969527,0,1,0
144593.7864515857,0.41801140512207013,0.010407370160012497,0,1,0
130841.52325553089,2.551978112600495,0.07021563932284337,0,1,0
7537.842271896439,2.7132964106828386,1.2958439200666279,0,2,0
1859.5018634465775,2.3695988045559595,4.587548882898193,0,2,0
64687.607284979604,12.462399564176865,0.6935584776445153,0,1,0
44576.02687357074,3.822582805180659,0.3087152234917887,0,1,0
32863.924919773344,0.8195860147179246,0.08977958841456839,0,2,0
37156.05431145147,83.40833452977864,8.081321062518205,0,3,0
74504.10159626175,4.252610548024872,0.20548396188778,0,1,0
49281.10927270668,4.1057106344933985,0.2999234088336997,0,1,0
736.6367371796651,237.82108441494208,1162.249804661827,1,16,1
27557.22423555503,0.030437654877950027,0.003976291538798851,0,1,0
57339.05365218243,81.3351980983083,5.106584334824736,0,1,0
43559.021727641826,7.365008798990899,0.6086920831727926,0,1,0
171956.37917170682,4.996675614155577,0.10460811222942855,0,3,0
1460.9617703280421,1369.4122796695922,3374.4101364839844,0,8,1
76372.95220008669,3.9483680689637786,0.1861146471204955,0,1,0
97793.98984069894,4.268149642639785,0.1571194583484376,0,2,0
5342.8235431095045,1.7427332580168882,1.1742554621613883,0,1,0
212849.2540323639,3.4825359173844457,0.05890144816141908,0,1,0
15970.794585059268,1.0912441625578566,0.24597893137285662,0,1,0
5410.841913907418,2.2656270345180247,1.507391539808429,0,1,0
54853.57024802286,3.8626321158129717,0.25350174207535575,0,2,0
247809.80464951362,2.750698374126584,0.039960138626722964,0,1,0
36932.66747039784,2.2471838765402277,0.2190435327215122,0,1,0
23576.599977557955,2.275258524040693,0.3474178080954532,0,1,0
16585.99016437046,0.3812578217312673,0.08275225926402555,0,1,0
878.5322150777062,1250.3799352841443,5123.7367165013675,1,35,1
67527.16642426029,0.958321935079039,0.05108994126318151,0,2,0
346.4414344952489,926.5617169591904,9628.2426087773,0,9,1
42258.1614160117,40.14522241930908,3.419997365402478,0,1,0
97653.01115803068,2.837686837677093,0.10461195711728373,0,1,0
139651.97988895225,30.214443630082332,0.7788790187922088,0,1,0
172018.3112477577,2.248889707828516,0.04706477403165526,0,1,0
278.32397981687484,796.8128338578643,10306.428514624136,0,42,1
159319.30383905594,3.82275732135245,0.08637952856466843,0,2,0
554.7788173803369,210.62844461976138,1366.7832600596626,1,17,1
15216.211565855341,24.81559145497963,5.871115083493837,0,1,0
11632.0438678471,0.1848117511028019,0.05719736888279352,0,2,0
126450.71453702726,35.8149395317977,1.0196366448899532,0,1,0
1753.791168827174,1.9639282316435247,4.03134749426567,0,1,0
102591.98748322566,3.47820107859468,0.12205167469816476,0,3,0
50957.57222528465,4.1126800945673585,0.29054854252055734,0,2,0
937.8718454051465,1146.1526325626985,4399.481120411799,0,11,1
81763.57443902513,22.285983743159957,0.9812381861461636,0,1,0
14419.636122999109,2.73983898396964,0.6840269933413018,0,1,0
46110.77125406642,3.771879777624548,0.2944814591070386,0,1,0
115693.10378121956,2.485769079414358,0.07734919708623413,0,1,0
11147.498364579735,2.096000036353672,0.6768873054827034,0,1,0
154308.73411751402,3.3693269695984407,0.07860590108475059,0,2,0
18326.31075338846,2.2152951739781277,0.43517010781052606,0,1,0
130633.03974515194,4.993239424671104,0.13760425359376274,0,2,0
17711.61329365663,61.65641980141964,12.532066255342547,0,3,0
2472.7243126834837,1.2425116375113676,1.8089529318319468,0,1,0
1408.9339294858894,697.6292507166663,1782.5287971426847,1,39,1
4782.821038125696,4.2571751892873735,3.2043496002184666,0,1,0
44247.284590153205,1.3087643451851183,0.10648227764274906,0,3,0
90769.62063329945,3.5562029590146977,0.14104202004074798,0,1,0
25796.816595282253,44.54977535334353,6.217014827378623,0,3,0
94693.72070746122,4.459192286723913,0.16952647031157592,0,1,0
1590.8863100009921,3.5196795366391544,7.964646029226976,0,2,0
37246.44089655569,3.3318826209620194,0.32203821752462986,0,1,0
42012.048671082295,3.466985131362673,0.2970849284361759,0,2,0
13172.20853798387,86.56624539751886,23.658787555056964,0,1,0
65799.43810654686,0.7833606717375902,0.04285900456610028,0,1,0
1296.5776048827167,116.61049200085422,323.7737329583511,0,59,1
2811.5092983183285,51.8730550650507,66.42090721374483,0,1,0
74379.937412784,1.352345528082544,0.06545372408797427,0,1,0
102300.07119989395,1.3283923275141862,0.04674691154130915,0,3,0
26964.131728039574,1.4524530915993474,0.1939180234874862,0,1,0
1524.4602027133394,538.9296380296446,1272.6778261928475,0,51,1
1294.155028812086,347.0476270101795,965.3955124552991,0,59,1
159678.00878867952,3.6282773182193315,0.08180085939621022,0,1,0
1718.7973367615818,1157.7363925101579,2424.8647143527082,0,71,1
95611.39997156967,4.31653083488974,0.16252780536864622,0,1,0
485.618431039797,293.1991416063834,2173.5519953864346,1,42,1
13875.390675466595,7.826764497162526,2.030670908575163,0,1,0
80.97654060411338,787.7799641788692,35022.58616985014,0,38,1
63976.3558268422,1.7085593967084418,0.09614198477947267,1,1,0
80425.97193156688,3.958200360915315,0.1771756182371015,1,1,0
46826.85641630297,2.1158641976337744,0.16266543805041028,0,1,0
1360.6367817580433,323.22772593873185,855.2023794887801,0,57,1
76029.3543868139,0.8893531676711403,0.042110990280503885,0,1,0
109510.47897102083,2.620362232533522,0.08614065179659167,0,1,0
11986.082707756188,0.9758730752000311,0.29310185457395177,0,3,0
3880.730048973567,2.9434586018170226,2.7305302952839985,0,3,0
720.5162235768709,1005.1635466678099,5022.216918364856,0,19,1
35903.108535308944,2.0273573644348937,0.20328285793938744,0,2,0
169247.28233629712,38.718755251974926,0.8235731586528193,0,2,0
33407.488242560335,0.4732719019681958,0.05099990860476999,0,1,0
8814.34291273885,3.6033817954625915,1.471712025739027,0,1,0
53256.90425597304,287.4014589307197,19.427438875862748,0,3,0
141532.84422889957,4.189128599618004,0.10655380410666161,0,1,0
63094.57065663893,0.4340228685731762,0.02476413280259047,0,1,0
91862.38257079986,4.2992573595783155,0.16848383485539692,0,3,0
32769.43247303927,3.6874474222995968,0.4050973641731595,0,1,0
68967.8326910214,3.9244569733192507,0.20484977637681467,0,1,0
181587.34920278296,1.4407847473087243,0.028563802010894247,0,1,0
137258.7226360433,1.0058648355695037,0.026381663318053722,0,1,0
53181.743114843346,57.22665964683949,3.8738101209608877,0,2,0
11700.918190628101,4.9070516018395285,1.5097435499353775,0,3,0
69125.75136722854,3.502379506607703,0.1824004220482912,0,2,0
39584.387284261604,1.9897863864788463,0.18096101727894834,0,1,0
1490.378865499454,1297.310676802073,3133.645105013182,1,59,1
44409.51895875166,1.1024037707906067,0.08936493049006766,0,3,0
46390.245068608216,1.3485850204126941,0.10465359832235424,0,1,0
111515.62418950327,250.33610533901748,8.081468276490103,0,1,0
124095.96801895591,2.3520673802240495,0.06823301920263161,0,1,0
92077.6276466897,3.0957577578716364,0.12103621925514017,0,1,0
1283.222585619172,1319.831695028851,3702.704546624897,0,29,1
52523.73487690992,0.31724651830018935,0.02174421656337233,0,2,0
13382.362060799895,4.8023987578048875,1.291897159077776,0,1,0
32336.531175876535,0.5945150883899669,0.06618688648337574,0,3,0
17052.851204089577,0.5646329564443753,0.11919875561409217,0,1,0
208791.03739064708,2.5323055938353995,0.043662315450595145,0,1,0
95856.97190625983,4.872499416313915,0.1829913625467299,0,1,0
4539.805455243475,3.2826653495150095,2.6031060966730886,0,1,0
25777.48477331264,1.7511830716353838,0.24456455365320062,0,3,0
11425.240774545357,4.754205171145557,1.4980111976506743,0,1,0
43023.90143996275,3.7780385675089914,0.31612518595068967,0,1,0
87340.76277761007,2.545568462444396,0.10492290396104764,0,1,0
71119.0997966847,34.01245425468378,1.721687080782897,0,1,0
24709.74207471353,0.055996526278520586,0.008158219296387019,0,1,0
92385.83802227768,15.359752472661423,0.5985236491360008,0,1,0
1461.9589139295736,1302.6834449653963,3207.7922007193565,0,6,1
875.092785088786,863.1705640672657,3550.953777235041,1,16,1
21007.39549634365,4.360530318732906,0.7472563245724911,0,1,0
40009.974505066995,15.460545836657941,1.3911022363915748,0,2,0
91758.64285068667,3.8923841455811843,0.15271131403822197,0,2,0
51850.02625175012,1.1678954156093313,0.0810881652360143,0,1,0
62690.25934973234,0.09296029311516685,0.0053382624140640034,0,2,0
30808.73178197184,4.9909893964392875,0.5831970609609904,0,1,0
216541.9993811317,2.166904240574704,0.03602467552882796,0,1,0
13319.927699763153,3.9035899785326116,1.0550300451681343,0,1,0
1941.9396921118798,3.8720585579345213,7.178086356227171,0,1,0
794.3846178113733,1018.9771842845821,4617.810794890715,1,16,1
2855.446453908643,2.8264620475894873,3.563457951520635,0,1,0
27135.253555012485,31.15603752252843,4.133432357789175,0,2,0
2207.103275566731,22.873388017884224,37.30871943146349,0,1,0
38266.60983161751,1.9706662141415587,0.18539396100482136,0,1,0
59180.16661048527,1.1343525816574707,0.06900401820165489,0,1,0
189301.49246034893,2.523123414658488,0.04798295129486701,0,1,0
68844.71201427038,0.9918626992385066,0.05186608546664375,0,2,0
17251.159930845643,2.1293428044157188,0.4443547058067777,0,2,0
54478.30112060173,4.089370317952363,0.27023113499883494,0,3,0
412.709549551537,1212.6068879172908,10577.377725438651,0,19,1
183076.02695161826,4.67448224258787,0.09191884024096462,0,1,0
36140.77036660437,2.6605556691850185,0.26501926527599845,0,1,0
1324.7012679453278,603.1507822969518,1639.1188480078065,1,70,1
2075.0215216570678,4.754840932261997,8.249277020738358,0,1,0
15905.198068889495,3.904073155426478,0.8836522059430487,0,2,0
199.5350167534834,310.251877314617,5597.547620989801,1,15,1
116683.15919984327,3.501422160346487,0.10802861238663038,0,2,0
19929.872661188674,2.795032694929451,0.5048761661854938,0,1,0
35736.825760431275,2.0036762755684183,0.20184318104807683,0,1,0
61586.631905071474,4.599205119943381,0.2688430576511644,0,1,0
27036.60732788845,4.1055526387075805,0.5466658342188381,0,3,0
180313.0730228755,3.7729859927889615,0.0753287010549539,0,1,0
17507.62693270701,0.9098283861160681,0.18708316110499898,0,1,0
30927.191750829643,3.661189570461438,0.42617133038946564,0,1,0
57504.04897288095,3.5804595891575675,0.2241521206106032,0,2,0
61767.300166851215,2.459379797304119,0.1433406874896306,0,1,0
11922.081599684487,6.881403530808673,2.077913366367735,0,1,0
45432.515239702254,1.7402614349546708,0.13789553875199168,0,1,0
28947.54906770709,0.8106597263758508,0.10081596228154265,0,1,0
106772.44702048629,0.8831171301229573,0.029775674878301264,0,2,0
17581.384857153156,4.651657165982275,0.9524827499992375,0,1,0
26630.112202371693,4.9854600880512425,0.6739609724733359,0,1,0
77109.37799485079,2.675368748896073,0.12490474889667795,0,1,0
76769.1816542552,3.429646103541098,0.1608291987317751,0,1,0
14504.39096202355,3.577848177365361,0.8880244246200558,0,1,0
1773.734499359924,1376.4862941323777,2793.738668704231,0,5,1
86519.82345061,4.847632616620034,0.20170495874618063,0,1,0
9329.328373486342,86.1739386921535,33.252788075656724,0,2,0
151892.97908476452,0.030110201842031836,0.0007136388217840099,0,1,0
82905.348313027,31.873147489376922,1.384028091028805,0,1,0
2918.2262997924463,3.894942529498043,4.804902590039103,0,1,0
78160.93447195824,39.21273634100653,1.8060921582030152,0,1,0
336860.6694823596,4.249922677496042,0.04541854548498115,0,1,0
112646.76048716299,1.641760369053591,0.05246788547697702,0,1,0
84845.57213955311,0.2607861542666462,0.01106516382275964,0,1,0
14.550720937821463,890.7962384571455,220392.2728055464,1,13,1
120816.07431302567,3.634410281592987,0.10829582974063019,0,1,0
54983.54692585929,0.7885382235597566,0.051628855603712207,0,3,0
32526.846455718412,2.4314278617567324,0.2691051010506241,0,2,0
598.1081971689005,188.57569294457718,1135.0329218256313,0,27,1
28356.787618619775,2.9521864038945744,0.3747910798979904,0,2,0
24577.07292909538,45.0301065046204,6.595919045539499,0,2,0
16878.79677789462,1.6808266928978999,0.3584957016815987,0,4,0
58046.29462818281,1.697529536359219,0.10527986962885492,1,2,0
22584.907239445485,3.525565733194975,0.5619698369774455,0,2,0
134948.96358364163,0.7454894723469746,0.019887237583604764,0,2,0
58351.902145491615,4.510532328591564,0.2782756994355189,0,1,0
155641.84433083065,101.136223839527,2.3392835479923413,1,1,0
22583.21477006053,1.9132057753278575,0.30498495724848596,0,1,0
47880.08912603336,4.680731677160565,0.3519340574622282,0,2,0
48319.60270367894,1.111930880984442,0.08284321367649027,0,3,0
12530.077826188735,0.15783748204940662,0.04534807710373953,0,1,0
52004.23962973813,89.7632604964221,6.213872947434282,0,1,0
18920.943805423023,4.048768587178319,0.7703403732780166,0,4,0
5827.743587571148,3.27512348202545,2.0231577381745396,0,1,0
1436.8149483700608,313.3538775028326,785.1212574659646,0,14,1
25875.151919035277,3.353736002358867,0.4666040085975296,0,3,0
46790.506419348974,2.4084388433076898,0.18530211573692815,0,1,0
68938.79499228769,3.606341467427086,0.18832399498990263,0,1,0
1935.899311942588,3.947510880576963,7.340794576664696,0,1,0
62750.50738902572,151.95691992290705,8.71777670786032,0,1,0
104362.82906109432,0.4413909648420472,0.015225799144455543,0,1,0
43804.53135343088,3.5204984219872504,0.28932610229059,0,1,0
6071.396985151757,18.128184383351556,10.749002896642965,0,1,0
74600.97189905516,0.6590518674872958,0.031803697224812084,0,2,0
1382.6756301344442,919.3976616561988,2393.7874580464577,0,63,1
72070.24846260753,0.06093775505871257,0.00304391788416249,0,4,0
43998.531187783134,0.5511645436061635,0.04509678626574539,0,1,0
93983.86568882632,2.22192513319028,0.0851096134518331,0,1,0
101654.89245342405,0.6355964592852426,0.022508973234861767,0,1,0
56713.84464143225,3.181513359095278,0.20195153696872975,0,2,0
32091.368713110413,0.004994961334713333,0.0005603332461672723,0,1,0
60530.21950811114,0.10002582213084255,0.0059489782557748715,0,1,0
241749.60256793106,1.7443104838513657,0.025975297064243928,0,1,0
45017.6302912756,3.3267481613178322,0.2660356243377208,0,1,0
60869.02497860231,126.62207578966304,7.488857805805683,0,1,0
1233.8480039297767,798.1909281801707,2328.8827572736877,1,34,1
55847.48557003861,1.7221402310859413,0.11101135115804465,0,3,0
24473.658522688853,2.4378268163946237,0.358596837121205,0,2,0
1965.490930859466,3.4461486818147598,6.311977867589653,0,1,0
1178.5172309841241,382.4056683697232,1168.1292135045148,1,20,1
497676.85527112504,64.18241113420129,0.4642704952739852,0,1,0
401.47657467800843,373.4892749290574,3349.0407026187504,1,69,1
23758.705471967234,4.059711256509026,0.6151412811896088,0,1,0
42422.54054266337,4.880475895557443,0.41415985462580535,1,2,0
48216.47746259484,1.7345666018544863,0.12950841901547938,0,4,0
1556.4691055655223,321.0296833765144,742.5183423319804,0,24,1
21812.0201852464,2.7940041717699815,0.4611409183077605,0,2,0
412264.1402020219,4.670384246357422,0.0407830360376424,0,1,0
19664.2151411299,4.400383544419222,0.8055943573753517,0,1,0
151056.07248214722,2.286304022959103,0.054487676975882755,0,1,0
140421.64363673163,0.054606859386218,0.0013999600681141864,0,1,0
58.47141273567989,4.129267171694824,254.23298536158612,0,1,0
63130.85482786845,3.8211024192115426,0.21789612617583512,0,1,0
18140.150738451073,3.773031828181768,0.7487762796073746,0,1,0
68120.40577984767,3.152108740844616,0.16658138390593116,0,1,0
18575.512950645392,3.159664814257223,0.6123541977843897,0,1,0
123662.2649739067,16.00961586168505,0.4660647054639291,0,3,0
89800.48076772508,2.4173453216167555,0.0969086477424299,0,1,0
3489.2050925115996,2.2005795378838684,2.2704559136933535,0,2,0
112811.27531928312,2.063791601386967,0.06585910622821504,0,1,0
95417.54959585528,22.614083019391742,0.8532046695249295,0,1,0
102009.96348222785,16.568994948580883,0.5847309397898481,0,2,0
13334.181352439113,4.151250963906925,1.1207664779008915,0,3,0
43214.250931449365,2.8474591926000485,0.2372100145764663,0,1,0
75938.17603908022,0.7149877559771939,0.03389541408254602,0,1,0
41580.66366423015,2.070335832884181,0.17924699467446667,1,1,0
107554.6590127711,4.47002707365658,0.14961785582206072,0,1,0
50335.31863372283,0.31075963566283726,0.022225640340671305,0,3,0
186275.78020530846,0.8355004388281695,0.016147035199456886,0,1,0
243743.5839244134,3.243475212665177,0.0479048948800868,0,3,0
36651.42794373796,3.76077446128833,0.36939319475958216,0,1,0
1317.5275996545922,75.52560855219107,206.36546123145206,0,1,0
4563.512027820532,30.73150922895464,24.243046265635382,0,1,0
79505.81078201786,44.10900225076892,1.9972427994996664,0,1,0
36173.86777457328,26.144307156977952,2.6018645932928828,0,1,0
11082.507247934893,4.690915760222546,1.5237794443985526,0,1,0
54077.42097768013,2.1899887394777706,0.1457902266710166,0,1,0
53122.99391184073,4.777070823730483,0.3237290238944261,0,1,0
115565.1141165531,79.7865084709229,2.48545101773218,0,1,0
136024.40949398975,3.6703201751155397,0.0971380995482268,0,2,0
31698.00429857607,4.189077954050565,0.4757612022678501,0,1,0
75380.95755281784,7.556737710720254,0.3608902916831677,0,1,0
47323.16779698774,14.300391491668288,1.0878690452603803,0,2,0
16075.739748661428,4.568163730892524,1.0229942564591739,0,2,0
62257.960907029854,2.4741953390993743,0.14306769915029457,0,2,0
83226.07808467015,2.1258187232765815,0.09195371907360524,0,1,0
68402.86403923978,2.910046404409565,0.1531539242255223,0,1,0
1218.0156967740804,1448.654377027366,4281.681895488604,0,22,1
517.9657741798251,1252.0856828198202,8702.328769287478,1,28,1
12012.691556690761,3.8804714310916215,1.1629114995589038,0,1,0
67096.32531523857,1.55702822522439,0.08354111174453181,0,1,0
325951.4842992414,10.584980774936643,0.11690675645087284,0,1,0
1633.8856920868518,946.9717381882535,2086.4974055336156,0,19,1
287257.8070074496,1.5562262628929846,0.019503088896969313,0,1,0
198801.48255756265,2.900881848982669,0.0525306678903353,0,1,0
68275.59142441447,1.0297432235859856,0.05429576701673134,0,1,0
97472.15479576061,0.9148669170743473,0.033789351516530716,0,1,0
1743.845518794684,807.0986717740968,1666.1769560844004,0,11,1
59909.40215636245,43.373042764197386,2.6063180123811005,0,1,0
22352.53486644255,0.5051412324562926,0.08135580361280396,0,1,0
14748.131350372008,312.54425083788334,76.29165189039348,0,2,0
188710.96034834938,1.9005299935790199,0.03625601800899487,0,1,0
39688.41494143468,3.9531366969153856,0.35857547170617604,0,4,0
1312.4054772133018,1209.7996655872705,3318.5466471550862,0,7,1
74708.92944162867,0.8792894065809626,0.042370328250583185,0,4,0
18452.804757976213,3.717512678895376,0.7252580742902263,0,1,0
46733.53321533971,3.750075896143476,0.28887764945803873,0,1,0
27.406573390744253,608.0153299323622,79866.06558030068,0,59,1
126267.23936135064,2.1128133250967407,0.06023833267298342,0,1,0
57686.1264017556,0.197977858995389,0.01235514216051972,0,3,0
1733.0940316266222,915.1813521085148,1901.0237225838266,1,55,1
172737.47577644172,0.534628012236224,0.011142115139747201,0,2,0
100938.30331907995,3.612770483080781,0.12885072674519926,0,2,0
162884.31886805824,3.508374584923832,0.07754060423678132,0,1,0
101852.17830868869,159.94567823447778,5.6533345796395205,0,1,0
231621.49625112832,1.4542998697146543,0.02260359947462023,0,1,0
159330.26501017567,3.3635680575021807,0.07599839871122109,0,1,0
58017.90745737351,0.8447204572579248,0.052414741920204296,0,1,0
59264.27460066272,1.851600877252611,0.11247523407693678,0,2,0
51787.075200632564,3.0629640413793826,0.2129232150347639,0,1,0
1023.7003265414345,977.9727808180713,3439.192036638034,1,71,1
95162.64180368732,3.1094098194519675,0.11762888395972786,0,1,0
113968.53404409041,35.850993382286504,1.132449208535939,0,2,0
1592.979812175001,489.1984788453957,1105.547295943982,1,29,1
23040.433544176423,4.489751716910223,0.7015105054289268,0,1,0
2513.7276331180533,3.5736110090471316,5.1178972069506985,0,1,0
5186.216917074304,3.1626688440221984,2.1953589717768436,0,1,0
15240.605601071838,3.636767585379798,0.8590448207941629,0,1,0
39719.9982804782,4.732819214893719,0.4289564428805978,0,1,0
87919.61753188088,3.8577322865618875,0.15796060789944716,0,1,0
12897.829796756347,3.666919796825029,1.023498640979894,0,1,0
1033.2976852123024,425.2870353705576,1481.6962713116304,0,16,1
760.9066205937655,880.6092843961485,4166.337022212144,1,42,1
78697.34270603399,4.508345728161467,0.2062337057809815,0,2,0
120725.50997508886,0.46485018684732343,0.013861698931697823,0,1,0
174.29215459899808,1.6887788074679266,34.881683119198094,0,2,0
67592.25220336768,3.7038993358033623,0.19727168683140514,0,1,0
109753.63821914024,3.079177577322161,0.1009992876612142,0,1,0
112191.65898350651,113.79549724062565,3.6514638768865852,0,1,0
4997.272406063312,3.4622017625906496,2.4941458724970755,0,1,0
82050.11757240076,2.429908922820514,0.10661376706053995,0,2,0
37.838523627491796,952.8444514778438,90654.70046056388,1,20,1
31503.277736272827,2.577734970375711,0.29456763105852185,0,2,0
244064.37752409637,76.09935089123202,1.12248115020959,1,1,0
2229.1461398728634,1.0996715691529064,1.775934550964994,0,2,0
47697.66202634973,2.0358686929943763,0.15365799880780126,0,1,0
37685.121546520015,2.1224818726358374,0.20275733307790292,0,1,0
60849.21509889971,3.8445660504563084,0.22745466410943033,0,3,0
11587.14400659391,4.926723593436553,1.5306795985515005,0,2,0
8265.0321810836,4.99210616961887,2.1744116437634657,1,2,0
373.8720573744868,471.3621856678407,4538.728784174776,1,43,1
38978.320921007464,59.66739148456275,5.5108225359358025,0,3,0
507330.1389406246,0.28841642291771885,0.0020465945994690947,1,1,0
403628.4529055484,4.560340299441592,0.04067410253119956,0,1,0
38173.43365610937,0.30573090523843105,0.028832388219868818,0,1,0
102091.40298972101,3.1873181443881156,0.11239286544972353,0,1,0
164096.36066887676,4.100208955993446,0.08995173434322236,0,1,0
67451.87470751004,1.5900485240714906,0.08486309256012481,0,1,0
50567.647948287675,4.150326860978897,0.2954690855861721,0,3,0
2718.8518643122766,18.554369288070728,24.56762367741221,0,1,0
50015.872239622826,14.341097464878635,1.0322313410074484,0,1,0
195403.73332678413,76.80314688663702,1.4149746480508745,1,2,0
71365.59519984332,49.43467050296749,2.4937060121523893,0,1,0
79853.07172031398,1.636883400576996,0.07379528570568576,0,2,0
22802.671678127354,328.9739352425831,51.93716699474748,0,2,0
162512.02607962993,2.30990412833205,0.051169473808176866,1,2,0
28389.231048571273,6.195724042777619,0.7856713877117125,0,1,0
95981.08794464658,1.1716589598300398,0.04394586835503153,0,2,0
1410.2322826594855,867.3654122617854,2214.185225042384,0,41,1
70243.2771687188,121.3411356723253,6.21878855924026,0,1,0
65874.55733543604,0.07039831641445338,0.00384722037374059,0,1,0
13035.51867048296,56.11058966858885,15.495978941314803,0,1,0
118560.30748936308,0.3182568516731371,0.00966364452222836,0,1,0
173681.70286839007,4.653696981812063,0.0964598392222035,0,2,0
123578.63747273898,2.308614590833455,0.06725282538281602,0,1,0
224458.50480787572,0.858469965642456,0.013768655720834168,0,1,0
106007.24643062895,1.329458420891993,0.04514833161281255,0,1,0
365929.5335088217,1.541505519341042,0.015165269161019955,0,1,0
88890.51956696819,4.860210470883118,0.19683491310901324,0,1,0
31107.185825220993,1.6517884434953052,0.19115963848333276,0,1,0
25819.27116142501,1.167559292966323,0.16279365240017024,0,2,0
56657.84041021695,1.509156489372418,0.09589075973253992,0,1,0
87651.50155145548,0.57781398236668,0.023731827746258465,0,1,0
45535.14111685487,3.168942097725011,0.2505359876349936,0,1,0
1560.2760846803988,94.08897863714826,217.08999222603347,0,1,0
4701.169701316045,4.576633684660466,3.504634444522482,0,1,0
97285.97032575069,4.517914926508208,0.1671823149933109,0,1,0
1057.1941763847374,182.8121072443514,622.519117850455,1,31,1
288367.6300013013,1.0521024187075911,0.013134514117726167,0,1,0
211018.78538077322,0.5391183692597351,0.009197409253554934,0,3,0
63129.348680175826,3.2964573639410704,0.1879830341717823,0,1,0
29056.91315970546,4.5525800496600315,0.5640409250871109,0,1,0
175483.92121273285,4.218049145687209,0.08653201284501587,0,1,0
42762.538235220934,2.869873552341551,0.2416027021501757,0,1,0
6433.477494536853,3.2925322359619806,1.8424119862902293,0,2,0
39461.97441599551,2.678983230934721,0.24439577020899797,0,2,0
113843.31211687293,2.5644130125478686,0.08109292213577517,0,1,0
903.2070939561665,1092.1482812481293,4353.081191237938,1,58,1
17550.846404317635,0.9700090720760651,0.19896662411761346,0,2,0
47260.43211086124,3.5019678981764883,0.26675770555508815,0,1,0
109207.52270075216,3.8620386106162083,0.12731118383040282,0,1,0
282677.7225075705,4.898603217269054,0.06238543110413062,0,1,0
39437.94621116168,1.0774099139278732,0.09834882550356046,0,1,0
84698.52018024118,4.9679868285585504,0.21115779289592607,1,2,0
10257.077048120587,0.23348908942556534,0.08194934268199261,0,2,0
947.5905309004735,953.8815196874456,3623.900154016502,0,29,1
98855.81272815837,2.1696762481568688,0.07901239469694701,0,2,0
518.4510751327025,1131.7388183444943,7858.5230920725435,1,59,1
3617.1052151021713,0.29831111665302446,0.29690040960573866,0,1,0
16180.885680228293,3.6178910582057466,0.8049255193401087,0,1,0
253365.84942543745,2.7120506433915432,0.03853472099081294,0,1,0
43526.751949680045,4.420820875967415,0.3656361763882931,0,1,0
48024.85879909901,2.8574801138727275,0.21420007611005845,0,1,0
29011.717018280055,1.439171701507559,0.1785836433659784,0,2,0
130970.47649735356,4.5881659546085505,0.1261154259977403,0,1,0
739.6512054206393,1061.895364170707,5168.413548167622,0,60,1
79173.95774170132,1.2731343332644773,0.05788877720000702,0,1,0
84379.1586009082,79.70568790333347,3.400608411007693,0,1,0
26814.4540344441,2.285126402404697,0.30679181601421907,0,1,0
38492.5383760116,4.230595927775559,0.39566487383132354,0,2,0
57031.38254784719,1.8818531364913382,0.11878848081028236,0,3,0
102006.77905083912,4.896879098332273,0.17281954119157308,0,1,0
110721.75288062714,2.964526707026317,0.09638843197145644,0,1,0
122036.59878601258,4.798494002755022,0.14155244067567402,0,3,0
78394.02745508414,4.3042080154873785,0.19765726240602333,0,1,0
22435.567411282424,2.3462247293526985,0.37647405438126674,0,3,0
344193.5150542507,88.81790056203468,0.9289670724125285,0,1,0
14237.255494496545,1.6445988910536218,0.41584953013462794,0,2,0
84182.31454190573,42.94883725960374,1.8366781072241265,0,3,0
171720.24402649578,2.224014955183165,0.04662498521388094,0,2,0
50384.79307268948,144.54065029197264,10.327448210423425,0,1,0
108859.7163970547,1.1072372095507788,0.036616427879015215,0,4,0
411.4114290786468,899.8165264767204,7873.722668742268,1,31,1
142004.9174616692,24.488246567024945,0.6208072876425976,0,1,0
10807.301832672012,1.3824519784243938,0.4605059800663807,1,2,0
25613.28827122748,3.1869542518664966,0.44793293173557674,0,2,0
169567.95894384867,1.878503872110418,0.03988143739960272,0,1,0
43829.09065934599,32.82945350218805,2.696520298047191,0,1,0
16600.029121873038,3.3648208655590786,0.7297189075440543,0,1,0
20708.631031133325,9.068775701430255,1.5765210397571223,0,1,0
54484.696888144106,3.7543888825724494,0.24806598456459178,0,1,0
82113.9238090947,4.984554446488864,0.218530490018703,0,1,0
15711.94567963449,4.406063662327568,1.0095394617446414,0,1,0
20756.752736326333,2.4999176580241755,0.4335795527947239,0,1,0
357351.5010944244,3.105667034241657,0.03128684583394467,0,1,0
2571.297929806752,0.880438791346011,1.2326769341286918,0,1,0
96331.35563341326,2.6685074858827584,0.09972481842501757,0,3,0
1678.225011711414,1160.5012104806756,2489.4184799867844,0,53,1
1760.9256074034176,452.00474843016696,924.0691869703813,0,67,1
29977.062056121453,3.3859536183632772,0.406625339177248,0,1,0
90923.48829144682,2.860734388932001,0.11326714354759307,0,1,0
108141.66072125753,1.5022268977501123,0.050008634931545344,0,1,0
83934.86656728944,4.027583143415312,0.17274465200550754,0,1,0
56410.736731650104,159.16721237308627,10.15767560826092,0,2,0
48756.30593425053,1.149625817727803,0.08488446498389766,0,1,0
76812.15414672664,0.08845961560574156,0.004145888365171446,0,1,0
670.6304361094341,1070.4036635851048,5746.0159596418425,0,50,1
6585.207205280172,1.9257036815578976,1.0527433742783014,0,1,0
43120.239711869595,1.2889883108206295,0.10761438131979882,0,1,0
32770.173748629604,4.297643105565282,0.4721218538147668,0,1,0
110688.59185158355,1.8736551126787993,0.060938153542398496,0,1,0
78590.93455482686,4.446134457924936,0.20366323595965835,0,2,0
46324.461432462245,1.8348818669822502,0.14259366470491097,0,1,0
52798.482096227686,5.654855161971673,0.3855693909153595,0,1,0
49774.9066281802,0.7085760412378622,0.051248187515677224,0,3,0
48132.487115391785,3.896965271221109,0.2914679007291477,0,1,0
1452.7399208745685,1412.478392662726,3500.228871334811,1,30,1
18219.780512364832,4.475163758025848,0.8842362024042836,0,4,0
86703.21406994178,3.9132578141143832,0.16248219033088537,0,4,0
85538.73189993754,4.036571503845262,0.16988394720232639,0,2,0
84229.57590066886,23.47243649380446,1.0032197179450009,0,3,0
27073.953627316318,0.2100288370940595,0.02792735128185127,0,1,0
255206.60787108782,3.2641419911100096,0.04604469792542267,0,1,0
49939.768462013235,31.541416988182704,2.2737210174258022,1,1,0
75247.66862990058,0.3935350068425819,0.01882750722286619,0,1,0
3626.4881285750994,3.6820845588822455,3.65519035000519,0,1,0
25849.194793172126,0.5605507709420982,0.07806752943517561,0,1,0
38391.61114784703,100.40731862059107,9.415242971755267,0,2,0
96056.07537461075,2.3582154855086177,0.08838145546465834,0,3,0
48990.19784343547,17.874986202676695,1.3135270556630094,0,1,0
151363.74932556986,3.442560942047815,0.08187706400371618,0,1,0
24819.49414266638,2.7210000105681393,0.39467363765508845,0,1,0
18991.997564328183,0.05523180028324193,0.01046938218827138,0,2,0
240673.47212656992,4.4099379538306485,0.06596396559003097,0,3,0
179026.52934690772,3.896025573694417,0.07834421030484086,0,1,0
94137.2053597728,1.6089845429380438,0.061530872224640876,0,1,0
78616.012395438,2.3409194801438353,0.10719584817058,0,1,0
631.9946674395458,1350.1380971394121,7690.724938223977,1,60,1
259199.00517294742,2.1961473858459417,0.03050216409499766,0,3,0
133504.1313895038,0.9313359115644693,0.025113899073655858,1,1,0
862.5555212047803,0.8948090856750052,3.734614907954711,0,1,0
310365.1648647997,33.686982404021926,0.39074338999129477,0,1,0
11006.974808379364,4.0407852451210635,1.3216008154540022,0,1,0
29489.82859131264,3.3832915224749227,0.41301865974554236,0,2,0
124004.04992300838,3.3115776222106335,0.09613943615035325,0,2,0
706.6253681325595,586.0241193718502,2985.5803724030666,1,78,1
1140.8761628251768,328.8065631880197,1037.5391002522479,0,30,1
82538.7393913439,2.340304313977322,0.10207443913544827,0,1,0
75733.67076149586,2.6158900491975032,0.12434633211914588,0,1,0
11160.323129356619,32.56144570348461,10.503388044760158,0,1,0
6750.7477004501425,1.8026645892582387,0.9613146290294526,0,1,0
25585.670636346982,2.1682296236601495,0.30507805545217453,0,3,0
1439.3505142328247,1198.995654727748,2998.8417097419315,0,38,1
200638.15752889562,1.8194019681344165,0.03264507193423863,0,1,0
35029.84728867175,2.3591973192243043,0.2424535362434786,0,2,0
22538.837887909584,30.617007532718922,4.8902799543588555,0,2,0
57204.12738813616,0.21533713153048584,0.01355170874733987,0,1,0
4866.365606353155,1.050588431161793,0.7771956852655728,0,2,0
66661.69273822891,3.3120787304057924,0.17886559641206073,0,2,0
74698.61642469476,35.70880622309428,1.720938198804995,0,2,0
118908.18044968239,1.347450250666817,0.04079467774257324,0,1,0
102176.01507198242,1.1919284607673408,0.041995594129791446,0,2,0
81437.43548769824,1.8211394057310555,0.08050476812500008,0,2,0
418645.77414929355,3.8582036859765085,0.033177292420399004,0,2,0
40463.72575754288,0.9981532433658563,0.0888042712044934,0,3,0
1547.2291461928457,1113.0929841495322,2589.878010505671,1,23,1
29795.719382433188,74.65296064879054,9.019774112052305,0,1,0
604.7617532946159,1.63783146961063,9.749613394823726,0,2,0
221848.80307236168,20.918500115158714,0.3394501091358523,0,1,0
5472.1748533259115,4.897102568387998,3.2216750595024917,0,3,0
800.6373051008696,4.70376226322503,21.150081366089616,0,1,0
32787.842193055636,1.1847818129407839,0.13008524627735893,0,2,0
125240.23656215178,2.042614478819313,0.058714454121142755,0,1,0
89681.46389298046,64.95857477176396,2.6075719443809637,0,1,0
78340.32326589838,1.899525943091131,0.08728957336463772,0,2,0
58231.92500961221,2.503333201113594,0.1547604603921534,0,1,0
551.1095238333206,889.4306160698799,5810.007048290416,1,74,1
100604.94033940852,1.4044163653379989,0.05025497652659828,0,1,0
60213.576832419436,3.827941188218408,0.2288618116133353,0,1,0
1528.333683482072,574.3967227831266,1352.9952420521342,0,30,1
52437.32776781782,6.671081054034371,0.4579922894023392,0,3,0
48517.070218566216,0.7483673229180055,0.055529370392069746,0,1,0
730.328892102955,366.13068778891073,1804.762881891121,0,63,1
11090.735119779483,2.356474142666584,0.7649003264418757,0,3,0
185259.56708533733,4.160327482184674,0.08084429415170656,0,1,0
49502.754135872085,2.899809902675555,0.21088353227739234,0,1,0
176923.58693209133,1.0474311135979986,0.021312884699766596,0,1,0
21187.384358732015,1.458973233618626,0.24789769006396523,0,2,0
26518.210826531402,226.44067840215146,30.740627547622985,0,2,0
480.64504496716575,642.0978303150046,4809.270819159126,1,74,1
3494.7214167615525,1.932077809152906,1.9902817087480136,0,1,0
43797.44127543171,2.57593479436308,0.2117330371285641,0,1,0
6558.8702712761105,4.84450858557019,2.6590297088860497,0,1,0
82954.54639194762,0.659183089017571,0.02860673975903517,0,1,0
149043.93891290674,2.697132572881182,0.06514640805384289,0,1,0
181298.03229870988,2.827787416131935,0.056150828384624485,1,1,0
17111.419201283145,1.8040019662958462,0.3795364371751261,0,1,0
31994.633490232784,68.85122696528322,7.747062242506601,0,2,0
519.3698791201846,873.8124397399135,6056.810203149563,0,38,1
801.781293250149,1141.7093473698274,5126.277808091795,0,73,1
4691.1312598979675,1.7200685413559458,1.3199900846552066,0,1,0
54970.642182575306,3.8075365483826182,0.2493536737055318,0,1,0
21541.20893152612,2.4843869584339777,0.41519457328473547,0,1,0
751.9117802676434,865.7962850238438,4145.255743933667,0,67,1
149213.31735724237,0.8720527160820751,0.021039608484671856,0,1,0
61378.18146848823,3.765315231437001,0.22084614612005823,0,1,0
27809.496094909744,1.5725618518630657,0.2035715658919569,0,2,0
45575.542021064575,2.3298337409306837,0.18403295046878182,0,1,0
24473.40976703507,104.72696446053166,15.405171394046791,0,1,0
25.046979516852467,541.2072944310804,77787.67330571638,0,13,1
1650.2986602154701,481.0590413706384,1049.3934162851378,0,18,1
56754.562327310254,1.5739281185847898,0.09983587212298349,1,1,0
94290.08359113909,65.44334044874377,2.4986299369196625,0,1,0
82213.23148613652,3.8613831285097158,0.1690844528472169,1,1,0
87157.49882963946,4.77740447390415,0.19732847244356938,0,1,0
920.271575834231,1214.0584260729022,4749.261466540968,1,27,1
80688.99552541903,47.03176911225173,2.098357622394345,0,1,0
19657.475432775354,1.712499965040687,0.31362114098677335,0,2,0
5679.6962789527115,91.03642032615494,57.7022250976048,0,1,0
232.27821540441397,842.3891610250539,13055.899256028835,0,76,1
17026.135510717748,0.488141198042622,0.10321240024474342,0,1,0
91382.72679346496,3.766383635656518,0.14837575507030182,0,1,0
38321.11014286694,39.401706494100665,3.7015144616097584,0,2,0
65040.7854485695,4.5562807591714405,0.25218961640596155,0,1,0
162138.55812683247,3.9576290553284688,0.08787215554265287,0,1,0
167532.40941855952,0.3133606735098293,0.006733613087465171,0,1,0
247486.33477950175,0.29253575724718206,0.004255300507917505,0,1,0
174352.88409258783,0.15010112858668156,0.0030992550867417847,0,1,0
64029.46690946232,1.3178647545930051,0.07409577723399256,0,1,0
24697.163061620304,4.785532764280162,0.697566676319232,1,2,0
1650.0719469778724,958.9132391520617,2092.083116296816,0,52,1
324500.8107204529,2.1941836904206546,0.024342192760557217,0,1,0
1708.5026755981057,682.3520591425998,1437.7896201148233,1,33,1
82116.05651060412,0.9075398081074776,0.039786899761376324,0,1,0
117575.05264648434,2.0522094516955813,0.06283606819482043,0,1,0
70.24070039518227,1.1980241145977284,61.40153484072658,0,1,0
148437.71905862162,2.1294173223251462,0.05164389758200931,0,2,0
70015.8938726002,1.5166769119749357,0.0779828204870849,0,1,0
96381.74028926596,4.792770039747641,0.17901702222130433,0,1,0
12682.484735858074,0.5483456334191522,0.15565122461591419,0,1,0
116935.14437099046,2.0451356045732414,0.0629621506525473,0,2,0
87343.03929681238,3.1769977873955613,0.13094566123074478,0,1,0
10456.385052410436,4.372897581936712,1.505532860167881,0,1,0
56837.08741569933,99.01303627118972,6.271379248716157,0,1,0
33173.09930321118,23.96372937657954,2.6005838335200533,1,3,0
90397.89992278935,1.054763596263767,0.04200483584013325,0,2,0
85650.11047943043,53.20774521044351,2.236399716070401,0,1,0
150859.01119365476,3.0475079819529056,0.07272372162738867,0,1,0
112885.61997464127,1.3744254580369974,0.04383137241080572,0,1,0
57924.48702030479,2.3853337478363623,0.14824820959054424,0,1,0
12384.080535374653,3.5280748137536326,1.0255964738950913,0,1,0
400808.5966694364,0.08018200015322885,0.0007201821591408876,0,3,0
123409.25250012225,18.359731327637704,0.5355759915929339,0,1,0
94542.05841097972,2.827281830370541,0.10765805991962506,0,1,0
254927.7907093567,3.418653467552695,0.048277013851428595,0,1,0
323907.5436636878,1.8399245346885396,0.02044944137440695,0,3,0
153068.37573471235,75.51069209457613,1.7759285040798103,0,3,0
20998.543257888083,1.2077140635798895,0.20705105947072622,0,1,0
1608.1487310482353,877.8108697913616,1965.0664582429822,0,7,1
18340.892566881248,66.0769861357376,12.969769558445478,0,1,0
8282.65856434423,95.69996081188172,41.59532307728915,0,2,0
33471.026413297535,107.19609301264732,11.52955186017886,0,2,0
117293.27497034142,3.20045198293085,0.09822922193505469,0,1,0
16606.03305047565,1.0834332185269635,0.234876058288066,0,2,0
22991.602692586366,1.1720072686186789,0.1835116161078989,0,1,0
131007.8633968512,3.4660488899090423,0.09524448136273062,0,1,0
39863.48792707033,4.135933571226609,0.3735087326943307,0,4,0
41331.55792725677,1.6761159010678583,0.1459905589444297,0,1,0
93560.15512310268,4.100296828731268,0.15777088616420681,1,1,0
1331.0520348704154,1.3980644921271916,3.7812437378887904,0,1,0
16149.03475909824,2.409454430287423,0.5371241116530409,0,1,0
6015.535603450065,1.2393778616197537,0.7417062412983109,0,1,0
473.0186414739887,1376.7180128179034,10477.779122404827,1,79,1
73625.47915344352,4.257355069434387,0.2081681291067966,0,1,0
15537.06548075361,0.018021199441435876,0.004175583740026974,0,1,0
143992.928970773,3.0074647648747064,0.07519031129470621,0,1,0
36.700371119059,1.1063837768611662,108.5270114511671,0,1,0
188328.34620708768,8.81395610021288,0.16848362235324624,0,1,0
8285.559393624892,2.9804926383504786,1.2949968720660512,0,2,0
151441.6348389196,1.8616890919269053,0.04425520589542965,0,3,0
61832.01780384158,3.136685552126599,0.1826249310426707,0,1,0
1126.033568222603,1252.9639048578783,4005.8042537828305,1,6,1
53135.53111002548,3.1460007872483042,0.2131455656412364,0,2,0
59415.7616592764,2.3587815469543716,0.1429185342726305,0,1,0
49.10449803876416,1124.718810780096,82456.55450162603,1,62,1
946.9351100976141,352.27495078219397,1339.2573675773494,0,47,1
308453.5443623137,3.3857246866458155,0.03951521742803523,1,1,0
3560.6005146798702,1.1657365180904327,1.1786358643221377,0,3,0
181383.663695579,1.049659158367422,0.020833039167544514,0,1,0
277203.22833652253,94.06606362378984,1.221622962610449,0,1,0
6993.685375027166,2.3213618466217003,1.1949211609773995,0,2,0
88804.61485637446,32.66433195895158,1.324160858559085,0,1,0
40376.90899785197,1.0700355658693712,0.09540423308120657,0,1,0
41695.19753108905,2.9955221252501394,0.25863601300508904,0,1,0
84549.77801526837,1.2115530319372385,0.051586071748011254,0,1,0
17278.181958148918,3.3066905691810633,0.6889663552499803,0,4,0
327089.83101184835,46.15693132724475,0.5080101459102286,0,2,0
67.52892313414819,190.60848845550663,10161.431970071344,1,42,1
91387.20128273783,4.640479056669409,0.18280157800570945,0,2,0
615.2945421567605,946.5691715624531,5538.24028030571,0,57,1
4356.3236723652935,3.0231238610112685,2.4982638385387554,0,1,0
146368.66425589344,3.239821524527046,0.07968479829744533,0,1,0
5372.615527505463,6.477604288220137,4.340413960054911,0,1,0
65.638905754322,1152.9949558383978,63236.60934498323,0,20,1
74604.71268091943,1.8062139702050524,0.0871576346731405,0,1,0
73165.07029082303,0.2073993144722619,0.010204835847657108,0,1,0
40654.74783048233,0.9785670746413261,0.0866526459196827,0,1,0
156193.1242787414,4.752960065379692,0.1095480759116599,0,1,0
1054.557632846372,3.296995399526857,11.255130178386173,0,2,0
81739.0327840344,0.6306789314788258,0.027776743570267028,0,1,0
34183.744794172635,3.105613014559051,0.327062085202511,0,1,0
9880.898422109485,4.832174050421598,1.7605510995430207,0,4,0
157526.44312087618,3.0484772757249208,0.06966778386653814,0,1,0
6449.429888301959,3.6995435579444145,2.065044048739387,0,1,0
666.7872011487499,766.4197426836104,4137.918467702385,0,47,1
76689.53412937485,3.305771348595465,0.15518123809263368,0,1,0
413203.58496913366,19.81374127265479,0.17262548336042527,0,1,0
11181.606451776737,1.4446091590792343,0.4651024872959,0,1,0
63071.80489728018,4.991534651909941,0.2849058271939619,0,1,0
167117.1421043929,0.3804999449038715,0.008196644487842342,0,2,0
12459.825970984943,0.49830576365624324,0.14397478370403505,0,2,0
3381.685950538018,1.5012442345806924,1.598161190464967,0,1,0
60152.33022042361,39.60724824397387,2.370416792762809,0,2,0
294826.20922522637,1.074355869245673,0.013118511883486545,1,1,0
2332.1022737310677,47.264201132963166,72.96040400768838,0,3,0
60940.80442117734,4.029724443570766,0.2380508123357406,0,1,0
66333.94287186913,34.74443013600354,1.8856100372507267,0,1,0
64976.0765520631,0.5521381823166654,0.03059122005846755,0,1,0
7419.8358770333325,18.471019805485682,8.961878995945577,0,1,0
109472.81129879616,1.602127558447292,0.05268576865782633,0,3,0
1622.840474433588,176.64856147706269,391.8652703922626,0,22,1
142705.2353882454,3.5087738612924917,0.08851522417020889,0,1,0
54969.834521750425,1.800450479067754,0.11791233830400692,0,1,0
32410.456758941575,4.686310223889202,0.5205331393963382,0,2,0
33699.70329875657,2.3782751546245855,0.2540613037671585,0,1,0
73534.45673737842,2.511472043468918,0.12295323522655888,0,1,0
40556.778002197316,4.799583448210455,0.42603237398743826,0,2,0
36737.30238096426,0.2656031209950055,0.026027257681213625,0,1,0
707.641335840721,959.1713722562878,4879.614523959714,1,73,1
69662.23064369214,1.1499480664572266,0.05942693768191692,0,1,0
218266.1819405076,63.838844195094744,1.0529337942282906,0,3,0
128029.41686594981,1.2826630880548922,0.03606661054960789,0,1,0
174313.4318831198,24.466342662349383,0.5052899976377964,0,1,0
35022.31573127894,2.2044011656743203,0.22659393106150133,0,2,0
251702.21452731645,4.477600601904131,0.06404139986263603,0,1,0
19143.007659708546,1.3251745907027375,0.24920997845970083,0,1,0
33680.98701963221,1.3464225990435468,0.14391268740822363,0,1,0
1028.5252443035301,203.48237051219598,712.2202764599575,1,72,1
156693.79420020524,1.1995895942726242,0.027560265302298683,0,1,0
150004.97093855115,4.319062786181094,0.10365407181486914,0,1,0
20205.662283726913,4.597653144564163,0.8191541107643451,0,1,0
19079.958437257865,133.65716613383702,25.218388167042857,0,2,0
469.8250250865981,385.76989858856547,2955.9337216293607,1,60,1
13700.198680783376,2.170000082977386,0.5702107305696313,0,1,0
16848.366958666826,0.8489631977547368,0.18139844172523226,0,2,0
186378.0376193631,6.943015476651883,0.13410837475922657,0,1,0
235928.7698944796,4.10596379181807,0.06265225583618371,0,1,0
6102.476137635122,0.27819329664351355,0.16411303302609162,0,1,0
127404.82493632023,3.446694111000414,0.09739112161414086,0,2,0
21108.6842258898,4.07396000817948,0.6947972631784394,0,1,0
169146.9980729857,4.044636536088957,0.08608306204546066,0,1,0
99621.89282620169,3.9791632947522078,0.14379357242387503,0,1,0
121934.57529806826,0.5590018561696858,0.01650398730049745,0,3,0
62508.679006618026,4.0133842731878495,0.23113883724764966,0,1,0
178514.25608928388,0.4988150201906677,0.01005933146195488,0,2,0
253.36756136994512,1287.138657776913,18288.446804092517,0,25,1
26962.189535133646,3.037143804605754,0.40552039300566833,0,1,0
60270.049192870734,3.8132674495574213,0.22777089121789793,0,1,0
431.667886726875,264.3360728908652,2204.4953809807434,1,45,1
12594.838545826644,2.9791744845036123,0.8515415346683257,0,2,0
76706.12097362535,0.07153744897117342,0.0033574219765952593,1,1,0
19788.538884266294,123.84216313960539,22.52979817812909,0,1,0
146837.4238760287,0.02179789978290214,0.0005344171611502806,0,3,0
197562.38670232543,4.983632005288666,0.0908122012418876,0,2,0
337872.70548276766,3.140913022551776,0.03346611518983173,0,1,0
150746.94496310508,4.749830440453687,0.11343108538496953,0,1,0
722.9849089116544,239.24847741601852,1191.303591653409,0,51,1
297027.5738135836,2.689798158220495,0.03260058736388921,0,1,0
91119.0822068855,0.9730962716228259,0.038445806224082606,0,1,0
30590.717366160596,0.25391819618375666,0.029881793725854432,0,1,0
43442.4981963028,4.687335939068722,0.38843091629761545,0,1,0
368824.06838161143,3.6348993567290773,0.03547934857300406,1,1,0
13907.81253239956,0.6811682577286282,0.17631857792952108,0,2,0
256538.27228152196,4.0748366900992306,0.05718215825613419,1,1,0
274182.0014742267,3.60441537254062,0.0473258465959735,0,3,0
69708.62509399142,0.8035779244575281,0.041499606743735,0,2,0
49180.72929431494,35.26152804879404,2.5811227852274325,0,2,0
231.87466400250386,783.7879001376839,12168.800125852444,0,51,1
31252.283696394654,20.616340637044992,2.374828892965798,0,1,0
116950.63260906549,1.0148470708209167,0.03123924491428618,0,4,0
139311.2621311696,3.233363765799526,0.08355469169404593,0,1,0
48440.25150056435,3.118609846395917,0.231769966076549,0,1,0
363.51734720635085,105.32930216142609,1043.1014934918333,1,61,1
35422.568858295264,18.110329623076368,1.8405550118030762,0,1,0
20547.508579405472,4.2169582316453535,0.7388267816147337,0,1,0
10558.35131298339,112.43741303301024,38.336921638617355,0,1,0
2050.705820663841,4.209693153212429,7.390087451284894,0,1,0
16992.338037417812,2.242578536091159,0.4751131193453472,0,2,0
22499.95713922648,26.3687297125026,4.219004790880808,0,4,0
1764.4556789016574,541.3771668296097,1104.5660278640644,0,61,1
151078.86041181517,1.6183139051790012,0.038562179002170884,0,1,0
262472.7658924734,1.0404360742505514,0.01427031812068618,0,1,0
79873.38985784004,22.150412131743533,0.998348559090855,0,1,0
1465.7510571001449,760.8441991032079,1868.6932569508003,1,33,1
39747.204545350585,3.617796459972093,0.327672534581379,0,1,0
340847.4815735215,2.5669703579252374,0.027112106699070715,0,1,0
5720.496617323143,3.3324837045215077,2.097185286317203,1,3,0
24852.771427191845,0.21418660594499206,0.03102558536221552,0,1,0
43918.55286837965,47.97806969676858,3.9327582451543406,0,1,0
43096.85122022172,0.8006412009232011,0.0668797891659217,0,4,0
1651.6962318849826,364.00526891702316,793.377706387197,0,74,1
7072.776382138739,4.095822500481149,2.084748648206718,0,1,0
31237.60175909835,4.571156881720812,0.5268062798515527,0,1,0
131907.72255526,3.1420374821927677,0.08575187803091146,0,1,0
462.87931929468516,1378.5824703200738,10721.794399271297,0,18,1
83105.47457178817,117.90131359813381,5.1073016686360155,0,2,0
1205.5968337551717,994.8537070509898,2970.705666361161,1,79,1
290400.5290217174,1.641786761636027,0.020352691373532898,0,1,0
98350.13803627652,47.33761778727319,1.732742093064736,0,1,0
134135.2351471429,4.517540526785293,0.12124439845046533,0,1,0
31616.380081760864,3.577254818245619,0.40732421967287363,0,1,0
71926.52736524864,4.117265268796603,0.20607355186772314,0,1,0
446273.8596821648,3.462938198358159,0.027934814562000202,0,1,0
1210.220788743851,503.10139669504446,1496.5575248315304,1,73,1
78365.12761025975,2.8084668742573737,0.12901760075744276,0,1,0
124190.2797144613,4.096730743608855,0.11875511280674349,0,3,0
9056.799796491896,2.05264556973358,0.8159089542757897,0,1,0
37875.12416595847,4.113124638392801,0.39094917902665494,0,1,0
62321.5600011244,2.6275257157539706,0.15177881581500263,0,2,0
21235.806331003336,4.610601948988186,0.7816122805812595,0,1,0
35886.16752912419,1.771328606638129,0.17769473373611291,0,2,0
65718.42743837705,2.1068847060692746,0.11541336634936221,0,1,0
5615.689379508891,1.4105580305179881,0.9042538799232597,0,1,0
77768.59707286951,1.2034245461167044,0.05570794033947565,0,1,0
207660.9465572323,2.2814794156389944,0.03955161542151957,0,2,0
182560.27175616974,1.2264504682182147,0.02418500828856461,0,1,0
52173.31378536892,15.082110414087612,1.0406775715661296,0,2,0
75582.01816351328,13.438901871816759,0.6400999591447201,0,3,0
196572.64665680678,1.598260311276503,0.029270283625171784,0,1,0
6923.009666735238,34.23088402731052,17.800232619988726,0,1,0
5312.868538642875,2.4484502108044075,1.6590699910574924,0,1,0
132767.53956390152,1.0281473776614063,0.027878279372644383,0,1,0
13423.396305928558,0.960714243482772,0.2576524746580321,0,1,0
12250.976792154192,1.472153889747272,0.43259848524766314,0,2,0
832.3290299814399,983.3052867416435,4253.004406621324,1,75,1
164268.74670433273,123.30037757391787,2.7021656168415666,0,1,0
170882.84235209698,0.8854834714704191,0.01865453812340798,0,1,0
91926.56200854761,14.562703017744733,0.5703001365264408,0,2,0
63096.82727247067,4.738286334845477,0.2703437168367117,0,2,0
110104.80670765211,0.6154392670163528,0.020122476279728945,0,2,0
38910.64505855382,1.0229168607521926,0.09463992933466829,0,2,0
48996.979051719696,1.9220446545759247,0.1412201505151872,0,2,0
90654.32522275586,155.5807201609356,6.17831075575394,0,1,0
31983.39112126006,47.17648008741806,5.310110102796815,0,1,0
24683.855042619598,0.7607394345975826,0.11094952388201411,0,2,0
27239.56876542852,0.9298161202906591,0.122885133089724,0,3,0
13088.66949298057,2.2368991131903373,0.6152525137718494,0,3,0
22659.106423689573,1.2165096399148356,0.19327481948338485,0,3,0
156435.57440312783,4.985374384565718,0.11472676757133919,1,1,0
19843.63834179868,1.0987563219203367,0.19933455200003775,0,3,0
1558.3342804944036,690.9478067937771,1596.1993107591977,0,26,1
82873.03146731076,0.3262759456250297,0.014173409412607583,0,1,0
222905.37897703933,4.656363443220003,0.07520190168815395,0,2,0
124104.88672904157,2.2965223949564444,0.06661688221748759,0,1,0
302176.30860906164,0.7927076779580522,0.009443982070550087,0,1,0
139021.19211839527,2.2566836257704863,0.058437572926687456,0,1,0
126073.0759473675,0.6162780997544087,0.017597739584319212,0,1,0
291740.4471417427,4.847632803199433,0.0598185073838566,0,2,0
30475.539647333586,2.8168152378049194,0.33274340580823614,0,2,0
93396.19617660793,3.487127290777776,0.13441294999917985,0,1,0
72958.63957903636,2.1027429956002583,0.10375570087159391,0,3,0
190465.37747580995,44.187594506314234,0.8351929486131126,0,1,0
23190.080957831415,4.212635256438052,0.653964380320782,0,1,0
22.825314395606757,1.8242053061913677,287.71297465908805,0,1,0
1119.7326645114786,170.667652380049,548.7055687852339,1,17,1
47446.892363475345,45.34562722358188,3.4405679671143297,0,1,0
7388.407775828754,1.2769868708222258,0.6222115609265154,0,1,0
213411.08323207978,1.152103326783123,0.019434660625890977,0,2,0
32107.237516368747,2.8323330298981713,0.3175732232470994,0,1,0
47580.21593608885,4.63976127482816,0.35105222329838787,0,2,0
26282.227693282795,4.762456502171623,0.6523360046910984,0,3,0
55597.71803019225,1.5034559336187103,0.09735006314626331,0,1,0
25675.208329916302,3.892909243603216,0.5458367892050231,0,1,0
69798.98853116353,4.310420429201157,0.22231716922654227,0,2,0
46872.267633616655,2.877204632653327,0.2209821969467356,0,1,0
79401.85135690276,1.585368846815291,0.07187902739044742,0,1,0
518.1590541591543,1259.3825465477835,8749.778916686566,0,46,1
49390.94011376301,3.6556555448221175,0.26645291486752704,0,1,0
67332.97733363214,1.1080459411957544,0.059242373444138026,0,1,0
84401.95566716451,4.838935959667246,0.20639532955252574,0,1,0
15206.420303041225,1.0054174420302298,0.238024644799864,1,1,0
274140.5039777218,45.727161609123364,0.600486901440226,0,1,0
781.8412901748168,791.9634555457326,3646.607662953116,0,26,1
147377.25377634002,4.920297861927056,0.12018864410256139,0,1,0
29035.685511438034,1.7894426536284462,0.2218646964792586,0,1,0
454709.1237238751,2.8149075225763287,0.022286042994440803,1,1,0
19977.8983763919,111.85679333837601,20.15649736681063,0,1,0
712.0875259914702,364.00282853533605,1840.2375198226778,0,7,1
53326.84515842267,2.2143525305294527,0.14948698139227817,0,1,0
374.07162224956403,772.2279072739941,7431.786590675066,1,7,1
191012.9476283942,130.91215407745824,2.4672869589746753,0,1,0
1735.4028544193498,1064.8898062876938,2209.056699931721,1,72,1
13319.088803905543,1.0158001918210446,0.2745593744733842,0,2,0
65408.49668115107,2.3309511507776692,0.12829257005715264,0,1,0
755.0726314295084,1474.7187199132065,7031.094984381216,0,31,1
44096.958668957865,2.5763981205604267,0.21033271939787343,0,1,0
5380.4027059629025,4.929871588427598,3.298551927845551,0,4,0
1244.4144940220117,306.9750167727675,888.0562430691324,1,27,1
23.53851220668723,1468.4792583275896,224590.4619442105,0,67,1
34110.80213975026,16.325491273715432,1.7229664768535944,0,1,0
66122.77183466485,0.9511994190439949,0.05178727106481013,0,2,0
5084.8902158918245,4.095359423057544,2.899432101194612,1,1,0
126881.16937552317,2.506714402123897,0.0711230192160169,0,1,0
727.9471328360324,721.0854140355614,3566.0659592332513,0,76,1
140280.37375055187,1.7945649549901532,0.04605372558710577,0,1,0
84201.43990513345,0.9306607718404974,0.03979004138647195,0,2,0
140101.28690239336,3.1092804274228794,0.07989512292289407,0,1,0
135051.9643793995,4.1642154643341875,0.11100301828626934,0,1,0
635.3113283592818,497.91786720229567,2821.4581448712433,0,28,1
112647.79683958011,4.54818961153328,0.1453511125906618,0,1,0
150661.16367216912,3.4479864516386654,0.08238852616928341,0,1,0
46687.14397045811,3.2669913379499462,0.25191450614460026,0,2,0
279740.1130931499,75.22968356361068,0.9681373823525142,0,1,0
1669.801930369619,983.3367970148341,2120.0193896468927,0,68,1
216392.36629418647,1.9423167058672024,0.032313247740060336,0,1,0
114029.57665111605,4.850383094550005,0.153130263684173,0,4,0
1555.8068328504692,1105.320427578596,2557.614130021878,0,40,1
18494.25208342742,2.829043170930871,0.5506876065822338,0,1,0
160520.88161354177,1.7849090293887886,0.04003013465419168,0,1,0
63869.954896686635,0.9261166541546895,0.05220013009794438,0,2,0
62341.76242544854,2.505236888972091,0.1446679152050719,1,1,0
249994.5582696556,3.4399201076183488,0.04953592779434989,0,2,0
57147.882960486546,38.39622617060285,2.4187495153537606,0,1,0
67872.55471722863,81.87306177566464,4.3425950830988205,0,1,0
338024.3919032521,1.8022969355337581,0.01919467684384911,0,1,0
66257.05410062853,2.639481920216963,0.14341318130971545,0,3,0
1454.0256857381205,944.4686128435357,2338.3954214747664,1,59,1
23888.23499318258,0.7498851207577234,0.11300903710543012,0,1,0
1255.5088523219354,1282.9592269912662,3678.710196767495,0,38,1
4485.878647887787,4.942623336629608,3.966546001025858,0,2,0
72124.67643174455,1.9338510430147882,0.09652540710448279,0,1,0
45666.05974840099,2.7242762855965097,0.2147633205532002,0,2,0
5584.10429190058,3.3008632082347846,2.128023928005962,0,1,0
212819.38174243772,4.667811558013666,0.07895954527856959,0,1,0
8664.6042303682,4.162447372097243,1.729428158649238,0,1,0
56002.88203346128,3.772618382816445,0.24251298656423442,0,1,0
10986.051230087543,2.268744769687757,0.7434410235142187,0,1,0
6476.58892648294,4.884855273131304,2.715237786879636,0,1,0
46957.998653198374,3.8656933644263876,0.2963605032385068,0,3,0
70396.75796218216,38.55415534320443,1.971610103267795,0,1,0
5648.444666955298,4.50831707338379,2.873346986849413,0,2,0
7858.532966308185,1.000044605563738,0.45812120346945057,0,1,0
3.0052487115573525,0.0,0.0,0,1,0
32936.14381779631,38.833582950888854,4.244604328806142,0,1,0
73406.15853310323,1.3984750667848833,0.06858430329323416,1,1,0
54710.06373948524,1.4999573527685555,0.09869932697719803,0,1,0
118899.10345722023,2.886996335665455,0.08741181813986593,0,1,0
74812.92151782707,1.1982606650804746,0.05766033870581827,0,4,0
77836.47247032326,0.4943557752682548,0.02286435567393238,0,2,0
27686.857587682258,4.64004370887277,0.6033244220309626,0,3,0
3017.3495259740616,0.305168592866189,0.3640966765239529,1,1,0
76169.02251065258,98.86746036565049,4.67280326810764,0,1,0
21202.29167017069,3.670576505322095,0.6232380737290915,0,1,0
244709.9210271889,2.339462640660125,0.03441652660024643,0,1,0
95.64612774765624,1457.3996568626592,54854.6908093113,0,68,1
82450.06971990922,3.6235090645780277,0.15821251184862262,0,2,0
74234.76859947451,47.42278192369834,2.2997581611175457,0,2,0
5735.767588554915,4.656333137006689,2.922503228107146,0,1,0
34955.96091820807,0.02186839550489761,0.0022521544752221075,0,2,0
102511.17802286809,1.223947595147124,0.04298274029732361,0,1,0
196698.91889898834,1.895696578862962,0.034695196710314825,0,1,0
142638.6437538668,1.073722512041787,0.027099255444551613,0,1,0
13044.468637829003,4.2940695733742835,1.1850732209449515,0,2,0
193172.51411440692,1.3491672664554715,0.02514333978364606,0,1,0
1186.0269841286072,271.50208646937256,824.1022543073572,1,56,1
155836.91022288005,2.0535020029327153,0.047438101794913465,0,1,0
4854.056292482002,4.672278433813907,3.465184857411175,0,2,0
39953.71218653131,3.8728012495729365,0.3489559226279492,0,1,0
78612.54840097696,2.45905661161228,0.11261056894695698,1,2,0
48185.904441016464,4.845582654703692,0.36201660546366443,0,1,0
8876.016308680102,4.7640229278197035,1.9322274704902245,0,1,0
68360.95385460454,1.9528105121351587,0.10283820583660637,0,1,0
166225.93969313672,3.6527131574828955,0.07910779383298239,0,1,0
9056.650378720915,60.14778291594591,23.908620675714594,0,1,0
92359.26470614539,4.44162907351311,0.17312680774929626,0,2,0
58404.65471971746,1.8328085993574512,0.11297234765535387,0,3,0
67808.3422211928,4.95978185401576,0.2633188497104457,0,1,0
12452.59824791634,39.59521232828559,11.446829131075472,1,1,0
17242.18820109367,1.1757778500420852,0.24549089772045407,0,1,0
44532.723020777456,1.9837098563136983,0.1603619765042753,0,1,0
1581.613763318164,371.77276406702964,846.2128881791175,0,54,1
9999.121763627654,4.72868979701147,1.702477844720764,0,2,0
77657.8468897498,3.1700038370799404,0.14695248800406902,0,1,0
51641.41665297778,1.185314505488403,0.0826300379873912,0,1,0
84260.97505192098,0.4312458565198246,0.018424722506649595,0,1,0
31398.193532730376,4.446523619141092,0.509821847305364,0,1,0
19525.397965626886,1.2149879643041488,0.22401370149765878,0,3,0
132885.13396689208,2.726178591627872,0.07385508549290042,0,1,0
72281.63562549392,1.3678578677763709,0.06812640972194776,0,2,0
113529.5171088148,2.1667101518416154,0.06870597836819466,0,1,0
482.3676856197865,1015.4763858525962,7578.689655324188,1,14,1
75112.30252198383,0.2492343705722716,0.011945363195297773,0,1,0
259758.9239374872,1.1708434309832123,0.016226723947139317,0,1,0
29738.882284098316,1.049637136397465,0.12706239780408224,0,1,0
434.68767330985895,902.4001074823018,7473.504740081631,0,35,1
233228.60177205113,0.5812287634496899,0.008971556372249489,0,1,0
1340.079651409907,1226.5207814946268,3294.934602383601,1,60,1
58861.28066696463,3.5377720848937875,0.21637278974063487,0,3,0
102852.19578048792,3.9862951282405374,0.13952704026167614,0,1,0
28562.209798194992,40.565337131225355,5.112882186084918,0,2,0
834.4475528706473,708.4599505759755,3056.4603051437953,0,6,1
80038.95867444134,4.099502149922291,0.18438780294168108,0,1,0
35676.032296059915,3.405688495361953,0.3436614946852452,0,1,0
27088.888414932277,49.624902587287096,6.594942050695445,0,1,0
168506.06370422395,3.337810508930858,0.07130970582306635,0,4,0
172.9158034766981,160.82394674584822,3348.255027268657,0,10,1
39139.56838014336,2.4942551187213713,0.22941792153110216,0,1,0
75105.8224639275,1.2118822982462802,0.058088389562367185,0,3,0
62110.79142398691,0.35603358770616267,0.02063604224574718,0,1,0
117269.59349927648,0.9365930985095516,0.028751998314509284,1,1,0
142416.2610829622,58.79829786675283,1.4863040969528272,0,1,0
1083.7242811760739,821.7329595931482,2729.696755825207,1,21,1
37866.308131667996,1.6282324609372663,0.15479821373111388,0,1,0
39618.369856435864,4.964019890930072,0.4510652929967856,1,2,0
197705.1152153365,3.1436069351279103,0.057241740832725756,0,1,0
132396.74261601502,3.493678525751503,0.09499661731997956,0,2,0
18455.6666502078,1.134235477505282,0.22124628692147735,1,1,0
50850.24151060141,0.5259414243948585,0.03723461426287919,0,1,0
106752.2346580299,73.39695034108904,2.475161499657143,0,1,0
56893.62955175897,1.9661087940211808,0.12440745500402728,1,1,0
42635.849285356126,14.194136291276866,1.1984959020424002,0,2,0
193991.81659167862,2.618361999994926,0.04859021048203366,0,1,0
1434.0556509450373,1348.1289085787091,3384.29269999743,0,6,1
47473.859908920196,4.973768440309858,0.37716685391640303,0,1,0
312.0098028275931,1166.0374636848615,13453.855716145685,0,60,1
14029.690544377914,2.2316287622110083,0.5726329827837167,0,1,0
88947.7906475449,4.897126979159695,0.19820230493225305,0,2,0
32638.27175813466,4.3748510223893105,0.4825458834742429,0,2,0
5535.446906267699,0.6837751180669377,0.4446958785303777,0,3,0
349451.94070621935,2.4118070823236977,0.02484606460853684,0,2,0
67425.4771561685,0.5007164386917556,0.02673439262602844,0,2,0
14676.31133390158,3.0399411559826883,0.7456770241891809,0,1,0
314481.3024099141,1.4572582382270372,0.01668184918281472,0,2,0
67146.48671496539,1.8698512963866631,0.1002504374587286,0,1,0
41437.0393354742,176.99549358285924,15.377155007133945,0,2,0
34721.30618265605,1.2615357037931902,0.1307994725130492,0,1,0
182711.86566229447,1.1795043334914417,0.02323995535362466,0,1,0
98795.98725040266,1.9918064313337003,0.07257889062465031,0,1,0
61440.645257261895,3.5836239134072527,0.20997575846163966,0,1,0
36286.907573158336,3.2136677263515216,0.3188258407399614,0,1,0
55193.09254072808,76.63814649666406,4.998765510093505,0,2,0
77125.91763396712,4.428911789598142,0.2067279447905247,0,1,0
42445.17684422745,2.703216239761752,0.22927407038158693,0,1,0
106090.64691250733,46.08455263547875,1.5637984527000235,0,2,0
240688.75249141356,0.22386186259047536,0.003348318926346429,0,1,0
30578.63591388208,0.6886025975378187,0.08106867023491868,0,2,0
940.1880820869541,913.7534461078446,3498.781221185494,1,30,1
26153.308577870153,4.44744995199765,0.6121909883608085,0,1,0
38820.794005839205,4.249878835547978,0.3941074416373722,0,1,0
59621.14684774368,4.651755885665339,0.2808788839832418,0,2,0
160330.68240787403,2.3684556614535026,0.053180341112387515,0,1,0
19919.204417872766,3.7225996397941654,0.6727858413478829,0,3,0
1570.0051583204818,964.2248948241893,2210.954278061366,0,23,1
1295.742692657714,970.1051514501431,2695.2716500042566,1,51,1
62555.84271160899,1.451256100954534,0.08351772971106927,0,1,0
219172.32240713938,3.740808995143481,0.06144440244375426,0,1,0
10799.337194563443,4.810292240138191,1.6035291566981689,0,1,0
88386.99351434146,1.2083561298630052,0.04921631446600777,0,3,0
194587.9325869546,1.2493373262896468,0.02311353183544874,0,1,0
190028.27736125008,0.39572334139104715,0.007496800206737391,0,1,0
51440.576024448266,4.921306472078923,0.34441105968688746,1,1,0
9650.676851701062,46.229740573744984,17.24511851582171,0,1,0
1074.038151743151,863.4072520305898,2893.99971711009,1,68,1
762.8981501306429,393.82986917226617,1858.4230788570774,1,78,1
6569.530825265456,2.0045136128956305,1.0984420650971953,0,2,0
622.9852773566294,1424.938419694429,8234.188667613395,0,39,1
17845.33755631197,4.8755725352286285,0.9835656552551356,0,1,0
80632.2820477389,2.5595106063481197,0.11427480345152426,0,1,0
96779.53991226324,44.51205210018104,1.6557568645802871,0,1,0
11910.633826224406,70.43675934179689,21.28957512505861,0,1,0
26212.84407259885,1.9128685290780334,0.26270810926157473,0,3,0
138805.4631261604,3.4733586479847878,0.09008356624537361,1,1,0
68338.36302514143,0.9743895866810731,0.051329917147142606,0,4,0
147160.40063205373,1.6290893955284158,0.03985258125632524,0,1,0
60778.43750262204,3.2947542350272334,0.19515334275558402,0,1,0
146720.13418703902,0.6521972726667324,0.01600264472636808,0,1,0
125582.99540650619,1.9622242208846248,0.05624971097654419,0,1,0
59723.52739696102,11.728188406929823,0.70694883750446,0,1,0
163467.00509283785,1.5668470321517898,0.03450634770327473,0,1,0
54988.67711283895,4.500773757238277,0.2946567616603876,0,1,0
2919.4554689572783,1.369212595496296,1.6883851787426583,0,1,0
60345.79571080317,0.6592599482169847,0.039328933948521425,0,1,0
98223.3108560864,2.3162830219725135,0.08489450015911723,0,2,0
159814.01824863933,87.97537392330021,1.9817494710078556,0,2,0
40547.885290817445,0.35626342660682486,0.03163046177589483,0,1,0
207398.53747075726,71.94238094657427,1.2487675880751319,0,3,0
65660.60386525712,1.5701062529169523,0.08608483897133123,0,1,0
43690.56360573919,4.859950492903631,0.40044852550619925,0,1,0
78063.66059970447,4.953625276238026,0.22844241299292087,0,2,0
66723.49581686394,2.146053897708499,0.11578820829405569,0,1,0
1369.7289985649086,1445.0547328827117,3797.9753979277684,1,35,1
36066.040953892916,8.74111979645223,0.8725113828672514,0,1,0
10313.864623372614,2.9912646525852598,1.0440851361286958,0,2,0
1311.090509144221,1000.9581068925996,2748.436633230923,0,66,1
228706.4638667845,63.70622401380427,1.0027806060753983,0,2,0
139088.09955311107,3.825557552199249,0.09901643082453958,0,3,0
117.36602028607567,1195.5594599940507,36671.72189606238,0,47,1
56594.33323467773,3.4114356088184876,0.2170034964599842,0,1,0
233692.88422053287,4.400533336032024,0.06778948388845882,0,1,0
12069.319203195857,38.32865683587044,11.43255574619294,0,3,0
126772.86089478461,0.9082161827885804,0.02579083752596293,0,1,0
159718.67061131136,85.25286475461579,1.9215681669647033,0,3,0
43967.98042670713,2.9911887992594828,0.24491185569199456,0,1,0
16452.770268473436,238.94187890124908,52.28242721487348,0,1,0
1281.6372300863097,321.6078817709484,903.3666837982264,1,57,1
11021.946109088316,325.9586947619101,106.46498263816487,0,1,0
195836.12151371012,4.891347429994941,0.0899162555501745,0,3,0
19032.514970553053,4.847292834103538,0.9168653869323955,1,3,0
12692.280150331404,4.964517454496322,1.4081207335878183,0,1,0
34184.21338966508,4.448568600621988,0.468486630939442,0,4,0
34886.26991903349,50.6049189490407,5.222046055349494,0,1,0
33889.00278369618,37.96103310711842,4.032568324830512,0,2,0
192193.69442562805,3.2690232969216533,0.06123241401903498,0,1,0
85168.98406300962,52.79320855002426,2.2315113050952995,1,1,0
31926.48832168178,2.085176122565854,0.23512244646521932,0,1,0
113768.82792232682,3.6666395435843113,0.11602389334550818,0,2,0
91274.20151614776,0.5016552660603435,0.019786083338102233,0,1,0
205.06017473360373,4.448106178946285,78.09016190008397,0,2,0
43345.55706970116,1.0342051907178063,0.08589435546063387,0,4,0
1292.1560313850305,1005.2146849728607,2800.569573647715,1,61,1
26332.769745604226,0.17142567796601893,0.023435910716558296,0,1,0
604800.0,2.6701386519235886,0.01589368245192612,0,1,0
702.5977428706053,245.53522724517674,1258.0837713357496,1,63,1
113.98509076468314,1026.8675563758286,32431.638016455105,1,20,1
192355.41943921163,1.1649602627296984,0.021802645114203614,0,1,0
1641.792393466189,428.62542879919397,939.8578954427808,0,25,1
27288.494992865602,22.101599205911608,2.9157253693207976,0,1,0
353.0117427985214,1101.4505923466577,11232.550229104094,0,51,1
145594.92361353035,2.749894931919321,0.06799427829769175,0,2,0
168662.7587483833,59.986909764909605,1.280382680540879,0,1,0
46909.8269854873,2.3527074302298763,0.1805537835696533,0,1,0
7905.528838624995,26.24509997050145,11.951428148890098,0,1,0
184432.07348420488,0.04961603581543961,0.000968474330745296,0,1,0
30239.374250436234,0.6019148238730987,0.07165800945473916,0,1,0
8734.02851066351,4.537531746326983,1.8702840581334659,0,1,0
37811.70488233379,2.9638984698837447,0.2821886641923592,0,1,0
149976.88394319714,0.37656161728564896,0.009038871768677164,0,2,0
74899.98675478344,62.47772792130625,3.00293538439562,0,1,0
96581.65506376953,2.2002073382710114,0.0820108789039269,1,1,0
112215.2246309444,5.845920790512362,0.1875442028036636,0,1,0
493.05967069774397,859.1513309211952,6272.962432598433,1,52,1
48615.45420145004,3.3787338017358852,0.25019701833591823,0,1,0
136194.3066878297,1.6413614677907562,0.04338581712956978,0,1,0
15167.447859412488,169.52876317060122,40.23772180205171,0,2,0
478.41700745791707,297.79113849291764,2240.823553223709,0,54,1
9664.235948211599,1.3588938710415066,0.5061981062925838,0,1,0
224.474835584286,874.8207194657398,14029.8781459365,1,59,1
6127.366026904987,2.3102990094731513,1.3573656931189417,0,1,0
514.3509865577389,637.5202274856812,4462.07527336164,1,71,1
297452.35937459825,3.205431419798292,0.03879462625724697,1,1,0
27996.122562361175,11.642656996393063,1.497120363495082,0,1,0
20533.35574750727,0.20222864061500367,0.035455632053830004,0,1,0
6526.567673863979,4.833363333526465,2.6660426843308502,0,3,0
75612.94913602904,49.69690041640632,2.3661137879598186,0,1,0
665.049563731863,385.9699284723738,2089.305546948326,1,46,1
13316.30073584203,3.1318277098812892,0.8466750623336471,1,2,0
38454.45248740008,4.6512715999252805,0.4354392450449661,0,3,0
222351.87337071734,4.982444330884102,0.08066853370413275,0,2,0
1671.5585165202972,1196.643517499114,2577.185674579105,1,48,1
72583.93908507396,4.285579711586836,0.21255510731691904,0,1,0
627.3516792392945,1245.6446965834514,7148.017700594922,1,30,1
5361.119276949996,4.924689344854317,3.306936616333169,0,1,0
1532.633491026576,1312.229591454617,3082.2936839729455,1,64,1
39557.90205104628,0.7855174286688372,0.07148667134972642,0,1,0
1776.4987490971084,1285.2955619185027,2604.59739994654,1,14,1
911.2499205197337,1113.4836693810994,4398.948213335017,0,41,1
21522.935240811785,10.7225090080279,1.7934836488150174,0,2,0
23088.52682555647,1.3872849744397198,0.21630769020979418,0,1,0
1253.0389028712782,1167.1249046422831,3353.167764451959,1,36,1
72795.99760093022,3.871992685086278,0.19148269308328678,0,1,0
61704.70527021177,23.020110302136654,1.3430482606599368,0,1,0
5961.630147556627,2.7393540531860987,1.6541909423065704,0,1,0
30136.252290074648,37.25998360792306,4.450982812906056,0,1,0
961.6437918163261,454.2433326319573,1700.5007585879407,1,49,1
88948.88902544847,14.393034896834433,0.5825247082487967,0,1,0
810.6454457404168,673.5408061268861,2991.1312211741424,1,60,1
199307.31054882408,58.511032696026696,1.056858963806528,0,2,0
140299.00351611784,2.346514981800035,0.060210363030195474,0,1,0
1014.7447452524545,216.68098136309015,768.7169966207201,1,7,1
97594.77184604674,2.9667182859423584,0.10943399556525642,0,1,0
67425.3556698475,0.39477413465784095,0.021077929373145,0,2,0
31014.802582791614,15.19693472137463,1.7639630254265628,0,1,0
11369.813763707889,85.07291463695796,26.93645639743278,0,1,0
254.64444169942885,420.9546659109395,5951.1874171129075,1,68,1
73162.30299586047,1.1718579320190288,0.05766205248496889,0,2,0
23747.355775717308,2.749987427436789,0.41688661391495085,0,1,0
4548.725401607868,0.4803859765056894,0.38019211157683497,0,2,0
46124.55823310441,0.33311043683730723,0.025999112372064318,0,1,0
17705.957638392174,3.7305742860161817,0.7585055665409238,0,1,0
52506.79130010707,2.1972114064774377,0.15064643767905594,0,1,0
1480.7148117819142,2.2126860788864673,5.379611131467832,0,1,0
22245.547646436567,4.444761278453201,0.7192963219763523,0,1,0
71558.33567829836,3.9310911532130213,0.19776770962350318,0,1,0
27926.316696204965,1.057602588721137,0.13633625088529827,0,1,0
156530.96111359523,1.0037109158287167,0.023083990996267817,0,1,0
89596.10313591166,3.6021685111288897,0.1447362796615457,0,1,0
25997.416289600915,4.806396211836931,0.6655671536688145,0,1,0
787.5521987269269,1270.7854920269422,5808.920067383688,0,61,1
994.1890106083711,4.856481137142728,17.585521371851915,0,1,0
52109.25802855027,1.774007096406867,0.12255836656829093,0,1,0
506.1087933338148,325.00102825990655,2311.763235783107,0,6,1
104477.22692121344,1.1032297233947852,0.03801428427284198,0,1,0
957.3014401786377,39.01012691133318,146.70035057566952,0,2,0
331776.2645800204,4.7591927348333005,0.051640504986358325,0,1,0
65213.0905717386,1.0675924522168212,0.0589349898047332,0,1,0
26299.13282186075,3.532382436097014,0.48353597269103843,0,2,0
138924.4224592543,2.611068398138623,0.06766158222508328,0,1,0
146240.84938740532,1.4407262430576413,0.035466249660980116,0,1,0
75097.98054874176,4.0057779865057865,0.19202647855571991,0,1,0
1791.4341589081764,302.7383008608139,608.3717214386292,1,53,1
137448.81060679912,2.0326915694350656,0.053239381393412034,0,1,0
138113.23846497442,1.6374350443656542,0.04268067438887309,0,1,0
100712.55628806965,1.6951427487195487,0.06059337703568225,0,1,0
2096.1319239992313,2.0040622215787485,3.4418749674489195,0,2,0
27238.378525831606,144.25231853081462,19.065317938013266,0,3,0
21948.754050792275,3.4867903341688526,0.5718978477757725,0,2,0
81260.51493289604,3.583159683510157,0.15874099335069086,0,1,0
100005.50393717019,4.180015194043147,0.15047226508662437,0,1,0
479.01543138356436,2.00662721970612,15.080637319088027,0,2,0
152737.35560673577,168.52233756095922,3.972050012319962,0,1,0
13335.133120851753,0.35453961165920866,0.09571277544859091,0,2,0
66760.4212305726,2.2220726413022467,0.11982341275319537,0,2,0
51621.29377409638,3.1129689828134497,0.21709429421065668,0,3,0
24260.743653170764,0.2995608794044041,0.04445119990025164,0,1,0
88821.16437154416,4.732364146487234,0.19180688575629695,0,1,0
86703.89806097388,1.420520746137165,0.05898090859187783,0,1,0
513.4868106458925,1191.9965963490263,8356.958071539944,1,35,1
75109.70899126203,4.0416319946078225,0.1937149720854442,0,1,0
414.0060532001616,1278.278538946618,11115.303036361567,0,35,1
316654.5545859498,2.1384589401673053,0.024311831530952135,0,2,0
45861.14519768659,4.561765434945691,0.3580886498803108,0,1,0
240723.39571857118,2.770260013482994,0.041429026949246356,0,1,0
110101.4739948284,3.953884042862895,0.1292805812479405,0,1,0
1417.9800730861,213.76233142204512,542.704659766143,0,68,1
148869.68745640508,4.386016720470024,0.10606363500505044,0,2,0
25215.769197503654,3.8252159498524483,0.5461176818207913,0,1,0
169458.55032885616,4.237104438133279,0.09001361068932948,0,2,0
154634.3582553596,1.7954819176819554,0.041800121115263246,0,1,0
166554.00877365097,1.861293209473761,0.040231127448945504,0,1,0
95153.37682756568,4.232753879099314,0.16014054858369617,0,1,0
1380.3514366480354,721.0284785859361,1880.464970002583,0,50,1
117054.80454379787,1.5808902543810421,0.04862000272395738,0,2,0
43304.78920346879,58.45294978892539,4.859292080869326,0,2,0
13836.355015903628,3.090187402808872,0.8040177226823928,0,1,0
151123.2666984133,4.360148674214334,0.10386577507284922,0,2,0
99957.64248675082,2.7061532938057202,0.09746280139602027,0,1,0
235385.3343839711,8.620971095652637,0.13184974342421438,0,1,0
63650.54082391817,4.068139401114901,0.23008919727058044,0,1,0
40922.19028372942,0.6370775940077672,0.05604488231266167,0,1,0
291703.76467478677,4.874362667156215,0.060155910642174515,0,1,0
916.4731404587908,1304.7716479768997,5125.276154154839,1,70,1
36963.09112553257,2.757022374529503,0.26851868299105097,0,2,0
210240.45024445266,4.406954993184485,0.07546139649633268,0,1,0
11547.89198009684,4.65084357323839,1.4498782022307934,0,2,0
30395.149970640483,0.745675539237689,0.08831777253438945,0,4,0
50508.897157805826,3.1893641653673823,0.2273205641265551,0,2,0
113002.46773394881,1.0708812636979341,0.034115826199381055,0,3,0
10443.953636825276,2.712229030386034,0.9348973433740523,0,1,0
5172.834613696206,4.347295582689438,3.0254715772749616,1,1,0
71492.27048159688,1.200479481392438,0.060450257124303394,0,2,0
67543.51253323317,2.510358036599118,0.13379951075701377,0,1,0
13322.515660911278,3.971761646238376,1.0732463965803383,0,1,0
56531.74393227773,0.5661289612560877,0.036051678557155735,0,1,0
152549.62757649802,4.85648730153296,0.1146076497417301,0,2,0
63199.52241767713,2.0570546588023273,0.11717488500541362,0,1,0
8056.473051388056,3.4903768436579323,1.5596597365895317,0,1,0
22574.756681286366,3.172833996724971,0.5059723366887261,1,1,0
9278.47585600761,1.2046993071371832,0.46741701686767884,0,1,0
69906.38145884383,3.626552877703502,0.18675820557839717,0,1,0
122681.8551722551,2.9437973178250476,0.08638335578876107,0,2,0
471502.75208676216,2.58577985244479,0.019742848642139658,0,1,0
1132.491745182869,1075.3204225455047,3418.262020566625,0,13,1
119432.58393181332,1.7105653944597536,0.05156076522275421,0,1,0
43027.63335728342,3.3240387929012227,0.27811289445271775,0,1,0
18116.473524955894,2.1447705611627206,0.42619630192099384,0,2,0
80766.25725775257,4.484391209149738,0.19988308114140635,1,1,0
93085.70707753573,4.795042218043631,0.18544363605229494,0,1,0
58685.759060541975,0.7307734113710679,0.0448283250153048,0,2,0
6660.963642988217,2.135873948365047,1.1543594329940965,0,1,0
65981.11324218792,0.494714110252617,0.026992130162645993,0,2,0
7066.341434641541,45.47705305707893,23.1686216297004,0,1,0
24899.066592703304,1.0668595367743112,0.1542505345767877,1,1,0
750.5821082034312,1056.4237756563045,5066.9014765962565,1,75,1
117123.68888548964,2.004316194024632,0.061606139348490095,0,1,0
25738.557526421897,2.9655297755608228,0.414782653653361,0,1,0
240199.20713731236,2.5727654566689,0.038559476337960384,0,1,0
125516.23253817346,28.547532928366582,0.8187874704641389,0,1,0
37116.642006126036,4.158926500925796,0.40338065606424583,0,1,0
3879.026259478048,37.39704826410387,34.707002413767974,0,2,0
104974.28504209474,56.74252857273972,1.9459346903858348,0,1,0
36824.10113912875,3.0295447160664817,0.29617453353804735,0,1,0
74193.8657472612,1.1130181827061887,0.05400534690282248,0,1,0
1151.109488888969,1476.30540277179,4617.023403315092,0,60,1
677.4610517237348,555.0393376293251,2949.4560763035606,1,16,1
15551.5759112635,4.053328867417562,0.9382961576347207,0,2,0
251.16565689389478,456.64336678416174,6545.146899273162,0,54,1
1107.3643204308096,883.6864891493605,2872.8317340945696,1,14,1
11023.452123805102,0.10005861814387396,0.03267678956395809,0,1,0
1680.1780016425555,604.3503257419516,1294.8992133833926,1,7,1
34916.76447220209,3.509724122872941,0.3618607575281369,0,1,0
139116.89183591816,4.520539527288179,0.11698034712730496,0,1,0
14289.565835855601,18.264605782253483,4.601440069727321,0,4,0
142332.89236862812,2.093794952413275,0.052957975512546954,0,1,0
23143.780442608277,74.23246497421513,11.546811661554857,0,1,0
1045.3357522041033,2.7540816272535267,9.48469794246245,0,1,0
78667.33058223901,47.71392142948891,2.1835000104216222,0,1,0
1226.4386896669803,1284.7332675675377,3771.113715027199,1,11,1
35072.433905915794,3.719310724429992,0.381767591147688,0,1,0
190913.479535541,3.0565275852769336,0.057636052382296646,0,1,0
1670.6396759572951,111.48687724854895,240.23897185657142,0,49,1
55690.9610053665,3.033738451627653,0.19610827733439787,0,1,0
14640.483753546047,10.926945939713416,2.686865136778049,0,4,0
247375.66500051532,0.8507632057225845,0.012380957280478352,0,2,0
13146.307415816225,2.283004621029079,0.6251806211238211,0,1,0
4886.597906010577,0.9461765547463502,0.6970566563082974,0,2,0
1781.7165374423907,1035.637642019853,2092.530115157008,1,13,1
14531.496649311925,1.5087877862511538,0.3737836619025299,0,1,0
59997.8573210484,0.16779590823625568,0.010068114039775929,0,1,0
152459.7995568167,3.0224449112922973,0.07136833258525542,0,1,0
28004.92317215626,3.339668677278712,0.42931048817005757,0,1,0
8117.430089585109,39.96798465413258,17.725406091206803,0,1,0
3480.3919740016822,4.799640602917508,4.964586259126535,0,1,0
173341.48695404857,0.7747089266896795,0.016089351632377395,0,1,0
32418.835231974925,3.946314984956425,0.43822468772199835,0,1,0
30988.951797207475,4.549118204160302,0.5284730391059197,0,1,0
42597.184112998846,1.9185767475016335,0.1621439640865415,0,1,0
50165.39206267564,10.140772630431211,0.7277284193043188,0,1,0
206558.59079803448,3.4132090072253036,0.05948700743231453,0,4,0
144771.7148436233,2.745720076207256,0.06827709601300964,0,1,0
11073.41104772241,2.3034950655825126,0.7488733327390273,0,1,0
42972.964802769566,94.4418745379254,7.911735899465317,0,1,0
152445.41004507002,2.1533678574122757,0.05085180514383674,0,1,0
158717.51008928224,0.5225378132136205,0.01185210205547486,0,3,0
38126.31818853513,3.237594936495229,0.30570331270244905,0,1,0
27359.978450983603,0.842845721960564,0.11090084023618621,0,1,0
102607.09876641307,0.9280203197771658,0.03255986370692885,0,1,0
112918.98694085299,2.9118528157917427,0.092833547491363,0,3,0
260452.9671611346,4.8478602591827915,0.06700747978908923,0,3,0
14688.134851885143,4.8184358297832555,1.1809783312953044,0,1,0
81286.53701512136,1.7044286223459226,0.07548535422666462,0,1,0
1057.4486121909038,514.2952263353711,1750.877341425918,0,71,1
166907.48579032885,1.3546080565502643,0.02921731748872534,0,1,0
1058.818688308336,393.98954534772656,1339.5705789042304,0,31,1
190917.9915783812,0.5297795567202385,0.009989663040268559,0,1,0
18008.11954807597,0.9315838825926676,0.1862327695226746,0,1,0
33791.987053501696,2.828757821122912,0.30135925833302585,0,2,0
38907.47114102567,0.9620551894356966,0.08901628865610221,0,1,0
16833.741030540525,0.8630455645113727,0.18456765056585753,0,1,0
180814.3568920616,2.93683389728743,0.058472138009185506,0,1,0
105646.00706011098,1.5633427719502764,0.053272566901830264,0,2,0
117510.60271926233,4.0735087953332725,0.12479411494666733,0,1,0
12567.601239208378,0.3206762611869163,0.09185798612636563,0,1,0
210194.8482722135,4.063650247157929,0.06959799923746479,1,1,0
36178.882565076085,4.9496074563747,0.49251346585672107,0,1,0
11342.17659163648,1.2486466190877166,0.39631968276974344,0,1,0
191610.71573903278,29.70510930989782,0.5581023644902959,0,2,0
19529.705221788747,2.0211787791973967,0.37257314037657496,0,1,0
54122.88875933113,0.07611235745745404,0.005062636033070102,0,1,0
141647.18728702937,3.8616102261318295,0.09814382537582214,0,1,0
20440.86166928212,4.5758816859329885,0.8058943079740187,0,1,0
200238.76042163584,4.509657295464658,0.0810770413754449,0,1,0
28971.487359919593,56.83577900671898,7.062419746776722,0,1,0
134718.0116321516,18.541574658566258,0.49547694448682134,0,1,0
765.409007602585,1336.7026925218902,6287.004262141313,0,72,1
1465.7079610769738,706.3528436862673,1734.9092075628153,0,19,1
79518.37572593044,81.90136749137143,3.7078841246098304,0,1,0
109685.22963279978,3.2745176614257003,0.10747357343004926,0,1,0
601.9074098507989,534.2667162511468,3195.4419351323354,1,67,1
98510.76951179185,40.429310791880056,1.4774579426399288,0,1,0
41170.683557566364,3.1550709675226556,0.2758821205190832,0,4,0
68774.20607675846,28.43402720221609,1.4883850176871802,0,1,0
77398.65701558354,1.5740041306701835,0.07321076474585053,0,1,0
1019.4867155890856,991.1605207379207,3499.9748599909217,0,19,1
8517.451209633475,0.8661078342108007,0.3660705681099002,0,2,0
791.6806637760143,0.5742803466758828,2.611418141972075,1,1,0
221083.7923277315,3.510567750858428,0.05716404522478917,0,1,0
98090.7546108526,2.8440936588324743,0.10438024676653991,0,1,0
182.09284915433153,1480.1873220283308,29263.50147218417,1,56,1
377704.7315434487,25.477918825585693,0.24283653370531727,1,1,0
166121.25843608292,1.0532279881776834,0.022824416291660408,0,3,0
28615.261277892736,4.445180220666008,0.5592347607449868,0,2,0
251663.06636134005,0.47787686769265314,0.0068359523253342545,0,2,0
107059.13084657649,24.057876639331184,0.8089768263270167,0,1,0
108554.75720336639,1.0186123096525774,0.033780226765000414,0,3,0
57942.95009437686,0.21778790177375718,0.013531179291156142,0,1,0
206399.586174119,1.2913217894358175,0.022523099625050814,0,1,0
63680.07198572086,5.854864548209006,0.33099071210658626,0,1,0
46417.560865079184,1.2133567516590227,0.09410413267231099,0,2,0
9632.228198234621,0.25831087914494844,0.09654247654683351,0,3,0
207260.3597448316,0.0016507962973821844,2.8673436048709064e-05,0,1,0
148767.23073584016,1.3897907856549248,0.033631377041909105,0,3,0
49268.54920590277,4.885914532974979,0.3570085298270278,0,1,0
195299.4808630602,0.8047774372836458,0.014834646571603426,1,2,0
68005.07316365039,11.752484433236985,0.6221439370830327,0,1,0
162080.89421123874,49.92632779213312,1.108920214972607,0,3,0
29501.307732454596,2.5085149208817454,0.3061102849091533,0,1,0
136664.85631310084,11.32092670455018,0.2982137268926671,1,1,0
37844.12729201337,5.351643346430317,0.5090860174549465,0,1,0
5874.343631479119,0.4562242065212768,0.27958989914640897,0,3,0
146277.33959474732,3.8314918900613018,0.09429601907195197,0,1,0
158336.07902491032,2.1683305171907814,0.049300133677421254,0,2,0
18320.569348941804,2.967306112259181,0.5830769666964558,0,1,0
24398.125750226223,4.203730773434076,0.6202702182655302,0,2,0
44.20136254325776,117.1985404653363,9545.288230929598,1,32,1
83904.33271891793,0.992914891130417,0.042602014606851875,0,1,0
633.0497309788395,534.6750958858311,3040.567353551773,0,40,1
489245.2403115105,9.842912355215567,0.0724268353764961,0,4,0
49332.54473350185,29.409409650671602,2.1461263617021276,0,1,0
114130.35330696031,2.2007210326896844,0.06941707870100582,0,1,0
158808.97794286598,2.8222092082690664,0.06397593688578389,0,1,0
893.55374182462,723.3759252446747,2914.3779595877427,0,73,1
40868.777315200816,3.337644091120848,0.29400240274783007,0,2,0
24069.285423978527,1.623344389467292,0.24280071880572937,0,1,0
84668.16847416648,3.0398558379908125,0.1292514201497809,0,2,0
26423.983049841347,3.8100497023883086,0.5190806738986409,0,1,0
72711.3935788883,3.550858037015007,0.17580585798269704,0,1,0
127041.45685412522,13.121369360190258,0.3718229534389276,0,3,0
106856.48283153414,0.9436992284925366,0.03179327199014413,0,1,0
16556.604827381158,31.771866971180952,6.908343968389762,0,1,0
12857.017764509721,3.8544784163979093,1.0792644572161882,0,2,0
64018.35871346453,0.864612488136306,0.04862050542754776,0,1,0
895.8114271558514,350.05554192030013,1406.76922922734,0,37,1
80661.26577264542,1.0579106728524568,0.047215703668766505,0,3,0
102772.40402050495,1.6178880201975594,0.05667277055764056,0,1,0
34719.144428112406,2.7942043547733326,0.2897287891990513,0,1,0
77305.27118203207,2.301606950286992,0.10718266548114795,1,3,0
1296.214215651679,1395.578812209545,3875.967153645569,1,56,1
15938.69487439059,3.6543041152228497,0.8253809310284104,0,1,0
30401.60711402372,2.7355565986914048,0.32393036717938334,0,1,0
710.4244272462705,189.67308767485451,961.1481382702707,1,14,1
156403.2729551012,35.43649454143385,0.8156567182950443,0,1,0
8529.337785787951,2.5251402307438346,1.0657925690110315,0,1,0
30002.207768972297,38.56890826737776,4.6279284121935165,0,1,0
36291.75413040984,4.089375785925637,0.4056500762247956,0,1,0
101302.32229868365,3.592300891615834,0.12766028375624958,0,2,0
93988.99079499474,0.7620346001894068,0.029187722279788077,0,4,0
1830.864954219547,4.945372327368523,9.724005223594338,0,1,0
169949.72038042804,62.308194502192585,1.3198580127450772,0,1,0
24335.66559650181,42.03274985670089,6.217947846303195,0,1,0
1612.6659994739753,734.8330584592547,1640.3886553794785,1,51,1
12204.730793892171,4.176086303043844,1.2318101025613382,0,1,0
46459.8376992717,0.3994970047594676,0.030955536832549636,0,2,0
1237.377831305663,563.2563465215143,1638.7256957220802,1,34,1
362449.14524006116,3.394416834446512,0.03371480044714639,0,1,0
131541.90257629112,1.112648912494429,0.030450647333892945,0,1,0
739.153717939909,0.376921273218776,1.8357704908384251,0,1,0
75952.95094965454,2.726055394087001,0.12920892863291494,0,1,0
43708.56549605134,2.6281551400018484,0.2164646310540985,0,3,0
55584.50207506356,0.6508179693883437,0.04215104214901539,0,1,0
11094.122456908992,3.425863451507736,1.1116794927522424,0,1,0
17850.632009463337,41.07091355572281,8.282916185948938,0,2,0
26433.13747573046,2.6241675690068837,0.3573924305088086,0,1,0
269192.4802344537,1.8864286218561994,0.02522783338066338,0,1,0
15921.868406764086,3.534984818152091,0.799274621560191,0,1,0
219387.7902350037,1.0736675119211418,0.017618131978884444,0,1,0
32679.982393405055,4.192512626618185,0.46184374502206893,0,1,0
6128.269702657797,0.28104778933111085,0.165099137388356,0,2,0
352.9553002399934,664.5698563958138,6778.34128400444,1,55,1
231677.83981223305,3.3217934582732216,0.051616747028872145,0,1,0
7509.390419188829,0.3974587417634373,0.19054162727937327,0,3,0
9553.731903488273,30.584546565495636,11.52474956886563,0,3,0
136928.856436593,0.9287952810310507,0.024418980036250554,0,1,0
60837.74072226865,4.804587157790307,0.2843056557114061,0,1,0
13443.848204501288,3.4293622761572005,0.9183162444538995,0,1,0
38182.99974148063,2.0961847074868007,0.1976341565106131,0,1,0
26173.25921210444,2.796092429300739,0.3845884329463804,0,2,0
51193.80330037217,2.5882404450880254,0.18200768455601643,0,1,0
79704.51299527731,3.342565907339109,0.15097309818747393,0,2,0
85802.17434831969,62.223031352672386,2.6106903999922624,0,2,0
24110.13534559963,35.298621028412015,5.270606484814938,0,1,0
66793.14736423403,4.434669648546017,0.2390186922575593,0,1,0
305719.8645579766,2.8693138698132508,0.03378756544414475,0,1,0
33898.41262229826,3.0983207580985432,0.32904062067548623,0,1,0
136484.71891883266,148.92181663767246,3.9280480931674857,0,2,0
116244.14893653945,1.708370199756415,0.052907030378626645,0,2,0
15784.283852872457,2.9622272039520716,0.6756098682479533,0,1,0
27015.665256247885,1.3582056537208702,0.18098907826318783,0,2,0
18019.93721786713,17.236286303531152,3.4434432230533916,0,2,0
427.6962305619782,1386.1260354683554,11667.284794933355,0,42,1
1303.2041720767052,652.2915209418719,1801.9045102109478,0,29,1
280601.0047389142,32.35930862503695,0.41515714157376116,0,1,0
47431.53668708266,2.9798537969392984,0.22616753363386088,0,1,0
604800.0,0.1874297356267013,0.0011156531882541743,0,1,0
124791.98964715246,2.602850534349405,0.07508704645347941,1,3,0
170907.78072592098,4.250420106653181,0.08953081199088277,0,2,0
54696.675552047396,56.02733562412363,3.687580757168982,0,1,0
14545.735012786772,0.15920872274048925,0.039403399096843095,0,1,0
196839.16349743013,0.21009295633179825,0.003842399192091406,0,4,0
53170.58712646104,4.59788043577724,0.31130687967446874,1,1,0
1055.3483225308037,935.8841976053167,3192.4844522418807,1,61,1
12374.187966671821,1.6899801565596144,0.4916628533525464,0,2,0
6520.1051236669555,107.16673152344198,59.170860924311945,0,3,0
143741.16326686184,2.2042755635125793,0.055206120837584145,0,2,0
324029.21629621537,2.024588566844028,0.022493400206157987,0,1,0
65670.92584288167,3.8445471977373757,0.21075338491447146,0,1,0
182390.9269067082,2.82011896801091,0.05566301162574923,0,1,0
238326.1361467299,7.557717744082621,0.11416198121865433,0,1,0
152877.113164142,3.5713173141092436,0.08409854205573056,0,1,0
101765.61713151108,2.357935332295763,0.08341291917185568,0,1,0
682.1838033513203,1.0837885566099248,5.719336613722578,0,1,0
18423.614217353617,3.607347689357436,0.7048807866077947,0,2,0
170326.2055704176,96.41934126518763,2.0379108863032274,0,1,0
157346.42562704938,1.5570787694057935,0.035625109039002026,0,1,0
194812.23071347235,0.48122062078785777,0.008892635890937844,0,4,0
28033.775190304917,1.4535242795219105,0.1866565373645619,0,4,0
67358.87813163125,175.20400442450332,9.3637903929404,0,1,0
30811.56520749357,4.378496864712828,0.5115802656183339,0,2,0
18511.72089235283,1.4524793894441932,0.2824656784966523,1,3,0
212826.68630867652,4.1729786931415855,0.07058665224680173,0,3,0
46677.453430814596,1.170916606671203,0.0903069785129614,0,1,0
1328.3945483268133,1211.4061303706792,3282.95691579542,1,64,1
1515.6184185085644,1137.5001696894412,2701.867805823876,0,76,1
44735.60679524791,26.774708828655875,2.154636064831475,0,1,0
29467.733433994646,4.479545693657454,0.5472550012469943,0,1,0
16388.380242827046,2.5111898684411402,0.5516276405866837,0,2,0
31620.197759287264,28.572265589212353,3.2529890199991907,0,2,0
155650.72656262602,3.9786385748491915,0.09202076460397501,0,1,0
17661.174997483056,3.2769159973172663,0.6679565539678627,0,1,0
159217.392433819,3.71285055371228,0.08394976069539693,0,2,0
217.0085588849883,520.9087309736669,8641.462996393015,1,56,1
23507.00095885719,32.71908946317213,5.010793264252543,0,1,0
38592.79047759941,77.81239183810607,7.258469966813513,0,1,0
40812.84660079391,4.223545835379313,0.37254850552545765,0,4,0
124918.49029423243,2.1730118435899595,0.06262357652976727,0,2,0
233449.77443748395,1.6062777572287492,0.024770209951828555,0,1,0
372796.4937036839,4.3133703516594455,0.041653109748174,0,1,0
308259.75914840284,1.694849630864107,0.019793237651150607,1,2,0
136586.35897277275,0.970269401228025,0.02557334327300709,0,2,0
51094.47833831434,1.7342850546444477,0.1221937555635682,0,1,0
180582.58878113682,3.953740592887381,0.07881970366282268,0,1,0
62475.67740867938,3.298329658453741,0.1900577514792002,0,2,0
229389.68742008597,64.44429018059694,1.011376959703004,0,1,0
500467.32076471613,1.8473936181686663,0.013288813773584714,0,1,0
89534.29252763874,4.264535438627075,0.17146868697620288,0,4,0
52496.296571212195,0.03543233723691197,0.0024298173849244863,0,1,0
65697.50390302458,1.2553951201467268,0.06879138725269214,0,1,0
39803.48000077609,1.3108577587080772,0.11855968199908813,0,1,0
28440.356180004084,4.255132981508708,0.5386176824396279,0,3,0
41029.49780580702,9.750004819971672,0.8554824998840277,0,1,0
1208.0673255501308,3.2074373540279404,9.558055441357462,0,1,0
90239.3937700143,12.149681503992236,0.4846979970393602,0,1,0
57351.91816625048,4.451545988872821,0.27942510158923717,0,3,0
77229.34330607504,4.968490150635791,0.23160321940587897,0,1,0
166485.1923789017,0.06468446137677997,0.0013987073422508068,0,2,0
96801.43600019393,2.573882110002268,0.09572146838802682,0,1,0
41602.9549744953,2.5296312724608523,0.21889484981155585,0,3,0
760.9105648852909,341.5788009560358,1616.06861593137,0,35,1
999.6950759877174,1385.5800066829247,4989.609475799613,1,71,1
100480.77504342239,0.5902944988090708,0.021148923212368914,0,1,0
7540.616131675406,1.7252543466102843,0.8236615601883258,0,1,0
16519.36054630216,4.396505232946795,0.9581132873906194,0,1,0
70621.93921331299,1.5045953658270939,0.07669774261815317,0,1,0
297598.95053869183,3.9567076200981823,0.04786356741705488,0,2,0
1495.1815007736363,607.3253533385292,1462.2781721733672,0,16,1
112527.75147216272,1.213471992278673,0.038821527268177114,0,1,0
3072.2694951913745,1.366561793268598,1.6012991254403302,0,1,0
51290.403997684196,0.07823658971032987,0.005491314183641532,0,1,0
89704.60644412885,2.301930878375203,0.09238044165894793,0,2,0
6603.79080097984,4.993964254277691,2.7224168446905,0,1,0
119541.5429397846,20.00317059076689,0.6023965590191048,0,1,0
168181.92422878402,2.255956402769198,0.0482896309291908,0,2,0
51029.92750513136,0.17532474509359353,0.012368606290366941,0,1,0
142061.67343223144,0.39894561817000185,0.010109723408946947,0,2,0
522216.3168741354,0.06208044584711747,0.0004279636576416826,0,1,0
142515.15763270075,1.9975323763028214,0.05045860857287592,0,1,0
136746.4363785402,2.5574338460441677,0.06732725246508751,0,1,0
40082.80300883177,3.0065418190735205,0.2700297817565262,0,1,0
552.9951324059432,365.9606410581835,2382.4048903966473,0,42,1
27447.272334965972,4.243763502826175,0.5566144578494842,0,2,0
34325.531287826496,8.003222876388072,0.8393636245104545,0,1,0
132127.65019840308,3.7348730234338525,0.10176176496117219,0,1,0
133294.79802510154,4.155694822176913,0.11223619812244724,0,1,0
24100.358210763297,3.0415970070003358,0.45433968779397704,0,1,0
149441.03063894785,44.924022211143324,1.0822093455100024,0,1,0
831.9035148723884,917.0668441575579,3968.537913286302,1,64,1
36636.05783316554,150.11221048032075,14.750603358856557,0,3,0
101043.2198568887,41.04948092701452,1.4625239728757258,0,1,0
89214.80673990445,1.2583221752273537,0.05077587450281714,0,1,0
46984.23719818348,3.7661820715438044,0.2885703007237902,0,1,0
65580.7247035415,68.31776332559251,3.750247486344894,0,1,0
155231.60411302984,0.14890393660460466,0.0034532540898453644,0,3,0
53.9274899093454,1405.7681512057547,93843.88839250812,0,15,1
39639.91300742173,1.0777164255227267,0.09787557129995239,0,1,0
3025.457532716593,2.351620239686032,2.7981992050201234,0,2,0
219.09993020522936,1070.7903415119904,17594.00482616475,0,70,1
18828.23694525488,0.5026517934591795,0.09610812003877457,0,1,0
156739.10389364857,4.711717538356787,0.10821921726433821,0,1,0
11854.486625361624,2.3378548112620874,0.7099655671750167,0,2,0
250625.3265842937,4.049725045764514,0.05817053832286515,0,1,0
107080.10762724507,2.5038974547030075,0.08418025566718174,1,2,0
213128.20975406485,4.150365491027887,0.07010482462617985,0,1,0
81953.71946415154,4.837595939026204,0.2125021962927773,0,1,0
62425.68376928463,0.31121863079390466,0.017947533822758415,0,1,0
74335.34415459156,2.771820204142049,0.13423698845275364,0,1,0
2255.272595210024,2.5611152872376945,4.088204261266731,0,1,0
168059.82062552628,1.4592598295829484,0.03125872303650844,0,1,0
89523.14310972058,0.22440508236359014,0.009024016231409616,0,1,0
3108.0693997182834,4.793453269558777,5.552138498572691,0,2,0
37238.295388713625,1.8535532851889203,0.17919165625133682,0,1,0
45331.754791673244,2.102455009651511,0.16696547639792053,0,3,0
23883.63792866599,4.190879603428693,0.6316946613160276,0,4,0
17299.84691218712,4.587129264022506,0.954555576954137,0,1,0
20040.121154655215,0.020507252150835376,0.0036839152404953366,0,1,0
705.1517553188071,454.7106204517086,2321.4268719873835,0,74,1
86270.49921948696,4.713860005526383,0.19670566617124413,0,2,0
60225.033825474165,3.478931532117135,0.2079559399155403,0,1,0
101998.20299984774,2.79754316718664,0.09873855720661018,0,1,0
19714.100710206847,1.150363105518517,0.21006827756147792,0,1,0
12121.793134409445,4.811308325689495,1.4288900809002314,0,1,0
890.4451909050622,1130.6366226554537,4571.075101683155,1,59,1
146766.4861407259,36.865352917554304,0.9042614154837944,0,2,0
1073.8231417173536,1111.9530304767845,3727.8307332010195,1,26,1
44.844008269194475,760.9255050103,61085.79325900401,1,17,1
69216.06517787091,2.8037159800770857,0.1458242028398989,0,1,0
62642.71297672598,3.9495600085142266,0.22697637690011715,0,1,0
258488.20856288887,3.6016145823928,0.050160170046826574,0,1,0
33422.40937286307,2.557680971173959,0.27549334919290097,0,1,0
189929.1221569082,199.55605577951718,3.7824731281217674,0,1,0
152355.30769154488,1.0404259524063257,0.02458420048119292,0,1,0
101829.05144262838,2.212456568340187,0.07821779279277834,0,1,0
887.7624665210267,262.2014528477855,1063.2632780152244,0,20,1
51437.13482809593,10.822652088762052,0.7574595212146588,0,1,0
92968.91650865287,4.02102412387807,0.15570458804490597,0,1,0
343.87671698517846,1207.8958173535173,12645.302015780511,0,64,1
155.44945677109288,482.4853549976133,11173.71082582263,1,71,1
78155.29313606968,1.941925223233703,0.08944923015604334,0,2,0
320151.18444134056,1.3095494593769468,0.014725474347326042,0,1,0
116547.53054655532,37.406548018942026,1.1554390919883064,0,1,0
456198.30004589463,0.5809038750594547,0.00458408974782162,0,1,0
46944.79030783307,0.2296002804563152,0.01760708705316801,0,1,0
112686.38161773935,4.791546813514675,0.1530758932979827,0,1,0
1055.6333334943863,4.639845308935223,15.823148608688408,0,1,0
35356.586971494595,0.9002494998339272,0.09166320838646091,0,1,0
14914.06205574618,36.014861727257774,8.693372853988782,0,1,0
117021.63652664592,0.6614185400480271,0.020347576865674045,1,1,0
559.9436448688875,1439.1322829171027,9252.495793062688,0,63,1
208236.9852099077,3.692855193174469,0.06384206284021615,0,1,0
13526.266389144586,4.206783856525993,1.1196306096446267,0,1,0
6491.382723135519,3.629371717476424,2.0127819819263424,0,1,0
16716.21882281589,3.9801857743178113,0.8571716450604839,0,3,0
31870.316845768142,1.2183050627092245,0.13761702611800622,1,1,0
785.6986021274275,134.30263886882622,615.3625558434687,1,45,1
142690.3653505215,0.7397736938698535,0.018664086333995356,0,1,0
53186.8783425548,0.9584963558081722,0.06487665733426973,0,3,0
19087.031816596176,202.5292416229222,38.198986455744404,0,1,0
12747.09409483972,4.833074961321071,1.3649440202845404,0,2,0
236811.43858744492,0.7105347991629118,0.010801527545477682,0,3,0
943.1835783601612,219.76091987179535,838.7967408359195,1,56,1
77910.96485063956,1.7297475893160148,0.07992573745525289,0,1,0
10000.5995534842,3.5034966055102794,1.261183163307723,0,2,0
7354.203812805631,0.5444080801558288,0.26649643366537223,1,1,0
391881.20983151277,4.57978297732839,0.04207198075526712,0,3,0
82474.74230062711,3.2424879877360206,0.14153371602303166,0,1,0
12130.999527581462,1.5538084768621068,0.46110879025141577,0,1,0
84766.74377452646,1.5759967332717455,0.06693177049326829,0,1,0
1220.9895569787122,1278.2179109769913,3768.7336908135376,0,49,1
255.8068437861247,652.1429540210636,9177.685005326555,0,31,1
15471.48763120856,4.222055744713317,0.982413652990177,0,2,0
27291.566613682262,99.08053009878127,13.06960180793692,0,2,0
69775.80954897184,2.0478068014672193,0.10565415912670867,0,1,0
8876.851447914854,0.8050916641211819,0.32650428001890963,0,3,0
530.6097884771038,379.3067701960985,2573.462462170309,1,77,1
93635.87704611533,61.47111046974886,2.3633675966115892,0,1,0
21270.73921285471,54.94402542789902,9.29908874163148,0,1,0
52909.75535258597,56.90174162588064,3.871616273560381,0,1,0
52406.81224749504,3.4222452423159853,0.23508552312159428,0,2,0
20021.090880977128,1.403759753731706,0.2524105775992314,0,1,0
800.3019247899169,3.884731941962606,17.47469868292085,0,1,0
650.5257695191062,839.7049708293962,4646.9149058007315,1,43,1
6843.570192840424,3.491566619702801,1.8367079575044225,0,1,0
1708.1061955639063,1328.7495505208778,2800.4689604769906,0,52,1
87307.2117819831,3.751944635453508,0.15470658622521674,1,3,0
138083.28581077364,2.6159560600666953,0.06820117120580084,0,2,0
321717.32555167936,37.51469009547002,0.41978741465696334,0,1,0
89678.64060498608,3.397540113682777,0.13638860186488994,0,3,0
36208.62854023779,2.934398958983795,0.29174914041834865,0,1,0
49613.787557793745,1.8716807684836978,0.1358100459210525,0,2,0
46439.34523713705,3.7055352081484036,0.2872548413681435,0,1,0
343245.02596043353,4.873046054316208,0.05110916246040681,0,1,0
45204.53326727746,4.519880859382886,0.35995440982811816,0,2,0
122105.967365866,2.60770724596757,0.0768819598910736,0,1,0
1125.4529079880426,957.786767137485,3063.6842618843534,1,29,1
82089.30752642539,112.46228535023431,4.931997107303086,1,1,0
144314.68883460236,4.945196208778978,0.12336032108282358,0,1,0
416766.91092591564,1.6196778303901689,0.013990650496821943,0,1,0
59280.55742116785,1.7472382039181418,0.1061065854933959,0,1,0
53530.004040141175,0.817631043040602,0.05498732547710834,0,1,0
529.1964437664943,353.0710216780267,2401.8598254257054,0,29,1
3200.3137465865234,3.84240614643653,4.322283132997669,0,2,0
181391.5263371122,1.4006705938768986,0.02779850988510686,0,1,0
17596.987660856663,1.857706122247943,0.3800503909523694,0,1,0
85927.14553475808,3.153435941561582,0.13211621681334204,0,3,0
3437.2079851991707,2.4300172411911336,2.545106989730553,0,1,0
237884.2296702814,2.428920571776162,0.03675785515716587,0,2,0
1349.7002308728029,1005.2966263975162,2681.386408810745,0,67,1
22386.136197413576,61.42535382148563,9.87804558175149,0,1,0
61407.56174983366,0.6817689755537876,0.03996850293441725,0,1,0
1736.5069512396674,736.1401446726021,1526.112244428101,0,31,1
721.0692387686483,789.4480404564725,3941.387030316998,0,27,1
106560.99492154788,4.504367962685884,0.1521731725347299,0,1,0
178756.80463542324,0.8082016783538715,0.016276449156763302,1,1,0
149917.66332185993,1.9409050052283954,0.0466073033957393,0,3,0
1250.8495172839425,770.3809625597828,2217.1903389603845,1,67,1
53.677366818713324,4.671872701912506,313.330230666635,0,1,0
44348.08691520915,0.6853134798708976,0.055631002353094317,0,3,0
32933.034395613955,2.8911489308475686,0.3160393915125358,0,1,0
163206.19612525182,2.788698701655559,0.0615130771031229,0,1,0
537.1728430531138,1173.8005292702578,7866.521846777551,1,53,1
256153.91477835103,3.824447643055719,0.05374897950286645,0,1,0
104593.57603139506,12.961573760632895,0.4461236273657222,0,1,0
80395.96699706838,0.41651291555898196,0.01865076759468559,0,1,0
27878.346541972005,10.077148573076942,1.3012871767147078,0,2,0
77211.85060462954,1.0225216934639791,0.04767504039398858,0,1,0
123132.27912850755,1.883838701022058,0.05507750990787341,0,1,0
173720.38167148075,39.51365191244089,0.8188397096305707,0,1,0
91935.07026647532,3.7825736202452975,0.1481182860187435,0,1,0
515041.5322586405,4.8687965362150685,0.034031561403425434,0,1,0
178540.3156480217,80.05194757392209,1.6141284965254443,0,1,0
10969.317896670158,2.529165898283012,0.8300422432449288,0,1,0
84182.86522643876,3.1520801420955924,0.1347957031519557,1,2,0
27.687921907899,333.92244894335806,43416.79452126524,0,16,1
75642.41112264054,2.3043510261690714,0.10966947736182991,0,1,0
10425.20124519757,1.065614000527792,0.3679747097128916,0,2,0
24536.468772480628,28.197557433320103,4.137156316226087,0,1,0
143199.15742723914,1.581461743628122,0.03975765206547419,0,1,0
25227.03328442003,2.0496396667553625,0.2924918961785459,0,1,0
59899.984175150865,0.8703206870365421,0.05230643240522459,0,1,0
1400.3140824247337,198.45929592102823,510.2094410695203,1,34,1
807.0915577141619,1054.6259590464788,4704.117415526157,0,78,1
15378.904174029109,2.1221694442878953,0.49677206600571944,1,1,0
239527.6422455015,2.50693884002442,0.037678239302492894,0,2,0
1253.886967315988,932.5642734289785,2677.4593498891336,1,58,1
67352.62594617855,54.618504789119626,2.9193608189524025,0,1,0
109598.18918351721,4.717517678166195,0.15495752044735822,0,2,0
6597.579228832963,0.4135173412398537,0.22563767358149645,0,1,0
202691.61255415465,26.263553830481694,0.4664662370500052,0,1,0
110626.12650541478,4.041064152582515,0.13150447736760434,0,1,0
3402.3537959674386,1.3793993985850523,1.459530117294631,0,1,0
62090.88387311533,3.090363398608309,0.17917780422847307,0,1,0
90911.25917521205,4.1864288892488055,0.1657786300401943,0,2,0
5675.720885533242,0.8874091749550589,0.5628664788610492,1,3,0
45404.29864126608,3.936629187286976,0.3121260651156253,0,1,0
968.2691426046573,1489.671364285542,5538.560174500552,0,29,1
3875.9325790189196,24.474037144691852,22.73169925550983,0,1,0
98197.47211709192,1.8080817064091619,0.06628576075065817,1,2,0
79018.2976423368,3.02354896943696,0.13775007327089214,0,1,0
25124.80100589544,31.47324123134321,4.509634460637092,0,4,0
22060.03017217223,2.7082075391652656,0.4419552949339836,0,1,0
1728.4231102593108,285.4427923709345,594.5269109374481,0,8,1
57012.2232193042,13.41158567651923,0.8468659124157986,1,1,0
27222.3292193266,53.76940847354825,7.110701988254114,0,1,0
22749.604870451574,0.9962093929230909,0.1576446639379341,0,1,0
4537.06234357185,7.556682567029255,5.9959628458375205,0,1,0
934.3854418129348,1021.537296825237,3935.7786455186447,0,71,1
233094.00861106455,3.345477224276286,0.051668929970184296,0,4,0
18424.39316191697,3.5019256657164672,0.6842522456933714,0,2,0
280.8992930568934,636.365370658777,8155.646493234836,1,28,1
18194.99989919535,0.1645539847746963,0.032558084554598125,0,2,0
1593.5158538314147,335.8069668171937,758.6401337867034,1,13,1
1247.163142929332,1248.2103849539608,3603.022917498835,0,28,1
30686.272958947247,1.3647743382023558,0.16011027550010548,0,1,0
76483.59560518793,4.927873149521731,0.23194965139785992,0,1,0
309094.7516016758,1.0764914866072306,0.012537803801923304,0,2,0
6431.294412670119,4.176811770894463,2.3380242623626466,0,4,0
155325.52710585392,3.7561509445404107,0.08705680033604635,0,2,0
7430.07211636552,3.8757303886429733,1.8778592159802272,0,1,0
1716.6554962189325,202.15519325650934,423.9398629057367,0,30,1
46766.64688843927,1.6670900072300827,0.12832914962547545,0,1,0
31234.964779341233,22.69242482573321,2.6154256920011325,0,3,0
47268.81135076369,2.623442060467387,0.1998017540064503,0,1,0
74309.9740819512,2.85949483830185,0.13853027867475687,0,1,0
6902.245916173966,3.042455432818084,1.5868515395082372,0,1,0
86818.44578188976,144.2551016753325,5.9816593277407675,0,3,0
28439.376421859997,2.1905239482378813,0.27728759226924776,0,3,0
52979.03512492073,0.9651808110716054,0.06558539451812975,0,1,0
60448.20394169908,1.1482233899507337,0.06838258102439915,0,3,0
895.9443903793334,1466.6256129132953,5893.057943308769,0,15,1
139411.57958131455,4.986722746417492,0.12877123938354054,0,1,0
83812.64516614763,3.0560716559941503,0.13126728001209356,0,1,0
96849.40167685591,0.8505344100603801,0.031615310195035266,0,1,0
16507.311384182412,1.4360628556368078,0.3131840285781683,0,1,0
23641.733494734166,0.5183456774111839,0.07893010210507173,0,1,0
61215.10077250195,3.366957395149176,0.1980074600805338,0,3,0
711.0464219727105,1098.276943568647,5560.5328634912585,1,11,1
38154.79100742834,3.090162420905686,0.29156455641690265,0,1,0
25088.233392931386,67.46808230199036,9.68123552117457,0,1,0
263.398309592249,113.40169289964734,900.0,0,1,0
17619.27491841928,3.31722196819483,0.6777803933927589,0,1,0
273761.9848624352,4.07398086329988,0.053573293294353376,0,1,0
11084.864871008534,2.917647744329566,0.9475561499227184,0,1,0
57578.360340279316,38.542377040936294,2.409803900760012,0,2,0
1031.8670244164637,1305.0922254753211,4553.2339928859865,0,16,1
7643.856353972473,1.1556593031280142,0.5442767758317077,0,1,0
88388.73606806618,0.8241094149511313,0.03356529378969071,0,1,0
3231.023080575739,4.958365264158391,5.524601497984185,0,2,0
293221.72200192267,2.3521612383162065,0.028878421421598566,0,1,0
193888.9604534241,1.8580254965042813,0.03449856955121596,0,2,0
28345.62303341053,0.5374966049612118,0.0682640764529897,0,1,0
20265.59725253423,3.485706752461995,0.6192042678285229,0,1,0
1745.9890973904828,1409.3565204744432,2905.9078784002786,0,28,1
39896.25689665603,0.6360205966889043,0.057390700937459835,0,1,0
1694.4738629783556,310.3051266000448,659.2597738844146,0,67,1
4945.05809536507,1.656965438482581,1.2062700707456337,0,1,0
28297.925642323768,37.48741312216798,4.769066430719567,0,1,0
1670.7558628749373,757.3961476561796,1631.971607671291,0,39,1
1422.8473129388888,676.160996453989,1710.780605268577,0,21,1
141021.2716104574,0.5516738691260148,0.014083165654183338,0,1,0
150356.44679950573,1.4491773118982016,0.03469780268078718,0,1,0
18950.21524709508,3.1620044756759826,0.6006905971254599,0,3,0
94188.52863044872,2.406217276884183,0.09196854779173962,0,2,0
298531.602902521,3.6088513865890475,0.04351922833430397,1,1,0
7292.546842944754,70.87018726483731,34.98540080002982,0,1,0
79700.22527927335,0.8629289702463605,0.03897786087807682,0,1,0
45541.57694916515,3.8595312170004457,0.30509071736165055,0,1,0
131071.08563616325,61.298930333085636,1.6836371510012311,0,1,0
704.2434694715204,223.6876715565142,1143.4619595517831,0,24,1
28690.194293973465,4.812643532932777,0.6038828646830502,0,2,0
137168.10285922207,2.8769085180497096,0.07550494939489237,0,1,0
6751.230814377793,0.43083346700707514,0.22973595835627106,0,1,0
269970.6942731016,3.981728877398245,0.053095481334478556,0,3,0
227078.24031380092,0.8918750096804523,0.014139399840392771,0,1,0
112864.31885170999,163.8756697489966,5.227094063904408,0,3,0
108494.89998864966,69.4136928505081,2.3032353989724093,0,1,0
469713.11493412143,4.636311628968187,0.035533863827980176,0,1,0
28567.48830527237,3.588611273717457,0.4522273868577566,0,1,0
115081.63996304022,3.0407147119157503,0.09512006403812387,0,1,0
178126.9872966056,0.28307486567361706,0.005721028193937466,0,1,0
140364.16266240683,4.254029789837245,0.10910553629167698,0,1,0
36506.37571381591,3.152132323568286,0.31084094608031104,0,1,0
169747.5286471038,4.087972734757731,0.08669759119570501,1,2,0
1704.7907190949377,967.3532584704693,2042.7561526980337,0,35,1
16635.828617294268,3.755164807688043,0.8126191738729083,0,2,0
124039.74927754406,105.29284535790893,3.0559094604449952,0,1,0
184378.31768006322,1.6554714600017788,0.03232320009746365,0,1,0
181390.139417837,134.72791856119838,2.6739077900097787,0,2,0
33984.34801910895,7.305233725606236,0.7738515800684174,0,1,0
163989.65572020403,3.352567993093838,0.07359759810539591,0,1,0
206054.52944538862,1.5173934900690949,0.02651053863728105,0,4,0
4398.676021340374,4.669467190749317,3.8216230986648423,0,1,0
15136.061081993941,0.6383331749115267,0.1518228168631816,0,1,0
91.11924255332235,1119.0019054127551,44210.275970287206,1,26,1
55535.97918137718,0.3551382900064054,0.023021073237001227,0,1,0
89099.55996842193,0.8153293368003178,0.03294276215866176,0,1,0
73943.86701448048,0.4269884606754054,0.02078818055499365,0,1,0
94179.58810394438,0.44624875818292,0.01705778886700429,0,1,0
46098.494665302125,20.541185890925654,1.6041363117002705,0,1,0
28236.064088861003,2.691263731723828,0.34312676879168397,0,1,0
50295.15399075017,36.285330982653704,2.5972122793694417,0,1,0
191.31968570699632,155.6979117025653,2929.7167202524724,1,47,1
17069.515563633147,38.29737670873494,8.077004624851863,0,2,0
14086.021658339045,2.9657799776356715,0.7579718517021913,0,1,0
81654.7187347507,3.666097847907051,0.16163122544501016,0,2,0
15485.115985069866,2.0951570854206376,0.4870848571484087,0,4,0
180278.3028289043,0.06321300700009247,0.0012623084510414349,0,1,0
1347.8800481359947,44.29953128294072,118.31788209873108,0,2,0
7077.297423049713,4.132496811505039,2.1020719678907356,0,1,0
62143.81641734753,3.9099714275553015,0.2265051931260176,0,1,0
1078.6894895446453,946.7074626347874,3159.5254227645614,0,5,1
83493.59982296613,3.1109882314006656,0.1341367201412939,0,2,0
8485.309129588908,20.25114205103411,8.591803818849769,0,1,0
127838.04325875115,0.44642949458967907,0.01257173639047254,0,1,0
47692.11704184965,3.2771375055155207,0.24737201348188095,0,1,0
16185.62098880492,3.054758847181387,0.6794383643024484,0,2,0
165891.58865439863,99.78094665730264,2.165338284357704,0,2,0
53880.51399796403,3.4120308097765886,0.22797315771077953,0,1,0
24510.387839950836,3.2745265105891552,0.4809509957613386,0,2,0
16994.954096634254,2.1616694993933265,0.4579012190069495,0,2,0
252368.7716804688,16.04969442354628,0.22894631352377504,0,1,0
1351.799780347454,888.6212911769983,2366.501825747407,1,76,1
9553.713224867526,4.060522694320449,1.5300733186657183,0,1,0
2323.4878784628786,2.011852697706872,3.1171540763690935,0,1,0
1462.1345922762898,527.2845784728,1298.2556411218436,1,55,1
23571.555954509102,1.8592465135197944,0.2839561148016142,0,1,0
20071.71701533933,1.6850890608039382,0.30223227112349865,0,3,0
11651.521017372112,0.3914863349345238,0.12095852581503999,1,2,0
4357.453943578575,0.6829446918821197,0.5642287727214613,0,2,0
9579.746789944786,0.6669061831887141,0.25061855100381086,0,1,0
9026.282119038415,4.949337420189467,1.9739705094194666,0,1,0
920.6418725202668,1093.3309940906327,4275.268914232045,1,63,1
42209.609328050756,0.5269673697543165,0.04494432811191211,0,1,0
869.4593352849155,337.0531700590633,1395.570054826093,1,9,1
46859.20863925424,1.619695600803579,0.12443454194419112,0,1,0
148005.684458518,0.7649789333908724,0.018606881014620703,0,1,0
17827.251114940733,206.2577437548172,41.651282787790045,0,2,0
141685.79318641505,1.4716087211561795,0.03739112635796856,0,1,0
149331.2183167698,1.6273449433831133,0.03923119266161715,1,1,0
34368.814924801896,0.5200514886407037,0.05447337544814472,0,1,0
24323.969785415193,5.478575594441457,0.8108410063810886,0,2,0
271534.80186525994,1.2872099756121607,0.01706579002165337,0,1,0
40269.984489380535,3.721176292186194,0.33266053666851986,0,1,0
28071.063478939242,48.8755228980395,6.268087511716572,1,1,0
115538.03770041694,0.1322725274021208,0.00412142276366458,0,1,0
193512.41923424785,1.6086825815648114,0.02992705748060011,0,1,0
8291.726016695588,3.0525658204608,1.3253256235832913,0,1,0
158525.25923454476,130.82413932666162,2.9709265504443465,1,1,0
1636.3688991238587,368.90653173526965,811.5917596319753,0,29,1
62034.94997952592,4.356438178673331,0.2528119624244089,0,1,0
1715.5727405403343,1304.9145164905117,2738.2646904766416,1,35,1
1071.989448774729,193.28355877383922,649.0929667088943,1,33,1
68054.19983587025,1.2676933125958767,0.06705972498907711,0,1,0
1206.6340042047536,1320.9893036515623,3941.179741805663,0,41,1
2720.172557468494,4.331707179251953,5.732778166036494,0,1,0
14501.465705702589,4.796619522541069,1.1907644807488258,0,1,0
151847.21289993133,3.2820656711483647,0.07781134859498931,0,1,0
15737.671920106492,1.2051486616796288,0.2756783343858973,0,1,0
47176.220111414455,0.0030581757779352126,0.00023336826847437475,0,1,0
341353.26915931655,4.593822718471131,0.048447644363345935,0,1,0
136144.80731945296,19.61894827205163,0.5187727330184718,0,2,0
12637.792505562596,1.8285026509753677,0.5208670375474158,0,1,0
4685.600294773657,20.846722537590498,16.01677403406239,0,1,0
51.82210028151114,285.2649537322021,19816.90876782776,0,46,1
1510.71761779517,1451.4287844601565,3458.716283247192,1,18,1
1164.1988616367134,623.5637307556177,1928.2181976748227,0,55,1
2261.436029305413,2.4960575176663333,3.973496020738088,0,1,0
122937.29552514669,2.7288874270280528,0.07991061374285317,0,3,0
134786.28462183953,1.3052016665349826,0.034860564728145936,0,1,0
28539.036685148218,2.7839473845942333,0.35117550375324413,0,3,0
15662.136306524942,29.99778068865978,6.895100921461466,0,3,0
100673.89195644017,3.784973797448278,0.13534696440174868,1,1,0
23730.579261769326,0.23230738610954815,0.0352417267513435,0,1,0
727.6609607268905,1.3666479156233147,6.761297859554276,1,2,0
17902.095845700966,2.2142915478970955,0.44528024210884887,0,2,0
361.6186566136625,463.47452071651816,4613.999427474303,1,34,1
56817.54511373906,2.9349274150339473,0.18595908487371987,0,1,0
11874.925925400781,31.168484848105532,9.449031190431862,0,1,0
9205.604786854912,1.3622322055441582,0.532722841519512,1,1,0
23401.172782162434,1.1371086436176463,0.17493102397602356,0,1,0
260129.81255078167,15.81058964380363,0.21880661105147917,0,1,0
25067.038053406,0.21801691793106315,0.03131047644638589,0,1,0
52548.34263331117,1.4561165928913806,0.09975613828562456,0,1,0
1610.1623299743003,992.2967992548267,2218.576606108027,1,46,1
219648.73507624652,50.878126192728224,0.8338825817969813,0,1,0
73103.46109189611,4.234992998786343,0.20855339224589636,0,1,0
39021.96287780282,1.734036996589519,0.15997486357287424,0,2,0
403965.3910120013,2.524912179278619,0.022501145017972558,0,1,0
1538.5440284706372,215.06409690858413,503.2230047004332,1,76,1
2939.4245966364942,2.7663220101636528,3.387996156793644,0,1,0
106248.33542037215,1.807777479351308,0.06125271421821126,0,1,0
132879.6713530708,4.772506801886375,0.1292976142388232,0,2,0
319915.26761002134,4.240473319005607,0.04771796001630398,0,1,0
52286.03314100138,41.78057141635772,2.8766775382112524,0,2,0
25235.534454060322,26.794179242322123,3.8223500060185835,0,1,0
17217.47130025345,2.4572707178402595,0.5137905810881017,0,1,0
1077.9781712881052,591.0351750531804,1973.812352479245,1,11,1
147772.1113507478,3.9434321461571202,0.09606924876690404,0,1,0
311.48606783042925,929.5534110219231,10743.312864640466,1,19,1
1127.429485178673,1052.6480317848964,3361.215015434041,1,65,1
17335.796565825243,3.0218073748060235,0.6275169709101758,0,1,0
588018.9053984339,1.9092881261091628,0.011689143309662187,0,2,0
17230.928796382035,14.496189418374547,3.028640099604258,0,2,0
78490.2517749252,2.6199658373233357,0.12016622193301657,0,2,0
46547.27171814971,0.46426448844547036,0.03590655470687877,0,1,0
19008.846723629915,2.2483992544257863,0.425814223956621,0,1,0
78804.40413643805,1.2204000523124292,0.05575120117294662,0,1,0
107005.9812803058,2.8150238199034856,0.09470578775504115,0,2,0
109973.75029764089,4.772480142273898,0.15622754035109587,0,2,0
88125.53428621395,0.15761092653556463,0.006438534984482864,1,1,0
47506.03092921076,0.8385138799486347,0.06354245784736694,0,1,0
2310.6785772665817,4.6670666022477745,7.271214583192813,0,1,0
640.4670917376932,102.51276964407745,576.2137906529998,1,12,1
89340.80388934576,4.450239549369704,0.17932301569139436,0,1,0
185962.53181024644,2.946058617263102,0.057031977995272654,0,2,0
160152.10139082838,74.77454204752571,1.680829343064171,0,1,0
108366.79288790045,0.3322081590895015,0.011036124082396256,0,1,0
47635.58678565024,0.36355607172295856,0.027475296233716487,0,1,0
432.80939667580014,276.86789506280684,2302.917704378563,1,69,1
57566.536307125534,1.3004621726744774,0.0813261335830731,0,2,0
35172.6890925962,0.8283158373820637,0.08477989859476291,0,1,0
35775.61844769838,0.4983196103838794,0.050144502742967376,0,2,0
52925.635458120494,4.410272021393842,0.2999865592465323,0,1,0
34281.1334920433,1.055790187159635,0.11087278297425222,0,1,0
1287.1229577735335,218.28004628750023,610.5152284707069,0,10,1
6803.260229039559,4.725807285889484,2.5006990261202926,0,2,0
115965.89482695646,6.698224840497945,0.20793707892975577,0,1,0
62902.21355533451,23.636784088515324,1.3527731046189675,0,1,0
40123.322986947285,0.716479957154672,0.0642850006864066,0,1,0
1156.0008213447604,959.8701468582615,2989.2128663628164,0,24,1
75086.88329640734,3.494512859470715,0.16754252862558883,0,3,0
1345.3892856664338,1013.334362531973,2711.4856227713135,0,37,1
168856.74233230847,34.63958796133845,0.7385107336454771,0,1,0
14429.096607683558,3.2909870410668334,0.8210876723586233,0,1,0
3465.3188789542623,4.4723902779341,4.646211665640847,0,2,0
50531.112654463956,0.15699814906370568,0.011185056234446697,0,1,0
113955.41543643571,3.5804674124498077,0.11311162910032273,0,1,0
89627.85907505089,3.5470138485966562,0.14246965158740976,0,2,0
113406.43780298784,69.15839569584281,2.1953799918973798,0,1,0
1112.8230120077578,1033.2541657654442,3342.5935271094736,1,43,1
2854.0332758825975,52.148726517123244,65.77898619755487,0,1,0
104.65333703088643,1445.7988522088538,49734.44722948255,1,46,1
13682.148737285,0.9789190343020243,0.25756981532321727,0,1,0
278406.2744003244,1.2467615545335098,0.016121553316240225,0,1,0
22851.870325693144,3.305135291171836,0.5206789150575886,0,2,0
150274.44817989823,0.45708274557258843,0.010949951265776345,0,2,0
20292.5504623902,4.590237849407242,0.8143311649510446,0,1,0
5813.603627971886,2.71016672548601,1.6782362259453332,0,1,0
35608.22847746538,2.3745114591548133,0.24006364872566102,0,2,0
668.2125710478097,1389.601598686344,7486.488539756778,1,32,1
1738.2585193234029,708.9371853681582,1468.2360759081876,0,5,1
25207.070822954378,2.869726611003347,0.40984594648753436,0,2,0
535.9143756423498,1043.4070878346547,7009.077731311979,0,69,1
9751.897786362977,0.3730952778435409,0.13773144773061446,0,3,0
12548.837993187894,1.4790668137567986,0.4243134330377795,0,1,0
72828.5913251327,2.2746753589872233,0.1124397869484548,0,1,0
8773.096579890424,1.550109231080512,0.6360802233365522,0,1,0
228249.10024024476,18.577103350424938,0.29300256601729185,0,1,0
1701.2557267850332,1089.7419686883668,2305.9855291078356,1,40,1
58657.96550511431,3.728756649921385,0.22884400821141002,0,1,0
46055.30805508446,0.1906580704573635,0.01490314759865631,0,3,0
54089.04080563979,2.6633886329562495,0.17726694605467566,0,1,0
78.98161489515434,1040.6414466324936,47432.674209689016,1,60,1
1536.5086043743963,816.2819998385891,1912.5276559159945,0,79,1
142450.62573311836,2.4429057248752257,0.0617369040275559,0,1,0
113675.81664093508,2.0205809077307997,0.06398978677063184,0,1,0
48562.65081810463,2.7238980768504986,0.20192540793110927,0,1,0
564.5470644844817,818.0034531808002,5216.239028963772,1,72,1
37791.2755655345,1.6622385912381916,0.15834498409772993,0,1,0
371004.4736984662,3.1064851710839454,0.030143427933409413,1,1,0
26712.454282301453,2.6114473665558595,0.3519410990936142,0,1,0
160642.17272074718,0.7467422515973671,0.016734535273148273,0,1,0
60979.533437130514,2.9337739834569403,0.17319887091845182,0,2,0
128495.95405549604,19.092702484381586,0.5349096743862327,0,1,0
15853.399339297725,0.5802672969228445,0.13176746666212327,0,3,0
40879.53048665249,50.29062469656442,4.42877515353913,0,1,0
90271.64752538325,1.6243743354964435,0.06477944923009059,0,1,0
408.99513376648736,436.76880979225916,3844.4655826879944,1,47,1
59252.07430420781,2.3853858577960674,0.14492976303204302,0,2,0
133606.5969553563,4.585493842915035,0.12355511038133907,0,2,0
10690.010462431612,3.850558261151427,1.296725554091928,0,1,0
708.7966409761198,1307.9797333324173,6643.269405893453,1,74,1
183305.69459572388,25.304550815064925,0.4969642821798009,0,1,0
7654.93852959112,15.211704693947764,7.153831044693838,0,1,0
1742.6511223804891,1350.0866100310527,2789.03317691755,1,41,1
45647.60008067572,2.5188672186231704,0.19865057464175848,0,2,0
5993.022055747991,1.8327546908329513,1.1009331895701053,0,2,0
5799.529257790572,4.920883214474411,3.054589223480661,0,1,0
2870.8490580862845,120.15837617548219,150.67673203274865,0,1,0
297015.39224514645,1.362655845201034,0.016516184584382882,0,2,0
36.69851506088163,521.7064370234834,51177.63403147954,0,34,1
73.29817813192221,978.1481362019283,48041.21166544193,0,24,1
1324.788394878665,1297.4645939993393,3525.74989066493,0,79,1
163395.1820070449,1.13169139218743,0.024933960486662885,0,1,0
130.5027384233406,222.56564076472256,6139.612980026932,0,44,1
213078.5879697602,1.2944437098525223,0.02186985280815931,0,1,0
39477.57845062443,3.5594862515334276,0.3245931237030485,0,2,0
141655.89368208346,84.11879045837833,2.1377694762901585,0,1,0
65794.54915614493,3.6081481800235,0.19742263781241295,0,1,0
23004.684550161594,3.6350622734986198,0.5688504076663423,0,2,0
104785.90687379483,43.17384432743497,1.4832704532104906,0,1,0
3836.695457780433,0.6536736972892498,0.613346911720396,0,2,0
759.9740496210143,1343.023350632343,6361.90678443232,1,38,1
75721.38446072444,4.9972953359320105,0.23758497467365405,0,2,0
1704.1685755140716,282.64409008108976,597.0763332406732,0,71,1
88855.2543102082,142.3582405894265,5.767691174826311,0,1,0
120271.13693269093,0.9325029170240196,0.027912021012699018,0,1,0
91011.53812337724,37.760544665717575,1.4936343632859252,0,2,0
62243.15559931783,0.9224520592682517,0.053352491232017504,0,4,0
1404.3428855149743,850.1909487242435,2179.4445266726425,1,7,1
62509.71940777722,3.8041551500972526,0.21908526658089966,0,1,0
74240.39379020866,74.99786834050133,3.6367307909055464,0,3,0
198298.84231677873,3.886142600008289,0.0705506557505812,0,4,0
90221.76455734124,0.31488953993316526,0.012564621733139835,0,1,0
189013.19057108162,3.050915054184085,0.05810861221842743,0,1,0
20939.20452504362,3.8683967323962536,0.6650791447196823,0,1,0
67.53058779247593,395.032177734142,21058.839946916018,1,50,1
1025.8234776563609,0.9968236587358159,3.4982287397511347,0,1,0
192363.69581037172,0.4776810381811858,0.008939585664581258,0,1,0
313650.7940124711,22.375986934886146,0.25682559873381744,0,1,0
30516.652640140015,2.8055505438420036,0.33096624577186495,0,1,0
115924.3403270647,89.05135511725202,2.7654664888980243,0,1,0
26045.108847018433,1.7955497148379855,0.24818398768783512,1,1,0
36869.23040336796,1.5670278073727817,0.15300834991192785,0,4,0
123088.49871079471,4.947824041189034,0.14471024291336507,0,1,0
6239.2140947494845,46.500820745376906,26.83077582226779,0,1,0
48335.64084439683,3.2338748054096627,0.24085641766813037,0,4,0
797.9549942848435,461.08494564352037,2080.1997809467207,1,15,1
277817.032194119,0.8142328763954737,0.010550967058691931,0,3,0
32736.16010640006,3.295567608107737,0.36241402017301294,0,1,0
22890.601292085415,2.396761446079166,0.37693816321322704,1,3,0
362796.95863394777,0.039224606203115964,0.0003892220675248082,0,4,0
5206.417068131597,3.804867822658266,2.6308926047073915,0,1,0
168900.1031791639,2.8253689574005265,0.06022097118467992,0,3,0
261339.99549265727,0.6036917635449324,0.00831595005067955,0,1,0
1058.0553020742518,410.8911105987933,1398.0441242114284,1,29,1
869.488145730891,1258.9534390586653,5212.5292367285865,1,55,1
77934.62120433112,33.99117487359824,1.5701395304677916,0,2,0
90052.99713050484,4.757740568383698,0.1901976235322807,0,4,0
10371.96549581748,34.731875347494764,12.055068183692061,0,3,0
37.76780645172332,263.8371945190048,25148.770593349564,0,17,1
44954.099686648864,211.595572340307,16.9449297335464,0,1,0
67825.54973033558,3.936912127079028,0.20896083723366493,0,1,0
1012.152846433115,1265.0367958618567,4499.45132412729,1,68,1
56871.77071922385,0.864554014952611,0.054726526261953456,0,1,0
226177.2559617293,3.540736672992786,0.056356913380056425,0,2,0
97724.24041814546,44.842251549321574,1.651914661979638,0,4,0
38457.7724729626,1.8841778050808284,0.17637631256619815,0,1,0
88380.08028510434,42.033912005411516,1.7121740864155497,0,1,0
306071.4013145627,100.28331741811158,1.1795285059454672,0,3,0
99158.67743090643,40.880692330408955,1.4841917641753577,0,1,0
89736.2611112806,3.844058281191085,0.15421424562281297,1,1,0
209130.93415052356,1.888145400700723,0.032502716396944784,0,1,0
84358.1631879244,1.6481941216386176,0.07033698475251278,0,2,0
17339.89222757089,118.50607563083236,24.603490418046334,0,1,0
3432.7706568780786,0.595500288046778,0.6245104177504457,0,2,0
46006.27600524202,0.25757612969652566,0.020155381991836016,0,4,0
110312.2870588691,2.315723040879768,0.07557275050165778,0,2,0
8489.053450891537,55.35455737421241,23.47451429066409,0,1,0
22318.67524160155,3.8513962608835675,0.6212298171415084,0,1,0
146288.2619246554,4.728692109947263,0.11636813078398496,0,1,0
51713.407237884094,35.59053839172234,2.477615478338434,0,1,0
2220.355834639997,3.911145002360617,6.341380867351443,0,1,0
119729.43860974263,39.49993240970929,1.1876757990860767,0,1,0
9199.097867963072,3.353628700393616,1.3124181843377125,0,1,0
9023.214193535685,3.5863584459366797,1.4308527015374999,0,1,0
2707.1573381819694,0.30901435039517366,0.4109298139906815,0,2,0
29072.388632155504,4.27417075618668,0.5292655831262949,0,1,0
984.5968004994509,713.5067684054962,2608.8083619170966,1,27,1
30810.001226707158,4.520408542706541,0.5281879294323801,0,1,0
18769.366956100606,0.3337512742537846,0.0640141241909653,0,1,0
119218.13577564189,2.2514931312187336,0.06798777064960192,0,1,0
65658.29693787053,2.9765977289144754,0.16320483965997384,0,1,0
13363.400364379937,124.43573286153291,33.52205472310597,0,1,0
90145.63592704803,3.238854942070023,0.1293448947532862,0,4,0
55417.38323961825,0.6516205678006054,0.04233029253544991,0,2,0
30370.306214166776,4.263683728659658,0.5054035779202921,0,1,0
1827.7367216492482,1.1157662552087038,2.1976680071989985,0,1,0
160894.0976759783,4.54191273685632,0.10162514404730685,0,1,0
229966.2157185006,3.3908964670603323,0.05308269844453998,0,1,0
34370.52164471636,0.781306699056778,0.0818347811441141,0,2,0
54161.466106073596,102.65708541712604,6.823402948100978,0,1,0
1058.5807926149482,0.5224119765391733,1.7766080101409036,0,1,0
559.3006522740918,1473.101791396484,9481.781269992984,0,36,1
183896.18925519727,3.613248511804282,0.07073389989851459,0,1,0
129213.80661457722,0.19830652487135225,0.005524978392334812,0,3,0
43439.01425823015,0.8058184394808054,0.06678204907887092,1,1,0
150.58583181805892,1476.5181968028262,35298.57652818517,1,18,1
1080.410972242421,4.461716623171833,14.866731508734244,0,1,0
43597.8722628313,71.78928577562932,5.927844992852917,1,1,0
134205.5080709438,3.3315266156414616,0.08936664365496276,0,2,0
4867.888094620583,3.2454587026927406,2.400147888075994,0,1,0
5834.413934331425,1.1361034704995525,0.7010082828939812,0,1,0
78512.19428463723,4.967417608531247,0.2277697567065918,0,1,0
213818.73924688788,3.9807525401153714,0.06702269967024847,0,2,0
1176.2409999606077,120.12423019069271,367.6518916624879,1,14,1
1754.1218992885604,534.9963100124771,1097.9776928992578,1,26,1
25679.092350031966,3.5117573043255335,0.49231982669964514,0,2,0
40931.35707234219,1.0645864280215283,0.09363264291735825,0,1,0
38119.96215629583,4.507218429246233,0.42565588808189786,0,1,0
1557.3169418856096,1397.0657503656882,3229.5524218896653,1,50,1
1026.3510127609081,124.83972784183103,437.8843247999857,0,65,1
188.40880264236446,583.8688503428766,11156.208371135463,0,27,1
9051.538893092882,4.1509148330884695,1.6509119140527069,0,1,0
35953.22469127343,2.8358227314793534,0.2839512149741492,0,1,0
55166.1858476967,51.86273374812396,3.384425416118225,0,1,0
12135.063547207454,2.523075550497311,0.7484980978019299,0,1,0
43993.84247053877,0.07235320751432517,0.005920636444202387,0,1,0
359.396959840843,347.4612667442902,3480.442797383098,0,36,1
132303.36549653645,0.8431410544254769,0.022942030117980464,0,1,0
3306.8853046614154,2.97006350454042,3.2333230914521436,0,1,0
6365.7738998252,0.9357251573111308,0.5291753397670268,0,1,0
34.57775891798231,514.7104146621862,53588.13152636772,0,34,1
9624.455012647244,27.904699769148728,10.437673513661565,0,3,0
8951.26803919093,3.7999857916548425,1.5282693792726498,0,1,0
9006.193089442382,4.899050869446776,1.9582728190319492,0,2,0
1011.89383480043,0.7801782017642191,2.7756286576299987,0,1,0
126512.63820539955,169.65743081406777,4.827713338323036,0,1,0
769.686306544131,1304.3905729932649,6100.934917057035,0,47,1
78184.7498656224,4.035664143558368,0.18582128793377667,0,2,0
19801.826031434848,63.04590479067688,11.461834726056868,0,1,0
113407.35935190978,4.909040113589135,0.15583243018719736,0,1,0
244521.5788079887,0.06581385715948795,0.0009689528708638289,0,1,0
48188.911478755035,1.8221340566762556,0.1361243157967259,0,1,0
867.6640908368969,0.1249286217425124,0.5183377334876789,0,1,0
33012.46572016144,1.1063499931294047,0.12064715217056438,0,4,0
102962.97485306369,4.22709600850385,0.14779628941695305,0,1,0
1436.97644909336,1152.94755702914,2888.433702531223,0,44,1
32269.12428658101,2.6862613600166934,0.2996840202472291,1,4,0
357159.7737169853,3.511980712702134,0.03539908885636753,0,2,0
814.1856639695557,1213.6010643388186,5366.053499786398,0,52,1
4622.4264092606645,83.67089394523136,65.1638753186794,1,1,0
11649.312689349212,86.33929951408483,26.681529334763646,0,1,0
242362.1578267927,2.0401004564254057,0.03030325240947972,0,1,0
1072.903192241371,458.71741008492415,1539.1721156648543,1,38,1
105215.46668480018,3.854815122426885,0.13189443413590407,0,1,0
112559.50742173611,1.711327963948731,0.05473354327264707,0,1,0
93713.18139938876,1.4692145937983265,0.05644000618368158,0,1,0
44761.48551001851,1.0990035598096188,0.08838877374677621,0,1,0
109248.13522660617,1.0913474142669304,0.035962633899531506,0,1,0
186.54758281692546,1346.9667337990861,25993.79830311451,0,11,1
991.0200899237715,1085.2175523410629,3942.183643046362,1,30,1
33394.83061984021,0.6570268590273187,0.07082822845920052,0,1,0
10801.876914848977,1.4848547867578517,0.4948655936803,0,1,0
61977.94033402366,141.11476732437532,8.196677069774617,0,2,0
50214.87356066448,0.5451158035974657,0.039080391003675136,0,2,0
44600.489959134145,3.227669954400743,0.26052655131119223,0,1,0
1029.2230956187768,707.7056972108164,2475.401611957822,1,76,1
21223.591593229015,8.055531793884033,1.3663999484062062,0,3,0
48372.55190740743,46.67584125085229,3.4737267701879677,1,1,0
6529.182135028873,4.368169113173501,2.4084806461529444,0,1,0
63534.981001540116,0.7805249881870013,0.044225872317567735,0,2,0
49516.22189790657,74.04171142311739,5.383087620715499,0,1,0
70355.52979389465,4.981210493085103,0.2548819947435392,0,2,0
48296.60413630824,3.084420359831974,0.22991084971639753,0,2,0
4431.833367921359,4.829751025562867,3.923230466623187,0,1,0
1192.762860254769,889.3845642550763,2684.3428295833983,0,51,1
958.1891035914458,1000.6874044635806,3759.669821506256,0,76,1
59997.03796667016,3.1017143065860795,0.1861120462298984,0,1,0
133767.42367740476,2.9848014342276397,0.08032811627689691,0,1,0
160457.7352520367,2.657337479787065,0.05961953103854496,0,2,0
20910.420984285687,3.3854098597555407,0.5828421868827467,0,2,0
297916.3142797492,66.71484542706624,0.8061775472688982,0,2,0
103225.26728706,2.1490884907069097,0.07494985258822115,0,1,0
7223.078336795246,4.24568318080561,2.1160589347396783,0,2,0
22098.812444517363,0.1952808940821954,0.03181217182873182,0,2,0
294382.5041674195,3.2434152245211676,0.03966368463811874,0,1,0
9663.414211835117,36.21892510081733,13.492967134043736,0,1,0
51710.270060306335,4.807156561916686,0.3346678252253852,0,1,0
667.5073793281163,1113.2239999290518,6003.838345245663,0,35,1
135053.5370951957,4.454586402824515,0.1187418811464711,0,1,0
53801.345937464255,2.7351407321222387,0.18301599084686657,0,2,0
144341.9664249579,2.7950544629842087,0.06971081464360122,0,3,0
4922.582181855458,1.0551153816942016,0.7716306673558464,0,2,0
51928.805752724795,79.72125328825939,5.526730447150224,0,1,0
121952.39491794747,2.1814467964684714,0.06439568876503267,0,1,0
1690.6787958751493,797.7551308649316,1698.6777607435226,0,7,1
245023.90097393797,3.9649111786241886,0.058254236367599514,0,1,0
114817.93680603782,2.5546528829707382,0.08009855110208736,0,1,0
76150.4134425499,1.6470832868722147,0.07786562888740402,0,1,0
60226.73808754083,86.41793792063186,5.1655558045012775,0,1,0
51368.25031775687,142.0484486423092,9.955067808403477,0,1,0
1277.1812035633932,844.3383610444165,2379.9427139071795,1,61,1
19689.341004998892,4.606987940000982,0.842341883346566,0,1,0
64520.88180195047,4.864674062518511,0.27142881708937255,0,4,0
45750.0588537637,3.2663578291637183,0.2570245477186315,0,1,0
964.9438577956706,1334.7135440768636,4979.531938420995,1,18,1
45763.97912810344,1.3544302751318738,0.10654556451102934,0,1,0
69997.4359633143,5.96757074065457,0.30691488010526324,0,1,0
207652.63610475694,3.7118819143631896,0.0643515783973299,0,1,0
19763.367722993753,13.373292409783803,2.4360146180556352,0,1,0
71604.02887681538,2.4432194854937923,0.12283652590148555,0,1,0
144740.9528749752,75.48978153229261,1.877583421403878,0,1,0
42862.52630980412,2.191663878071769,0.18407664317382197,0,1,0
82285.51012656408,0.3219205296434041,0.01408405811586656,1,1,0
73614.5659471748,1.0401228136662444,0.050865505773483206,0,1,0
302448.5010440592,1.6484744335252588,0.019621548594900864,0,1,0
30569.4082565269,29.954460914022345,3.5275808542174274,0,1,0
206364.37064489644,0.5427767888632423,0.009468671524068616,0,1,0
150946.26983294377,4.715815262302197,0.11247005284116482,0,1,0
17745.18898975234,1.9970015088914739,0.4051354672052801,0,1,0
3050.67095799621,4.6044307891509755,5.433542676077787,0,1,0
855.4812831225726,1355.2768694291055,5703.218558021592,0,74,1
238664.43904662394,3.5864080861285847,0.05409716320385996,0,4,0
237713.7558777284,0.2613818613610286,0.003958436050220448,0,1,0
952.7959906407905,831.3089439902012,3140.9790005014765,1,48,1
88761.64392424971,4.5629210896241155,0.18506322321683685,0,1,0
77717.6457025958,4.631070526992843,0.21451825703744126,0,2,0
446916.3288082171,0.9338420813500442,0.007522283873191853,0,2,0
55842.163900395775,39.2131391074697,2.5279697441289595,0,1,0
5061.86333790647,2.3671893391913725,1.6835463646897855,0,1,0
142252.83538590584,0.855612109902833,0.02165302074502889,0,2,0
96716.1508574568,2.0959985494497464,0.07801793920789934,0,1,0
8584.131754104186,1.2065082112748198,0.5059835618800586,0,1,0
115356.48073027322,0.5008466311866494,0.015630226068423746,0,1,0
52613.95703108456,0.47845058029000576,0.032736980570125265,0,1,0
26493.050616350025,0.2385417072693602,0.0324141662130719,0,1,0
408626.02087841905,47.6169753872871,0.41950610738330224,0,2,0
45264.69394311799,14.559040000145787,1.157912258644435,0,1,0
286022.4798952327,3.4141863301444952,0.04297239431328014,0,3,0
113.0456957550489,0.14721257372415752,4.688062308496142,0,1,0
24743.612857168766,3.9280089621151126,0.5714942415742452,0,1,0
53173.95721811768,3.5131973200334206,0.2378515915270454,0,1,0
1190.0042730541809,1452.8537051395479,4395.171897222454,0,41,1
121264.52536599754,21.321683977740037,0.6329803550394881,0,4,0
179130.02259862638,2.759141121117925,0.0554508277949645,0,1,0
48843.12397073157,0.5709188399397963,0.04207977821023233,0,1,0
42855.621106019666,1.6611388203314192,0.13954061564990647,0,2,0
107593.39416966622,3.499797063569186,0.11710077115869237,0,2,0
145711.67479166057,2.1965163616399845,0.05426784719350784,1,2,0
81494.4504018964,0.4213527959038277,0.018613170071989118,0,1,0
1115.0997255707857,1089.9802426300457,3518.903989918592,1,43,1
32548.87447220427,0.14646852502685326,0.016199844039060652,0,2,0
18201.336709887266,42.73582801635485,8.45261989880689,0,2,0
27693.34947777854,97.86164118105528,12.721534769006185,0,1,0
28647.599766596253,4.200385798438621,0.5278413897701446,0,1,0
138324.07415145333,1.5750413759488702,0.04099177231584136,0,4,0
23260.695957143653,1.4062964526256487,0.21764900064813092,0,1,0
38226.15549013666,4.13684455683094,0.3895929426759663,0,4,0
192672.01060658594,97.13858512105752,1.814995885156625,0,1,0
53515.50270140944,0.1451939132988722,0.009767227466634143,0,2,0
3534.3412049503113,4.488526132362902,4.57191118216715,0,3,0
62360.600230018375,4.572643818184319,0.26397304844316594,1,3,0
23845.91158846975,61.670973403674,9.310422184093726,0,1,0
23313.52317222925,1.1145943084292025,0.17211210337890118,0,1,0
918.8779915914292,195.85156844821128,767.3114960479559,1,45,1
45091.621980451666,3.1917715244273888,0.2548228913326729,0,1,0
94933.03775176547,3.151190785530808,0.11949777544856811,0,2,0
59055.280628563574,0.029018844214705464,0.00176898387512549,0,1,0
23928.84965871529,3.8418249634630026,0.5779872440892486,0,1,0
10507.277629868644,3.4640419692455025,1.1868489182996593,0,2,0
69799.61894966825,3.7261394041553637,0.19218015881479344,0,1,0
91057.97797639272,10.7930502161176,0.4267059475897513,0,1,0
129993.14773219283,3.7342348744698857,0.1034150321198997,0,4,0
29081.58052679056,0.04050470823661223,0.0050140655016144816,0,1,0
1768.2727246739248,1369.3997525334241,2787.940480182097,1,46,1
13313.411213833517,3.27488161531013,0.885541175417636,0,2,0
37441.22885900877,19.283483289047773,1.8541202293863448,0,1,0
68315.76662050837,0.2835756914111276,0.014943438968502972,1,1,0
67238.0127530098,2.632632665875877,0.14095415984359105,0,1,0
33179.37744596792,99.12362941205322,10.755025963477104,0,1,0
177253.30471699825,3.7166645678282832,0.07548515084412248,0,1,0
68043.47089020647,0.4117649516837907,0.02178539405277461,0,1,0
1529.8280833164752,265.6265437230389,625.0738679929957,0,37,1
20851.682895932037,4.440401911294026,0.7666262219907967,0,1,0
37852.475608948094,0.5792638850188225,0.05509150861389888,0,2,0
147188.54992330764,1.2158378676286452,0.029737478395865442,0,2,0
17299.53948427957,3.6210245640418504,0.7535280602351553,0,4,0
38161.09497325722,2.83913045699792,0.26783481061943215,0,1,0
141562.0655291463,167.02419461559066,4.247515733601154,0,1,0
11702.772845368201,2.04146696894608,0.6279948509053248,0,1,0
53333.740869894886,4.985568170063696,0.33652328000041676,1,1,0
1082.4735228840796,1080.0537895223088,3591.9526529580457,0,11,1
350728.7163860855,3.398543146395476,0.03488381405745967,0,2,0
561.9702065513665,407.02380155020086,2607.4081303575117,1,25,1
147558.00054702247,0.08650061370484907,0.002110371570386126,0,1,0
9762.457870221031,45.882863132738336,16.919745977261588,0,1,0
15741.296607946495,2.3104230231244838,0.5283886766385752,0,4,0
25605.502263738636,42.262830335684825,5.941933403271999,0,1,0
7647.593173358081,4.437037369844817,2.088674720183553,0,1,0
524.170982493704,524.3264401177656,3601.06768109131,1,47,1
1596.9625742853507,796.2816487397449,1795.041400231879,0,19,1
15977.090175194287,4.575703697586974,1.031009597535353,0,1,0
50129.02598797884,4.356364538086973,0.3128509287388495,1,3,0
1002.6376661923742,1175.6444873917847,4221.186074809179,1,36,1
174211.88548375954,2.1763611943197065,0.04497339706642078,0,1,0
250140.01060599598,1.9175754725515248,0.02759763096060257,0,2,0
2789.1362611082554,0.4122903899197694,0.5321523456589421,0,1,0
183249.73134471368,4.323295569449458,0.08493253406598804,0,3,0
39549.324198291986,2.8078786831301716,0.255588773365315,0,4,0
16215.715861070894,1.8546183007948809,0.41173796704776766,0,1,0
281228.26787011174,4.96075717615024,0.06350259868751568,0,1,0
119560.184472136,120.14878273188421,3.617722904530876,0,1,0
22923.332768589924,1.636727706995083,0.25704027440791477,0,1,0
1239.6159830585366,736.6470168171477,2139.3151562942567,1,77,1
374531.621685282,0.3102552631771638,0.002982175289797917,0,1,0
10166.631497200466,76.53659160015921,27.101575368050366,0,2,0
221048.79992438012,4.3220281217093195,0.07038853521700332,0,2,0
37828.330914897015,19.024568091334114,1.8105066618689134,0,1,0
104274.93152075719,82.13557564084893,2.8356582737069056,0,1,0
2525.3138517329808,98.39422516115991,140.26740095576434,0,3,0
1295.198908260179,0.9456466841285333,2.628421041086038,0,3,0
232989.6610118856,3.728910790006359,0.057616628934182984,0,1,0
51013.85491098922,3.9915358200415287,0.2816789473609075,0,3,0
76357.64380624937,62.37979570567829,2.940992588905192,0,1,0
2741.8376479072726,3.951546295876914,5.188332969318828,0,2,0
144857.68268831825,0.08939242017409033,0.002221578494522452,0,2,0
34378.538902093016,62.31805901155764,6.525728538973745,0,1,0
21606.379960631206,0.33592598261950657,0.0559711316580445,0,1,0
51140.53439143806,1.3265318506020947,0.09338022605737685,0,1,0
153902.72186323273,1.496364463720154,0.03500205847028288,0,1,0
96750.19817836171,4.536447807262859,0.16879771218699982,0,3,0
119869.7296724305,0.08029411340056858,0.002411441229007202,0,2,0
83507.62458129799,305.6113267233727,13.174854173142627,0,1,0
23792.12977728971,1.1669772586420335,0.17657595895939557,0,1,0
103170.03034606455,4.166371525143788,0.14538076067445663,0,1,0
1221.419199741335,4.456464633516986,13.134943911196663,0,1,0
150437.17967840278,34.898217573996625,0.8351232290778194,0,1,0
30947.927620416795,1.393141665448785,0.16205640833627108,0,2,0
35538.39244788633,4.963686522377435,0.5028159758988072,0,2,0
6055.762250966209,2.128808074651526,1.2655234388573848,0,1,0
14091.653808365212,0.29772069001248125,0.07605881457353746,0,2,0
13930.682960154274,4.850286800190347,1.2534225730805004,0,1,0
30519.391244719664,1.0841710884649531,0.1278864275888568,0,1,0
55228.26291052821,1.235873722972588,0.08055921313167307,0,1,0
28839.052374611216,3.8865107407195914,0.48515597824941187,0,1,0
73381.12441320854,2.975048887592005,0.14595273758715252,0,1,0
139807.21139235713,4.383026391852992,0.11286181058564021,0,1,0
728.8606163770812,911.018617844596,4499.717710832912,0,58,1
259244.3924298067,2.950582111722354,0.0409732897311425,0,2,0
18576.78609886491,0.07636919031442368,0.014799604391672687,0,1,0
43826.36824203827,1.7623139219961992,0.14476057163004516,0,3,0
1420.7856609605462,1492.2552041240567,3781.0901971059398,1,69,1
19742.528658425625,4.741035309077322,0.8645157572251655,0,1,0
55380.3491103231,2.240643497325798,0.14565304697346665,0,1,0
16493.33379652794,0.26412322242068353,0.05765017627392138,0,2,0
45730.25564998542,3.3398630483463805,0.2629223651420983,0,1,0
1263.47541940154,1314.9068336140213,3746.542693527534,1,59,1
80271.9129845751,3.2571490609800833,0.14607521091195988,0,1,0
20900.981815440602,0.158798943702399,0.02735164320875637,0,1,0
39989.287092112994,1.0939437290379173,0.09848131114378443,0,1,0
4683.656962809311,3.989071612765299,3.0661207513671944,0,1,0
177081.3285907289,0.376774481144459,0.007659690284202364,0,1,0
99333.4990244023,2.9867465048892656,0.10824432364916436,0,2,0
176044.56785930623,3.8492900283944675,0.07871554499366813,1,4,0
62744.17100701666,4.016887857189606,0.23047234593736898,0,1,0
67337.91673146174,2.6616530129355134,0.14229651452954664,0,3,0
30195.326826219294,2.2106537113519003,0.2635624183393975,1,1,0
66313.95040868498,2.539471047656388,0.1378608228769565,0,1,0
921.1767883677271,1067.506765904907,4171.864082753633,0,40,1
37437.60621208492,2.1194987599849915,0.2038109886812937,0,1,0
1376.884210297343,720.5018704743861,1883.8234285130254,0,44,1
243412.8713454499,4.553974652549744,0.06735185636881291,0,1,0
39052.59671074554,13.109725557747154,1.2084986910717714,0,1,0
7709.832904727125,23.756545528065125,11.092790850058169,0,1,0
81574.57839090342,4.849103926205202,0.21399772427491176,0,1,0
3522.0485385789434,1.9890779756112935,2.0331010869855324,0,2,0
85658.88884383024,2.289184687836961,0.0962079357722913,0,1,0
2559.8367419893025,4.154175727340481,5.8421821880733935,0,1,0
185008.18482021886,0.8168201095045524,0.015894174612187357,0,1,0
240337.07309282746,0.9195602561641253,0.013774058573611072,0,1,0
10112.45661723856,4.2117839385919105,1.4993806898596442,0,1,0
96693.830566283,0.9967506447234314,0.03710994072723797,0,1,0
37888.17448161866,3.7501109519389035,0.35632224596964235,0,1,0
32584.643018629176,4.295191847731497,0.47453920679729766,0,3,0
12720.777307390541,2.7268142606682084,0.7716927276686405,0,1,0
40548.52676640338,0.3233277192528533,0.028705846602414452,0,2,0
72781.47716722563,18.90104465783599,0.9349049155991915,0,1,0
6684.504863884813,0.133158434570525,0.07171366828436951,1,2,0
1595.210283734838,147.78191597766752,333.5076904557096,1,64,1
132087.96047735718,1.0543892030367608,0.02873691983141055,0,2,0
71064.4355638991,0.763264900003035,0.03866566473380662,0,3,0
46439.300495972275,75.736816160785,5.87115945474832,0,1,0
21419.663986382784,33.96146713848835,5.707899142408758,0,1,0
40074.63024134384,4.294561630478207,0.38579075531360674,0,2,0
41301.37780325986,0.6034423392312022,0.05259854602382936,0,1,0
38.50130455981498,109.18364145279315,10209.03353078341,0,55,1
36892.462472080886,4.990873689462325,0.48701398817336655,0,1,0
931.5881448755209,1315.4319149978062,5083.313822789006,1,44,1
155655.7359687286,20.573815222586063,0.475830423725533,0,1,0
907.9369236874497,1382.1278597423498,5480.18278061053,0,74,1
472.1607419219646,1184.5091210783291,9031.315942371904,1,35,1
25375.528956800892,170.94967363314694,24.25245306716614,0,2,0
50733.76927589542,95.00698476870849,6.7415677969319185,0,4,0
232417.00957012418,4.235060176945417,0.06559854059392094,0,3,0
41892.516830265704,4.315134740748118,0.3708176600998623,0,1,0
57003.510288811274,0.9529515056041299,0.06018270458772493,0,3,0
139849.84706946032,247.8428923512964,6.3799455713492055,1,1,0
206573.69843756352,82.34944536320707,1.435119792838241,0,2,0
59470.355958605,84.79534720940342,5.1330321642321115,0,2,0
150467.87347389793,2.2164299303961976,0.05302891285168908,0,1,0
10075.562634700713,0.5191969305546379,0.18550913906876,0,1,0
1397.0311950025077,1423.1316369221136,3667.2580478136083,0,47,1
484.80918592582776,1419.5590955523817,10541.080681524936,0,55,1
16610.5156556681,1.3924600167869334,0.3017881060617402,0,3,0
33974.19461385432,1.3536137909799169,0.1434326759740329,0,1,0
125948.92325156213,1.92335312398717,0.05497523176537306,0,4,0
5043.454646647165,4.623004952108563,3.299884502511547,0,1,0
1065.9580851213436,774.4179900338961,2615.398112773509,0,47,1
50496.8835329378,1.5628736353892914,0.11141964996179479,0,1,0
77098.25361238158,1.2662268152012541,0.05912477029171588,0,4,0
31197.948742869292,0.0740171140923207,0.00854099777291473,0,1,0
106587.36837912718,4.788933180550508,0.161746740839489,0,2,0
36589.01116937015,11.534686886884058,1.1349001097778897,0,2,0
391.5913882189731,644.5658044638407,5925.658647968699,1,62,1
8509.751286539535,3.078948994900622,1.302531179633289,0,2,0
58449.527558566195,128.9023108480849,7.9392997417837305,0,1,0
31024.127251802198,0.3043633264570045,0.035317930665771304,0,1,0
46445.77336455465,1.150271838734485,0.08915727566729155,0,1,0
6970.173325784734,3.7603971876478957,1.9421941525404347,0,1,0
123675.69273563212,0.6721554141786701,0.019565360318746425,1,1,0
55752.77084286799,143.611495667664,9.273106548564057,0,1,0
40382.953956233214,3.5864148596605334,0.31971642066528566,0,2,0
126775.22730804763,0.6111709642726304,0.017355247693898637,0,2,0
40509.56713251782,4.3829905941750935,0.38950715240707706,0,3,0
72156.98755740045,33.48676510380926,1.6706954995566392,0,2,0
105999.4732412874,1.070262281137171,0.03634871093484898,0,1,0
97512.82779118785,1.5269074098423185,0.05637070321869072,0,1,0
37868.16531939122,28.454077887413952,2.7050341502083897,0,1,0
15438.888008723656,4.477808651634388,1.0441238473117505,0,1,0
534143.597097209,4.343786152682936,0.029276079006920443,0,1,0
736.6752536630496,816.8385498559214,3991.7436684066174,1,59,1
148829.58174063693,2.478306720175442,0.05994711594486409,0,1,0
92665.33631545001,3.368558238604244,0.13086673119809727,0,1,0
26661.61788618644,4.454059471569015,0.6014118935353917,0,2,0
153582.82511957895,78.51547747054977,1.8404122900715272,1,2,0
25771.204345860322,3.1688951977162527,0.44266548659030763,0,1,0
227023.52061039174,3.3276700008500697,0.05276815358536862,0,1,0
234889.08557996785,1.7963188736279878,0.027531070373464226,0,1,0
37257.85588532477,1.1170231231811323,0.10793115030100246,0,2,0
29937.261034292722,0.7698717558284196,0.09257821942386617,0,1,0
121258.64907085153,2.1406402535507087,0.06355262054981127,0,2,0
159118.02800506333,33.28587227473632,0.7530833664255671,0,1,0
53231.195152423796,0.267491040443425,0.018090289779121797,0,1,0
82166.69568032183,36.194514557385965,1.5858037289650335,0,3,0
7463.578635693024,3.0512448914490244,1.47174460743074,0,1,0
93780.25573877974,2.045727109370186,0.07853057699316206,0,1,0
1314.2128356548728,959.6490204419906,2628.749605743783,1,59,1
50521.46705943213,0.9653613689836565,0.06878859880004891,0,1,0
153115.683713231,1.7343093532364207,0.04077644771743002,0,1,0
5592.248610518598,2.0201005143140676,1.3004360782265436,0,1,0
45503.353793775685,1.1636512093502676,0.09206232078291311,0,1,0
211182.37853627017,10.50393966340716,0.17905936589198546,0,3,0
7135.727964562286,3.3126195519185195,1.6712282819820459,0,1,0
113900.17125300043,4.1944054025256055,0.13257099864715444,0,2,0
4147.903340012188,0.61026883540658,0.529657426264237,0,2,0
135984.25001699186,3.271966824152874,0.0866209179774753,0,1,0
117696.73153969734,4.632727707178137,0.14170163884471268,0,1,0
372.7394981065211,412.270171401422,3981.795931433523,0,42,1
14537.155859501676,0.9373966541596002,0.23213811474469812,0,2,0
22989.82915230148,3.538608300108627,0.5541141604836926,0,1,0
5172.06960779001,3.4401525947599065,2.394505542323414,1,2,0
49738.245677433246,3.8501523435075824,0.27866982938073287,0,1,0
7830.100310966216,3.833087320646573,1.7623164207745488,0,1,0
27423.641664217736,139.74851871574273,18.345290298666274,0,1,0
35553.791565265856,56.040022619184604,5.674333806528745,0,1,0
106266.17077939576,2.2566801636964433,0.07644999843056724,0,4,0
26941.699613751833,2.5539149525773985,0.3412588649227497,0,1,0
86308.5434638073,1.2115284183321067,0.05053384208510644,0,1,0
23106.369818624007,0.5517752827893774,0.08596724771715131,0,1,0
36930.926772866595,61.339095243327804,5.979290588456573,0,1,0
71175.16511409105,4.112111550081386,0.2079882998032163,0,1,0
31160.99409598656,29.506847308659516,3.408897995486469,0,2,0
204239.9004386202,3.662250579336531,0.0645520393287388,0,1,0
122143.239011347,3.3917531472751,0.09996714864468292,0,1,0
19312.066133063585,4.907706965221564,0.9148552492034623,0,1,0
82836.59810716097,0.6298893040958414,0.027374391833565673,0,1,0
83475.17921666337,55.04722673933096,2.3739992908219194,0,1,0
22301.79304201818,2.0408233245077745,0.3294337793551299,0,2,0
75533.3931485706,4.540660282803154,0.216412587025434,0,2,0
34221.51702194296,4.308869198946773,0.45327999650810574,0,1,0
1559.6000302845587,1356.584760823337,3131.383075231764,1,58,1
415139.7820925624,1.9458230825673999,0.01687374566208344,0,2,0
42600.27541215658,2.008225886060209,0.16970813263225246,0,2,0
194534.2528049298,1.657721018477007,0.030677351574179907,0,1,0
79046.6037851258,3.066850848809215,0.13967283257007804,0,1,0
186761.1380185907,1.2313286199039286,0.02373503973408479,0,2,0
70967.75112826562,12.277704746743895,0.6228143964769625,0,2,0
45780.63479721945,4.0687414778377375,0.3199490217882582,0,4,0
889.1065777534889,331.32510193534836,1341.5381201891842,0,46,1
46504.72585610138,1.3193243801995997,0.1021308626442622,0,1,0
29170.66082905865,4.281220208458102,0.5283525402721064,0,1,0
20586.769272191,2.4416907199765934,0.426977466726144,0,2,0
88955.37174166097,3.268530524008553,0.1322765523436065,0,3,0
13982.606670443947,4.667057147758756,1.2015932456604015,0,1,0
111048.08211174671,2.039300127954567,0.0661108262387528,0,1,0
115044.00869509752,0.3919421348512925,0.012264799370858335,0,2,0
18969.61898012355,1.5951363418667475,0.3027204097634907,0,1,0
41575.01506365375,4.261182624879555,0.36897779654630497,0,2,0
44810.08508513157,30.177560125902314,2.4244367366598887,0,1,0
899.1532425076302,769.9293271376235,3082.6175635705654,0,51,1
44921.77096505698,1.2172817888599878,0.09755212997512325,0,1,0
971.832195811411,1305.8621866729718,4837.361730023371,0,29,1
216511.40540715845,3.0655379797779485,0.05097161836092232,0,1,0
103172.43288309225,1.1693387181868813,0.04080178462247583,1,1,0
172606.56828263498,3.3418035105869706,0.06969892720660396,0,2,0
34523.25234505864,1.330438679344748,0.13873487925672312,0,2,0
32.093877449978756,525.0939335578448,58900.27354141008,1,59,1
121538.13427911198,204.36642160756526,6.053401445982855,0,1,0
55262.90575140683,3.0068810572158022,0.19587771686618777,0,1,0
744.5824646608208,1124.5041333225192,5436.892583557081,0,23,1
1655.3791458831572,1299.483072195487,2826.022709986437,0,10,1
228365.76956289707,1.2188474654136372,0.019214135655652987,1,1,0
63458.434729655404,1.3303109516246243,0.07546860312976797,0,1,0
31374.747174994598,2.8891075313580696,0.3315018621465861,0,2,0
184968.55177209972,2.0567039520751083,0.04002915174787682,0,1,0
1733.2950567954754,1088.0652601816746,2259.8777520867466,1,36,1
84456.53845664667,1.9683170702782038,0.08390044847313861,0,2,0
1458.6363110531718,1094.024234365745,2700.1160014129887,1,36,1
28629.24570330221,1.9055025680590703,0.2396084520040783,0,1,0
1429.258768430301,949.7099601933973,2392.118160975941,0,41,1
8786.67539188398,91.35532490877863,37.42930687702201,0,1,0
34375.71141230627,0.27695365010469597,0.02900400019125057,0,1,0
25336.823575318424,2.050748599443199,0.2913820249033618,0,1,0
119.03248879165119,44.75704026729206,900.0,0,4,0
188257.03926328607,0.49161833545981914,0.00940111463869442,0,2,0
24483.844067393293,17.49418692126951,2.5722706264268163,0,1,0
1163.701155609604,358.47266023264916,1108.9630448648209,0,47,1
85520.28558259447,1.5825106995514537,0.06661622420429246,0,2,0
134551.51180564836,4.65511139535497,0.12455007601463744,0,1,0
394.7695774596166,321.6846653144795,2933.5208720600863,1,43,1
7223.711693358843,4.563012608694505,2.2740173042069665,0,3,0
41261.43942057766,0.9540474572315355,0.08323923969362686,0,2,0
61828.515649329696,3.758529800896575,0.21884250561616647,1,1,0
271093.47270697204,0.6711920954687178,0.008913130661390658,0,2,0
3815.129744559437,1.0606269936096995,1.0008197447124678,0,1,0
50006.56513577596,3.570607637011528,0.25704999850200244,0,1,0
173386.4802676959,1.8794197739783691,0.03902213814984918,0,1,0
7595.845143341662,3.777186362577906,1.7901722123969357,0,1,0
418169.707720055,2.6598550853219605,0.022898546045734595,0,2,0
201622.1571606834,3.7960670760535904,0.06777946266541475,0,1,0
49521.06614141252,3.1635756215049584,0.22998035229887315,0,1,0
51832.82318387773,1.3683312705091333,0.09503616186133343,1,2,0
38706.41567996387,29.018876837939484,2.6989829665540257,0,2,0
1264.802188831849,1256.0917744763046,3575.207592177777,1,57,1
11593.45918936999,1.8849661768331742,0.5853195431801217,0,1,0
4738.769960265989,4.011106594856509,3.0472008269152004,0,2,0
122532.91164618001,1.8428123451385692,0.05414157187136154,0,2,0
11665.939111984102,116.58256962944161,35.97629360458827,0,1,0
977.6819480619434,597.212903385021,2199.044849347939,0,5,1
219.99565615602077,1152.8123203415428,18864.574081800452,1,15,1
413843.42644533346,2.7912981562429966,0.024281341010504526,0,1,0
44393.861635536974,70.2601037056685,5.6975528602795125,0,3,0
133577.23207137227,8.714145812760261,0.23485233553256288,0,1,0
70127.678707811,0.9785490716803397,0.050233755386756396,0,1,0
20303.548000540395,3.592371073879626,0.6369594055985902,0,1,0
132389.011006504,3.4361920716890078,0.09343895965408111,0,2,0
11476.768733516465,4.411062059086567,1.3836493338352813,0,1,0
919.4477631309288,1011.784392486526,3961.534258942794,0,74,1
147730.76755655132,1.777183403622657,0.043307567941745555,0,2,0
628.2501844472711,1299.3159865701302,7445.342106453538,0,77,1
54507.23752555777,0.9641558285667073,0.06367890101223082,0,3,0
1598.097346527209,1291.2520897889497,2908.7761977340056,1,18,1
39.2979744692413,191.2897489753588,17523.62826868585,1,37,1
36194.368093614496,2.292069158960989,0.22797604729326115,0,1,0
248.55397222566006,702.6515282197355,10177.047177884146,0,18,1
281.1334282578215,1092.1778039605701,13985.672634604824,0,41,1
7007.209681988543,4.919867790911869,2.527614393045601,0,1,0
27019.643394419993,1.3586925824224083,0.1810273076265249,0,2,0
129.00016568068756,653.7323023245233,18243.668726703145,0,11,1
6089.960144899351,38.682078477228345,22.86640293280992,0,2,0
22191.606305548343,53.53006354642002,8.683834153949062,0,1,0
51710.17682637424,0.2532266322186316,0.017629332018105064,0,1,0
32935.64215356527,0.7212565705829577,0.07883628447236984,0,4,0
5944.16258996337,4.9080471366600715,2.972490981624569,0,1,0
79376.52112875864,1.636468217854436,0.07421949841716505,1,1,0
15767.094324732378,2.4642716945246845,0.5626514256576215,0,1,0
450557.17787505646,24.884616632149164,0.19883074618462657,0,1,0
26560.352663186153,4.77308685752027,0.6469459538046549,0,1,0
145618.38105716748,3.4077876731469763,0.08424785067836234,0,1,0
92384.0308676266,0.17837208180266184,0.006950762901974679,0,2,0
31408.35526309806,2.0910139217136203,0.2396703060415689,0,1,0
58651.4516566607,23.637662614669306,1.4508692114041768,0,2,0
66077.29542255377,4.282706103443973,0.2333288896557327,0,2,0
848.618462508801,1251.5381339220467,5309.261442179195,1,14,1
201.58871224610024,1291.2174522138578,23058.74558241696,1,31,1
284347.7016425842,1.3645942370216697,0.017276521754527537,0,1,0
86227.30472834877,4.9828070975692835,0.20803277578676246,0,1,0
34170.95873298852,0.38044685674788137,0.04008107279033285,0,1,0
48864.40256982109,4.437815359080957,0.3269483397420761,0,1,0
64273.58429371564,2.5142185532156773,0.1408228106622244,0,1,0
1029.2997864996883,1226.7332259368125,4290.528057322066,0,45,1
1192.322576946009,1.582688656674795,4.778638997697404,0,4,0
135916.1962283,90.67064467653977,2.401585167136824,0,2,0
26.63786758119788,151.9121437893956,20530.311443842358,0,40,1
22268.018141706216,2.5832674463062144,0.41762867029844297,0,2,0
199553.90063920035,0.2198582081072742,0.003966294553255688,0,1,0
166572.989572717,1.8633804774791896,0.04027165350236239,0,1,0
2162.6386909665,2.7029732698087443,4.499458837926715,0,1,0
20398.619670193337,1.9726129726813102,0.34813172736532566,0,2,0
113729.76274684953,3.440185667765644,0.10889557935263865,0,1,0
91.43282105224677,391.1908084236488,15402.422173110124,0,5,1
164405.756440528,1.9391054436243809,0.04246067624507413,0,3,0
108170.29273943388,1.2555614340950305,0.0417861600285225,0,1,0
223448.85031382254,3.476148278738678,0.0560044671784338,0,1,0
54541.27417586279,1.9599055645348007,0.129363681705987,0,1,0
1457.975571041884,846.8358349797594,2090.987713702615,0,74,1
26608.7028414302,4.615719438584288,0.6244795200249719,0,1,0
67772.08341092808,3.80868451106259,0.20231433873278884,0,2,0
70078.34638127337,0.6430017811259592,0.03303169283503563,0,2,0
66078.16312940695,3.4622274062077345,0.18862538048974528,0,1,0
5000.735355385935,4.856981334947491,3.4965123253281103,0,1,0
894.9760882603459,947.0885494198108,3809.619969332074,0,51,1
270868.2884093898,1.3098778213925877,0.01740905214377191,0,4,0
1097.7745373678613,1428.9315381102779,4685.9836533749085,1,20,1
189465.72051308453,17.64437395380601,0.3352571961919357,0,3,0
51079.94018649325,3.864667701798778,0.2723731405260039,0,1,0
15040.366687108113,15.858548203682158,3.7958365458065106,0,1,0
714.358238810291,814.4452271565583,4104.387208645674,0,68,1
1229.905508769122,1082.9499300539635,3169.8530662700837,1,62,1
35186.98339325806,1.6584512583669282,0.1696770781227269,0,2,0
132837.81362238203,4.4127643174255065,0.11958907715758411,0,1,0
105047.4351450723,2.6911972412356695,0.09222795449568748,0,1,0
46240.621204024916,1.8799333453520262,0.14635962638577635,0,1,0
5459.936318685693,2.590229422056958,1.7078634942119082,0,2,0
79223.84088849151,4.2168056443599475,0.19161530354306533,0,1,0
1012.6887060930003,1469.2106242028397,5222.886574430201,0,28,1
4764.949381771721,3.0539067803897364,2.307278321037525,0,4,0
2566.655397317102,2.1487269053783336,3.0138120089856044,0,1,0
136843.76293506342,27.261387453857864,0.7171755053276285,0,2,0
4413.825595283208,3.133562879783938,2.555793409526041,0,1,0
35497.11794223549,3.047525612247155,0.3090699425779589,0,1,0
1974.265883373804,4.286950847935907,7.817094537538137,0,1,0
96257.55644984002,1.8869555521184562,0.0705714983650796,0,1,0
15508.19406685184,0.5552319364594915,0.12888895783981716,0,1,0
281665.64050412894,2.5589745835059556,0.03270653986809725,0,1,0
85831.54320740585,3.509366772271556,0.14719204511620057,0,1,0
182756.87185663605,1.8056875855286225,0.03556897883983454,0,3,0
1264.2209389761715,532.6449981717119,1516.7617734373762,1,6,1
260475.43196479706,2.19981574753846,0.030403392102671494,0,1,0
230941.03583064856,2.083543319236149,0.032479095463789805,0,2,0
100572.69222095648,4.928330115122535,0.17640960008768866,0,1,0
250791.03918966211,59.72498256823543,0.8573270318603572,0,3,0
543.8362243061348,942.6289050127364,6239.863963411917,1,50,1
29826.047244516732,0.42583583355278176,0.051398329393843666,0,2,0
135916.32248389957,3.6755791242019797,0.09735464148314181,0,1,0
8067.351832517084,3.207851477825499,1.4314815518054127,0,1,0
147712.2361423908,4.486413360677609,0.1093415719661177,0,1,0
48040.132305472434,3.90457626077263,0.2925985808990006,1,2,0
13031.829483259478,1.7454849324704103,0.48218446726651054,0,1,0
1335.0566536804797,595.5223889838171,1605.8349242569584,0,48,1
48099.65813688399,4.260739919260046,0.31889340389249266,0,1,0
13569.908625435275,1.6741392577767533,0.4441372078732763,0,2,0
15442.993190620755,1.170140876534373,0.27277789373644185,0,1,0
84895.71960243996,0.7193287140342192,0.030503108786285173,0,1,0
31145.224800382864,4.812847936888161,0.5563052661795008,0,3,0
8087.792413101861,1.4048052658651078,0.6253002919463895,0,1,0
27171.79208130794,1.4240018712477542,0.18866649358834453,0,1,0
116013.36971351883,4.18469679145525,0.12985493384460683,0,2,0
93698.81621673843,0.261307552266976,0.010039691280465344,0,1,0
79585.98243539833,56.25109262137779,2.544467345129991,0,2,0
26977.203260349128,0.5823137444581605,0.07770744282935162,0,1,0
146183.28345801763,1.1554446106728427,0.028454693998009897,0,2,0
382.4946342493262,356.1235646429918,3351.7982160217166,1,69,1
144232.22569325328,0.12207157411111058,0.0030468757220360534,0,2,0
29598.70366159508,1.9535127534405468,0.2375997946663782,0,1,0
190786.80286240258,1.172028722041295,0.022115279128565656,0,1,0
239179.1392788696,3.110834620868039,0.046822664672555414,0,2,0
129540.34480953091,2.1632124030201796,0.06011690537278604,0,2,0
86632.68104332124,3.490584620417618,0.14505039532621253,0,1,0
95990.9808594685,11.639158699776683,0.4365094610350882,0,1,0
125325.11995144893,0.9066292805215659,0.026043186004067357,1,1,0
58538.24027801384,10.881106566182247,0.6691691354611584,1,1,0
14187.122066205822,0.5254279758622143,0.13332800720800747,0,1,0
3024.4139901504964,2.1006403949780905,2.50042006370458,0,2,0
161893.4779030898,2.790670790641075,0.06205571080708822,0,1,0
175680.37208194777,4.664738037781386,0.09558869176449437,0,1,0
36675.39378142842,0.5712422662902816,0.056072258443926076,0,1,0
138118.0571650878,1.5357497509497609,0.040028792881229666,0,1,0
11194.337043627882,44.433113020344905,14.289297012393847,0,1,0
274.4397085677009,469.3696916895266,6157.020421355898,0,63,1
79560.65778676987,2.866618565515116,0.1297101748896111,0,1,0
202796.77811672635,0.7958376723990723,0.014127520403640764,0,3,0
19133.94337912823,3.9829812070395407,0.7493872047820201,0,1,0
113025.55244970696,2.198820975142212,0.0700350968338265,0,2,0
999.511418040785,134.36157701740447,483.93812069780546,0,79,1
86793.39222781605,2.647324259857333,0.10980521778053114,0,2,0
3476.6188812871087,9.975870373477,10.329902290360193,0,3,0
28781.243111211767,3.0493856365405296,0.3814216171666851,0,1,0
1758.7278135341232,1465.9856512658944,3000.7760745831997,0,29,1
214514.082168732,0.8590808915063847,0.014417194331280976,0,1,0
181644.38346933812,1.0203652920090345,0.020222563346433367,0,1,0
170770.98410088892,15.887741328196153,0.33492732434987726,0,1,0
82693.26593103576,31.725245003412912,1.3811388476001865,0,1,0
1536.367828264337,372.0578175603904,871.8017382143178,1,58,1
41158.91655580148,1.0772199355589458,0.09421996720332984,0,2,0
74377.23786208767,0.6919577788835195,0.033492074666709726,0,1,0
208631.95470202292,4.676711406984527,0.0806979021463439,0,1,0
245869.25191220024,69.62842648619375,1.0194944402393549,0,1,0
138360.56069527153,0.932069235831634,0.024251486349379583,0,1,0
157325.24244203657,1.269420054805341,0.029047545876072133,0,1,0
16434.82318593944,3.6044660952604883,0.7895477667225067,0,2,0
24828.265532032645,2.7674247679216397,0.401265612036584,0,3,0
117352.05129068978,101.42424485832484,3.111383886980569,0,1,0
272769.29427728074,25.511163801852,0.3366954844752725,0,1,0
137036.7295931534,1.7473705976631275,0.045904000848992425,0,3,0
20334.542798860406,1.1936922268129995,0.21132966002892517,0,2,0
78112.8403218356,116.60121586840151,5.37382042948072,0,1,0
8115.488474035887,2.5437654631307343,1.128404740708914,0,2,0
264745.82208869274,39.44367036066243,0.5363529901174952,0,2,0
765.7043384064228,342.10492239495363,1608.4246344809562,0,74,1
7686.789220984525,3.2792447428693707,1.5357883161544157,0,1,0
14425.585058352206,0.7354299613519344,0.18353140272352916,0,1,0
1432.202923667085,1393.6761049538345,3503.1585922108184,0,16,1
122332.22052669022,4.7447006564213,0.13962733848512132,0,2,0
105910.6827738022,4.946666434141377,0.16814167085432008,0,2,0
75.90679925186365,784.0759331047392,37186.0411319841,1,26,1
379649.12022702594,19.807296294739345,0.18782149848897658,0,1,0
38035.864033916056,3.7563655846887296,0.3555306668680177,0,1,0
72091.50747842336,1.6403960894858327,0.08191569477051737,0,2,0
22278.08842685542,2.013661849334831,0.3253951828679685,0,1,0
1641.7479407484827,543.3889830282488,1191.535125672125,0,13,1
112907.81681565705,2.841805912178873,0.0906093269037974,0,1,0
148.80806299740814,1155.7521816106066,27960.23125353532,1,56,1
97482.11341024765,4.091186435096149,0.15108690867588281,0,1,0
12182.254335140806,0.9123816554961467,0.26961955229513473,0,1,0
1012.5157781918443,1220.910276164513,4340.946668546099,1,63,1
811.5941303490384,194.05462298420073,860.7709403254069,0,21,1
79994.91431484961,111.24763891897824,5.006462017473249,0,1,0
54432.915083960295,12.105015619262483,0.8005828121115279,0,2,0
140995.89310475544,5.355443470488579,0.13673870968308816,0,2,0
1780.9495171134008,319.0556652522445,644.937087700136,1,26,1
57197.4092526791,276.9170696739285,17.429136456551102,0,1,0
9352.025334334288,0.3430049244757283,0.13203746610685596,0,2,0
138435.79937387822,0.8613240717789411,0.022398589616475166,0,2,0
98367.40926460507,39.5859675129588,1.4487469387681637,0,2,0
31280.960896587603,3.771009329426753,0.4339902994289814,0,2,0
33395.385267843885,1.1359770734385162,0.12245756207269803,1,1,0
946.8169586542402,271.11051279146056,1030.8199880962145,1,56,1
996.6279202575017,1234.7701453560126,4460.212716229275,1,56,1
140011.78267493678,4.044888748068543,0.10400267188122445,0,1,0
7167.501333480635,2.200922403084679,1.105450879247646,0,2,0
11247.153013664361,3.8421053555862104,1.2297849298667967,0,3,0
62053.23557236856,4.138397036017702,0.24008787281186836,0,1,0
168382.7119070865,3.584420877986387,0.07663444194835968,0,2,0
43602.91589797538,2.314868325728561,0.1911231347949776,0,1,0
1732.9519409914938,1154.7294509661485,2398.8120646321718,1,8,1
34324.93498188615,3.3943204454275677,0.3559964093154935,0,1,0
44855.789355575405,63.03195100483292,5.058767817429877,0,2,0
109797.64265835985,1.4463584686223903,0.04742260727074143,0,1,0
69783.73358463698,8.11741311989367,0.41876073019473176,1,1,0
88780.61438312508,0.45813242249645614,0.01857699152508599,0,2,0
108487.36094972567,4.04293084714549,0.1341589556821141,0,2,0
23210.725034517032,1.9892900911862803,0.3085403113267989,0,2,0
70668.54615252052,4.662479372568698,0.23751621697468087,0,1,0
20478.578766220304,3.3694469947319043,0.592326709754071,0,2,0
4640.316737135902,35.42424859840243,27.482454793153018,0,1,0
51391.458444951895,4.306813594782834,0.3016946669810105,0,1,0
1022.6373289643211,743.0775548525064,2615.8630451894587,0,59,1
52920.39752679693,2.137075600938547,0.14537820052245604,0,2,0
98516.83444311259,4.310032361342941,0.1574971078652978,0,1,0
538.4182054765828,1219.1965465459716,8151.85579336134,0,14,1
524.3522243247759,1010.5141488148441,6937.800140769898,1,28,1
72067.66466542172,0.044074166472363174,0.002201639251627316,0,1,0
1799.21358379935,306.5721828505083,613.4123642682051,1,9,1
12189.833771778798,2.9279591261022713,0.8647084981889819,0,4,0
6357.266955249596,186.92366923336118,105.85133737138779,0,1,0
373.24140616286775,143.87288696979016,1387.6873908926254,1,61,1
117154.26700049998,1.8415825281306275,0.056589463371760636,0,1,0
55581.49924302996,1.3978550268528473,0.09053872538893971,0,1,0
41700.04545500734,6.195841633265583,0.5348922198135808,0,1,0
10399.963675059571,71.20384473745057,24.647570805419544,0,1,0
340491.0747213202,0.3819665839765285,0.004038519081420729,0,2,0
105093.38720381772,3.367104001234353,0.11534098126397939,0,3,0
63059.55452694699,2.5367176616110814,0.14481839667765925,0,1,0
5304.358805481889,0.4952821710799399,0.3361416301712268,0,1,0
109375.62922099089,3.8501965784106162,0.12672574120029045,0,1,0
11777.219998579072,2.7004671054885727,0.8254648873784974,0,1,0
35038.65727618031,4.6337388567258415,0.4760873041659985,0,1,0
8239.304731148233,1.396655092651703,0.6102406085962829,0,1,0
115.34380015310899,1425.6397027105613,44495.698277196774,0,53,1
163594.883651262,2.116295713829146,0.04657031075633002,0,1,0
38863.51856902759,4.77444855004629,0.4422660482899428,0,2,0
744.0543566036455,133.82856541063413,647.5102674990807,0,78,1
796.7388823173743,649.2007674601527,2933.360997845184,0,76,1
73387.46170299771,61.135394435290316,2.9989785020464206,0,1,0
1635.6657437407744,487.083498822651,1072.0409120700176,0,7,1
94884.60623700592,3.9906252400321476,0.15140760376062723,0,1,0
83944.65633328276,3.5526458632498104,0.15235663193284726,0,2,0
58931.085143937955,4.319516581470566,0.26387193881315524,0,1,0
190714.74835636068,95.75270999218482,1.8074625006334422,0,1,0
118315.867060903,3.5983196279835576,0.10948616599388797,0,1,0
55503.73063826569,28.87101342836807,1.8725885115633858,0,1,0
1158.0538240736062,1309.8032786104197,4071.7380358115424,0,70,1
36665.968378056954,4.638071175740283,0.4553829333103747,0,2,0
9915.371451348265,2.965839772050244,1.0768152491078937,0,1,0
9649.291617914605,4.0279212457181375,1.5027545087003114,0,2,0
149614.46404207087,2.127245582759085,0.05118545287024715,0,1,0
137315.3170498593,1.81564221423036,0.04760074922199653,0,1,0
18595.704063034427,2.165791096735987,0.4192822128068041,0,1,0
86435.76274554207,3.637966716523717,0.15151922958140196,0,1,0
118139.67633257524,3.8700165645487985,0.11792871002249494,0,1,0
6511.6466518581,3.208760385657748,1.7739809922075023,0,1,0
25063.295887326538,3.294277021134211,0.4731778824859168,0,1,0
59320.764205736035,0.4283209702348645,0.025993520371681466,0,1,0
118201.75439085969,0.4367990733206889,0.01330332762028849,0,2,0
26255.40784437801,0.38659396428903814,0.05300768053917494,0,1,0
62489.0606903366,4.762256315731927,0.2743539836771163,0,2,0
80985.48226975421,3.867595951210516,0.1719239675326084,0,2,0
1341.2652970331362,844.5926929329561,2266.9144585223135,1,33,1
1714.5069662878846,117.95980322027965,247.68361980612826,1,43,1
23741.20269035727,3.7539408822700033,0.5692292573560706,0,1,0
10129.138168391875,3.9978015812111445,1.420859845437871,0,1,0
4465.535042446823,107.66595115659116,86.7975327658273,0,4,0
56598.76387443506,3.744588202392598,0.2381768894903786,0,2,0
48633.885236971226,50.90776498109596,3.768318180605199,0,1,0
312536.0728711126,3.4206013535293947,0.039400779435096074,1,1,0
82232.84265917934,4.37664541318954,0.1916013478067886,0,2,0
16198.406690622021,1.0097043225599127,0.22440080871164397,0,3,0
1033.2851998935485,776.8305056435156,2706.5033164171596,1,19,1
97836.57371829638,1.3880974980969418,0.051076512629494045,0,1,0
10930.822048453194,2.587305046921456,0.852113237927544,0,2,0
104718.85863002128,1.159919185336864,0.03987542570498948,0,1,0
1139.2708950489496,264.9312902821435,837.160546416608,0,17,1
178901.9568173898,3.238545373951149,0.06516845066219461,1,1,0
81681.8339730277,0.35769410945188207,0.015764812460650538,0,4,0
19232.201659712384,59.12147777092105,11.066716319908782,0,3,0
94236.79630069423,0.053614014471925486,0.0020481431847817378,0,4,0
89657.72079421571,2.077799972185711,0.08342928900721218,0,4,0
174776.95068164327,3.0580894137708152,0.0629895523788379,0,1,0
109237.00468593134,0.5638527924457654,0.018582256613872375,0,2,0
42622.81419936131,3.8026699400484754,0.32118038288470513,0,2,0
77792.80115443275,3.3639535473301505,0.1556729233383375,0,3,0
372857.61976181914,1.8796918770164668,0.018148725944187382,0,1,0
30348.10281096559,2.8440017444187897,0.33736561206746113,1,1,0
22209.550120262717,3.1802017756594294,0.5154866411242066,0,1,0
7109.416092002449,0.1758035664431934,0.08902177492571471,0,1,0
40926.65468693358,3.077003773546199,0.270660127721186,0,1,0
248.5897818859969,1004.9951790743795,14554.027994308191,0,55,1
41442.54253161017,0.9892732483883221,0.08593545368220412,0,1,0
1719.8513185339664,1226.5723549648128,2567.4664026407345,0,70,1
132072.6648907583,0.6660929702006163,0.018156177091645957,0,3,0
131612.40622025818,0.40899556913724877,0.011187273990189091,0,2,0
1344.6988035003099,1249.1225981006633,3344.1253472204426,1,32,1
46725.75596418761,0.8045264198175017,0.06198498133583621,0,2,0
124950.43105782346,0.2799014243084319,0.008064358954024303,0,1,0
87360.07195537942,2.8656396163628233,0.11808944736418468,0,2,0
30364.2291928712,4.4715144665932405,0.5301452566928643,0,1,0
23947.311891560345,2.0097596230760977,0.302127214772018,0,1,0
666.722916162586,1.780448368773735,9.613610050299227,0,1,0
484.3798248531359,946.455350059034,7034.230340302877,1,22,1
324291.8696107648,4.175630816716021,0.046354140664150285,0,1,0
22771.697457527836,1.4263899847043988,0.22549939259088098,0,1,0
237724.944635496,0.8931585656344265,0.013525592954555393,0,1,0
47783.56362072979,116.72429813097853,8.79397519630004,0,3,0
26641.591282735444,0.17814897695069665,0.024072748140915787,0,3,0
116762.36843549694,1.3489802894618208,0.041591559910377614,0,1,0
181788.37478603443,9.753466269873295,0.1931502969475984,0,1,0
12968.429786973822,109.35290085578248,30.356060798990516,0,3,0
31306.709336150023,0.24420811660371966,0.028081814997982957,0,1,0
82368.8907065906,3.4833345595046334,0.15224199702878013,0,4,0
29009.395463304794,4.012510169327202,0.49794338623326573,0,1,0
78106.10098885327,3.2416816007626186,0.14941283222434687,0,1,0
42081.546774089285,4.528398176884903,0.38739625053001536,0,3,0
19821.59065242394,0.03609973501858876,0.006556438801798539,0,4,0
45876.69056063984,1.993144808220375,0.1564045100443548,0,1,0
148737.68285874173,1.7532464147700932,0.04243502367296278,0,2,0
155978.25256770515,2.364918833260669,0.05458265918220158,1,4,0
701.4691633338583,1206.086575180882,6189.739902486175,0,30,1
43326.27769094799,2.640357058684024,0.21938846164133768,0,4,0
1592.430213174527,906.4259225271012,2049.1531083126542,0,76,1
112373.66892597216,3.624565714261716,0.1161164950477681,1,4,0
158931.0075927505,0.07183679591694803,0.001627199557959697,0,1,0
112738.25844034637,112.47971337815355,3.5917440429116914,0,1,0
496.23091503515053,490.4833227044662,3558.303016270161,0,13,1
455496.9227900479,2.8278216278397714,0.022349564510484112,0,1,0
285117.9685740221,4.478595873740007,0.05654833059487865,0,1,0
873.4696001711525,1349.2824894016107,5561.060122635075,0,35,1
698.7858073172771,978.8973385354435,5043.0766936391765,1,9,1
1026.066542875142,271.60330010077485,952.9322314934604,1,21,1
37207.74977398657,4.792541346801026,0.46369772300893247,0,1,0
142767.23165404418,3.0083501088179694,0.07585816623515025,0,1,0
32251.47603374229,0.5022023925812645,0.056057236307605056,0,1,0
32542.41874666586,1.8935317878268865,0.20947165879841675,0,1,0
1452.5670553575421,619.5161331547878,1535.3907904845528,0,7,1
59114.30758368913,4.265067794939627,0.25973820364968997,0,1,0
11183.03169453354,0.875874318520905,0.28195820532428356,0,4,0
97081.17345726803,4.113267295251846,0.15252969999816224,0,2,0
11923.05898315273,2.899839101015714,0.8755656395231678,0,1,0
526.804724111334,1050.7678914924886,7180.581791012026,1,15,1
23328.786374447685,1.3032939922372715,0.20111883647720438,0,4,0
182621.7834714442,3.7498136086001344,0.07391959893476407,0,1,0
50288.246967004525,4.299373750351342,0.3077805736879275,0,1,0
601.7807139797521,410.04885139237,2453.0129176957976,0,73,1
971.5122341263792,276.53523147131017,1024.7187820459433,1,11,1
112179.55669362978,3.054638113940144,0.09802764010039074,0,1,0
16233.534794326306,1.545271210001749,0.34268422906578433,0,4,0
1736.5674890666544,141.2967454757383,292.9159315230816,1,15,1
9703.744817422617,3.706188485685967,1.3749618110849378,0,1,0
1430.987452256988,1247.148096915558,3137.5070003686565,0,78,1
131.77464505470505,1285.2120166988627,35111.179834293216,1,36,1
81440.32974199137,3.50152796157238,0.15478204351082162,0,2,0
57812.85427764705,1.763842329284779,0.10983426548929834,0,1,0
152533.4139881544,1.589696648534114,0.03751904441847244,0,2,0
181321.78631462864,27.717622480168075,0.5503113716046308,0,4,0
57258.56145762631,3.3019322013567196,0.2076013721315899,1,2,0
207516.06200987,23.158437111313972,0.4017538343454349,0,1,0
199968.8569084372,35.2975965925678,0.635455688939744,0,2,0
164248.00834176285,0.01734229621747685,0.0003801097316992074,0,2,0
97382.82677134831,2.044932518669172,0.07559605026145096,1,2,0
64793.68280790943,2.188261823622111,0.12158195403700615,0,1,0
76978.99567615156,2.0402149940903596,0.0954127020521877,0,1,0
9670.93155505519,4.515065195840462,1.6807310249785863,0,1,0
638.0048120708751,1183.6129149722317,6678.643190902273,0,9,1
35981.66147836807,1.0672394066302116,0.10677833390708162,0,1,0
77218.82063550297,71.3523531726184,3.3265008362912702,0,1,0
110167.37640728979,4.188304528880277,0.13686353252369265,1,1,0
108775.88639186023,131.64633821040982,4.356910646999238,0,1,0
48294.2671373845,2.382839717900093,0.17762404303677587,0,1,0
111335.55095419406,3.267444660291238,0.10565179474333349,0,4,0
718.244377325681,409.0234998329142,2050.1164309578817,0,61,1
66936.6967351457,4.24293828515439,0.2281943772486125,1,3,0
197061.61393639297,4.8545603518138245,0.08868504077192203,0,1,0
138994.9288195434,4.637114182413812,0.12010230300101796,0,1,0
54020.76013451208,4.346746719065409,0.2896717511873421,0,1,0
22222.53584856537,7.33523870810112,1.1882919001284362,0,1,0
28998.34528581458,4.0550768746603465,0.5034175779649894,0,1,0
21326.26508504528,0.221477154984962,0.03738665700563622,0,1,0
125712.63353556153,83.3291289385868,2.3862745989968697,0,3,0
31513.219300541266,4.8467480720991265,0.5536817071322563,0,3,0
297588.4540596807,2.6304541889188062,0.03182124491365041,0,2,0
52744.00311712481,37.437645568381726,2.5552767344353424,0,1,0
127443.3377999411,1.515233741592933,0.042802092003408586,0,1,0
4490.371405100577,2.012275891394848,1.6132726127715917,0,1,0
97723.36410579986,0.4059729541016216,0.014955508829838758,0,1,0
179504.20275839957,125.32797259953328,2.513482661827023,0,4,0
37170.403850591894,0.08817414526173184,0.008539776006151193,0,1,0
97788.06962254466,4.655142981387813,0.17137586208300115,1,1,0
140784.66093400941,35.9011766641219,0.9180278244333737,0,1,0
51165.47142987496,4.165954022178233,0.293116315763775,1,2,0
200481.28483868815,3.2340283017454845,0.058072761732605456,0,1,0
99310.80677128531,2.4112686928031084,0.08740808353397735,0,2,0
37615.79501227572,1.7386989114796285,0.16640127051107034,0,1,0
15291.000467904776,92.24557119816305,21.717614685214265,0,3,0
82936.83954454002,2.6103678556866656,0.11330699761503812,0,1,0
30998.63737272287,4.649212468168531,0.5399322778018144,0,1,0
151517.05344229596,1.1168571891368444,0.02653619371250435,0,2,0
28382.242662040233,0.4446476137751193,0.05639904600390596,0,1,0
147121.45342637788,34.33601144526661,0.840187738254069,0,1,0
48939.28972946384,0.5927046848782414,0.04359966965922383,0,1,0
85416.4948477344,4.830890124172684,0.20360475430446615,0,1,0
52961.463822883765,1.9871763619353784,0.135076230651244,0,2,0
1222.312275002186,106.18649674439835,312.744456631715,0,38,1
69642.77007885021,2.1155671549789314,0.10935868503365387,0,3,0
104787.12620457729,3.369722245365117,0.11576803871527987,0,2,0
1427.5239866562324,376.3510295533597,949.1004838144025,0,72,1
103889.38385262842,0.08308113363580283,0.002878947492009051,0,1,0
1416.9567446630208,2.8217058393657535,7.168984557910772,0,2,0
37940.3584131864,2.995878176052889,0.2842661979187301,0,2,0
199.39134510042626,169.71922038497786,3064.2713858928378,0,17,1
247543.82373022864,240.05056669584448,3.4910264658706214,0,1,0
72933.30586804064,4.064642026969685,0.20063140046834102,0,3,0
40051.01273312983,2.117620461505113,0.19034309349966502,0,1,0
1520.6421488328463,415.85728366517884,984.5092235169974,1,14,1
39001.799633426555,38.21759934926144,3.527615621598782,0,3,0
86930.433204771,3.1817406263352828,0.13176359339916846,0,2,0
159213.8204923037,1.4038770363012159,0.03174320743674813,0,2,0
91732.89819229116,1.4477137389685246,0.05681461681676884,0,1,0
13767.147422879256,4.043576984427198,1.0573633518114454,0,1,0
4362.913900970296,228.89298943069826,188.8679860877511,0,3,0
1221.9846420059318,880.8379373860826,2594.9725271379507,0,36,1
43388.23629363953,1.4512832021793032,0.12041557745022677,0,2,0
61716.6017943032,15.472527930366741,0.9025302581462255,0,1,0
37861.679241288344,4.710733015330977,0.44791037257264704,0,1,0
28003.311554528675,4.31190192262137,0.5543218305167408,0,1,0
73479.8988018731,3.4683851822596106,0.1699265630427938,0,1,0
41779.00296570115,30.682476063588616,2.64383795658311,0,1,0
43225.675502960716,6.155559787928004,0.5126586219577524,0,2,0
8965.758788243003,4.637306401217134,1.8620067122788635,0,3,0
189.70033885442518,1318.7991625208874,25027.245674656024,0,66,1
75846.15446001728,1.8007105706946902,0.08546983166982054,0,1,0
141203.59908404428,4.697404438574377,0.11976079992693775,0,1,0
37684.54916766906,1.4319828921378925,0.13679713637437366,0,1,0
110176.6136737215,0.3601846250926005,0.011768964457133543,0,1,0
268157.8986235344,4.44296247311646,0.05964644332805609,0,2,0
173772.34669106678,1.2610120107966543,0.026124083177276488,0,4,0
61737.893993552425,3.5767660625010276,0.20856490223570692,0,3,0
37518.70210525405,1.7245239749705115,0.1654717770480777,0,3,0
829.0011640176477,536.856972124066,2331.341840679846,1,23,1
30806.076130412974,3.298522410735459,0.38546553700568503,0,3,0
24380.675885766894,2.7368887674987312,0.4041233150860827,0,1,0
1688.1407851895187,194.50007225020352,414.77598683934696,1,76,1
10303.535819002358,3.7679267949974755,1.316493357258431,1,3,0
80452.71317193878,3.994812626284856,0.17875500884464346,0,2,0
10668.548590215563,51.675143517321295,17.43728447119514,0,1,0
56022.36148083426,4.603069489751741,0.2957934961162851,0,1,0
7410.360004279279,2.3175574017927545,1.1258841192109348,0,1,0
319570.45913201786,1.4898727617332215,0.016783597447672292,0,1,0
160.81693559555893,992.1909351022007,22210.890620070753,1,39,1
259755.83533843988,36.52325723550198,0.5061819915479279,0,1,0
379778.24726382043,28.305579685140188,0.2683147010147682,0,3,0
88747.12824748435,46.91244383655862,1.9029888757712936,0,1,0
141640.6557748049,3.8172244778803224,0.09702022378530666,0,1,0
10116.560251769151,4.7971979787058245,1.707093349275596,0,1,0
14953.902817698514,0.32386099762600873,0.07796624103198964,0,1,0
314671.80615651055,1.964038584762694,0.02246956596304969,0,1,0
233.09208875373108,1284.940391835825,19845.31279178786,0,12,1
57823.96809533136,3.0774420967132876,0.19159514493890856,0,2,0
19182.549420640673,2.771959891834577,0.5202152952551179,0,3,0
20806.404303173957,1.844489717602968,0.3191403419166351,0,1,0
1525.2476030290672,1169.7205422356578,2760.8592491380023,0,56,1
16770.923726754318,4.3396145429255695,0.9315296288426623,0,1,0
97328.60926615851,1.4013265008721416,0.051832399961085185,1,3,0
754.2134284517698,1269.1245044694087,6057.765671805509,1,34,1
291573.12462075264,4.150716825262971,0.05124814089221158,0,2,0
43794.19868390848,4.175149806334234,0.34320845578859716,0,1,0
67607.33034330314,1.1498070770051712,0.061225690412557994,1,1,0
6651.511695817762,1.9114850748048118,1.0345537351492702,1,3,0
29278.50977227106,2.9170771763006202,0.35867528492272915,0,1,0
12743.210777648033,19.059015906642117,5.38423623850434,0,1,0
18249.030577790316,69.84282875849537,13.77794740705773,0,4,0
84732.69313337539,146.7652135529328,6.23554792432821,0,1,0
343088.61444644496,12.0882555648602,0.1268410498078178,0,2,0
14624.21763460069,4.333913935578285,1.0668666562488447,0,1,0
2466.515831838393,4.290390361124719,6.262033716011833,0,1,0
52953.72767167649,2.9135935106651107,0.19807739888356615,0,1,0
3462.900281502383,10.237002288320847,10.64229554481027,0,2,0
63752.80185056826,4.939761841032824,0.2789389973698804,0,1,0
90619.44833808359,3.6582295195994403,0.1453289168283685,0,1,0
2173.2622499136723,3.3758121454883345,5.592018967909073,0,2,0
516.8917020560664,304.3679339528685,2119.83391854001,0,19,1
59990.080490442044,1.4695829844528285,0.08818955902006323,0,1,0
149999.39787103425,3.8098487229857674,0.0914367363963752,0,2,0
6776.3852288343805,3.087181899450346,1.640086043327404,0,2,0
319.849502511409,1336.6652809347015,15044.55993703877,1,29,1
92782.11228071345,9.383471561102127,0.3640841622333876,1,1,0
106058.20957126311,3.9352832699518316,0.13357777610140992,0,1,0
1752.3972627635385,1092.8765066244619,2245.1275789164188,1,18,1
81529.96665208874,0.8483054062835943,0.03745738638227078,0,2,0
493594.82221951435,93.65350247220789,0.6830554003461728,0,2,0
3467.135080641333,2.311642487296413,2.400227496393865,0,1,0
9625.243030097005,3.2664512237974175,1.2217067526400103,1,1,0
16693.368160990543,0.6397908205415143,0.13797377088535873,0,1,0
4584.604539052485,0.13147220334193355,0.10323680657716645,0,2,0
49154.88494452078,0.00026413466148400566,1.934466497919072e-05,0,2,0
30605.749333963162,0.7602986388901617,0.08943009596459228,0,4,0
81.43480645741595,1305.2520533318916,57701.462021058185,0,22,1
195194.27124106936,4.524884408908407,0.08345318624618987,0,1,0
50337.37296852794,3.4786526401619904,0.24878432794681044,0,1,0
1063.7491163236266,1016.6327001538486,3440.54595617676,1,71,1
13980.80350169906,4.804430646124869,1.2371213374072232,0,1,0
10806.719370708468,2.1635245731327495,0.7207264476941152,0,4,0
48197.14635368812,3.02879744679486,0.22623063051174047,0,1,0
321784.55744574947,0.29121726385735625,0.0032580250531855683,0,3,0
28076.51005906442,3.3464511907659302,0.42908553311696007,0,3,0
187049.5774823265,57.86665011910045,1.1137151082228178,0,1,0
80478.37079009434,1.792128711900744,0.08016642607825729,0,1,0
58001.426539536726,16.553907640585976,1.027458651650355,0,1,0
98751.4710429011,0.7579395595115973,0.027630802715398115,0,1,0
11638.112113839848,83.85559095166273,25.938925873294778,0,1,0
757.9873313548313,152.356468724141,723.6048212396176,1,77,1
31215.60813209222,4.827785428820219,0.5567736329277111,0,1,0
78504.79203553432,1.052311085710017,0.04825590655461287,0,2,0
164113.84822063727,1.2712620130727192,0.027886392871057486,0,1,0
443.6030362713234,642.3192072100422,5212.654010198968,0,49,1
197260.2856697436,4.257193481655571,0.07769377643312818,0,3,0
221130.0013542211,1.0999010244909075,0.017906406475458027,0,1,0
316.14843677622196,1063.0095182090636,12104.549067441258,0,46,1
250636.28044094864,0.23016568070859278,0.003305971701675313,0,1,0
14189.348855145308,2.615780315720558,0.6636533665305796,0,1,0
51504.24784370623,34.206553710340366,2.3909405245740976,0,1,0
103169.25269176907,4.562788859393299,0.1592144894457141,0,1,0
30747.5415981637,2.986063470929966,0.3496158696469534,0,3,0
129116.2521444353,3.738883191360504,0.1042469810372196,0,1,0
3859.1337499333285,4.986025719871506,4.651223241963958,0,1,0
84939.67648726355,2.921314636363968,0.1238141364064088,1,2,0
43640.92334424913,3.36131469966283,0.2772794888717859,0,2,0
153.05551776479183,252.86175659216786,5947.530262389573,0,43,1
67897.44971765907,16.38052354245292,0.8685139868735506,0,1,0
1036.5143787135971,843.3205355510609,2929.0031960306205,0,57,1
78963.39612636241,4.443678946933127,0.20259063051644102,0,1,0
728.3734686244949,320.1266354487649,1582.2321065482,1,73,1
92691.75533692924,4.024893023672718,0.15632042820370443,0,1,0
113092.92379561119,0.7173785206710737,0.022835758310424788,0,1,0
64262.07189723487,1.7762143050517758,0.09950459593665134,0,1,0
12536.03604830722,0.007251582955635771,0.002082452422734849,1,1,0
26095.319736498284,9.880020193732063,1.3630058208364488,0,1,0
26929.985527188677,1.052848822528776,0.14074481240537348,0,1,0
41634.26411626362,0.6754727829765489,0.058406268738773706,0,1,0
74343.26708877052,2.3868076348034766,0.11557882538350814,0,1,0
1084.631657093072,507.746884827196,1685.2622486391758,1,41,1
13969.26316804704,4.915632049908071,1.266800916181971,0,1,0
74052.27676460696,2.6376296183729933,0.12822653186378602,0,2,0
141288.02172589386,2.2887468369109962,0.05831696496440883,0,1,0
4421.02225426505,4.609479012883213,3.753458700727163,0,4,0
9179.86898561285,3.4774422958882516,1.3637223237954468,0,1,0
59589.02284483026,3.5734372471747706,0.21588496464068538,0,1,0
81928.98939234165,4.582341743330282,0.2013503449553233,0,1,0
28162.27492016401,4.582326531162697,0.5857614684520536,0,1,0
23850.038303865862,4.3490618290696155,0.6564611085808121,0,2,0
23427.16963937465,111.22022330262868,17.090959345618632,0,2,0
39119.34725450465,4.506588325817921,0.4147236370636611,0,1,0
151864.31122934306,2.2581834234161176,0.05353107822693801,0,1,0
351772.86725223437,2.3848394554797228,0.02440615192066798,0,1,0
58555.23504016198,1.7489781539721394,0.10752789823115164,0,2,0
47369.99523961893,4.486020654658957,0.34092623980812886,0,1,0
10571.55572962509,0.46627434892685393,0.15878340890099094,1,1,0
97608.73690328568,4.260663598096931,0.1571415576081759,0,1,0
72682.78566148145,1.7590895771007053,0.08712823015695988,0,1,0
73639.96776515938,2.8795523370869818,0.14077122421579455,0,1,0
95273.45727860191,3.6873823594949435,0.13933131927147163,0,3,0
512.3089607842799,614.6041419931746,4318.829223264527,1,39,1
120185.61211143273,35.82233963982928,1.07301049133749,1,1,0
39837.23969055933,4.9807645210032305,0.45010026836424816,0,2,0
1649.8267989643698,1215.0092485884597,2651.2075677665835,0,52,1
1335.3904390220036,1220.106946419071,3289.214059616523,0,79,1
1113.641633115676,512.8999177994331,1658.019643996343,0,49,1
64379.56706688246,4.767784033600492,0.26660667822028783,0,1,0
343283.32363298885,17.235679040223772,0.18074995280325012,0,2,0
96893.68374060855,3.606427742989129,0.13399366577410426,0,4,0
76043.12142939647,23.897097397852633,1.1313258716259442,0,1,0
259887.4839882385,4.319430163394785,0.05983338770144451,0,1,0
3670.6937312908663,4.75801781249894,4.666383353909645,0,1,0
60433.098535305355,1.8921904402422478,0.11271779455247609,0,1,0
1758.5748276839897,659.8313018425828,1350.748713810288,0,54,1
29335.503727986597,3.4913461597385425,0.4284516908795348,0,1,0
779.4054187042401,357.63079220219225,1651.8628444594467,0,10,1
52654.62106034849,3.304087917299197,0.22590071417747634,0,3,0
29141.640464035532,64.65207796441489,7.986766598096404,0,2,0
1387.0201160634306,710.5446283946354,1844.2130958277378,0,70,1
2223.7024505007034,1.0051092787080118,1.6271931537126747,0,2,0
3234.4456884201195,302.67419753783906,336.882178927065,0,4,0
89274.26409985496,0.42379736637660925,0.01708970143119076,0,1,0
10975.324310632926,1.8659172993184088,0.6120367915723939,0,2,0
23620.184505097503,2.421714511360624,0.3690983971364308,0,1,0
25741.441299165745,4.9269257013395285,0.6890419350915342,0,1,0
24660.673604392046,18.112204571106723,2.644045231772235,0,2,0
1140.8336329369572,2.3525035954484115,7.4235302143150275,0,1,0
1198.3470967982746,1424.802192792909,4280.302349593723,0,42,1
338141.6276309631,0.19626526535499955,0.0020895237307164962,0,1,0
80569.47701782694,4.9320700924144445,0.22037442701487808,0,3,0
159442.05371415435,3.6405224618387115,0.08219839469777161,0,1,0
65682.09468377494,0.9450853366727713,0.05179961492401108,0,1,0
10772.712888782045,1.0966409201545957,0.3664728980819326,0,3,0
18408.33483236261,2.009097035421637,0.3929062239134429,0,1,0
192834.9649990059,16.512781418334015,0.30827403684963933,0,1,0
194900.247574165,147.3254286407794,2.7212461231224685,0,1,0
73289.25310094701,3.5657699194649557,0.17515216988761984,0,3,0
112357.23371759398,1.126328893475275,0.03608832188502033,1,1,0
30661.55754290276,1.5419729598257303,0.18104437935370132,0,1,0
86733.58826469195,17.964966437936372,0.74566128844111,0,1,0
146142.1288926546,3.2348284201065436,0.0796853200416795,0,1,0
160959.3775743805,0.21506982190027668,0.0048102283353028555,0,1,0
746.6861067807966,1453.9615232595065,7009.989118855852,1,18,1
93064.71575864144,2.6719398214288343,0.10335800500471244,0,2,0
120511.6536562521,3.2938883924385225,0.09839710810543252,0,1,0
14671.303325077717,1.2645590277814356,0.3102936664278293,0,1,0
62627.83633548742,1.8590149563726788,0.10686069062151894,0,1,0
963.4604831185579,1271.3514066066432,4750.443992232437,1,71,1
74558.3603507819,4.472393123833879,0.2159464769618303,0,1,0
12201.93220463838,0.08808253570553648,0.025987452087251527,0,2,0
6728.148810665029,71.18163842811404,38.08683570360593,0,1,0
9823.378619026045,3.8651594935285862,1.4164754018289578,1,1,0
861.1869756718132,922.390175790068,3855.846322169278,0,11,1
33391.38993744184,2.040341015179654,0.21997370185571505,0,1,0
312216.99133454927,4.497513800657732,0.0518583233191773,0,3,0
65200.85741159872,187.05089367831644,10.327827638692211,0,1,0
139.68698484624804,634.0384699650278,16340.380561485135,0,53,1
21563.57523214137,4.366847198247093,0.7290372651311217,0,1,0
92241.27407511567,2.426266272966134,0.09469251883452076,0,1,0
92541.23178792115,0.6065235228258181,0.023594722481940666,0,1,0
2961.762915662893,3.0829391903562318,3.7472888280790637,0,3,0
1614.482574284536,1286.0281057889533,2867.6067828678183,1,33,1
354.8226298616417,835.857873530311,8480.542365300864,0,68,1
171541.0858584075,3.434549893416066,0.07207824034939114,0,1,0
2885.7160846678244,187.14123437482468,233.46317655048162,0,1,0
211790.31029986133,0.35990968528214373,0.006117724957205305,0,2,0
20026.971281506074,0.6225773441681021,0.11191300009876572,0,2,0
228303.13729340644,1.7948521484350433,0.028302141665544112,0,1,0
117141.17786869344,2.645950493732835,0.08131574183175362,0,1,0
1755.1315459154573,541.2066196969786,1110.0842187261173,0,60,1
134.41650516502455,684.7012982246837,18337.961328355083,0,34,1
5326.187100172355,3.9983940163740703,2.7025371411531633,0,1,0
144019.47919898297,2.856601257780174,0.07140537228162153,0,1,0
40.14541720072296,107.80821256302428,9667.59327188903,0,15,1
247983.77424094235,8.297147712830826,0.12045034743752786,0,1,0
74460.38305718532,4.069919872866543,0.19677190662673721,0,1,0
24805.469091895615,4.782744543646032,0.6941162972302387,0,1,0
760.6041678164813,1316.915777876767,6233.067081352418,1,37,1
1339.2410101696469,377.9386874914434,1015.9331028825397,1,15,1
4179.163455410118,4.211410493741079,3.6277781281421704,0,1,0
33586.33710969807,1.1053293252360836,0.11847631844619666,0,1,0
35139.18481710363,3.3712014033216886,0.3453786738402323,0,1,0
10416.580088827744,1.9844398911245946,0.685828126614299,0,2,0
99330.57070267135,2.72744074028481,0.09884959479812244,0,2,0
8660.940855428296,2.8371962563223647,1.1793068089546976,0,3,0
22552.08630329386,3.5542833673314056,0.567371902994368,0,3,0
157980.56074815756,3.7405512057996777,0.08523823612922507,0,2,0
69808.39056094964,44.51962331577815,2.2958650478679807,0,1,0
253402.3786147211,1.9175094055795356,0.027241393304290415,0,4,0
190821.48068821523,1.0437126671419494,0.01969047503540866,0,1,0
140045.2987563287,4.913049957023722,0.12629470608691973,0,4,0
34542.727368126754,18.5795225913038,1.9363346911168036,0,1,0
53490.038412774884,4.042740919588565,0.2720855647589696,0,2,0
1256.8963663417207,296.5705902296461,849.4368775479901,0,76,1
3439.644438285329,4.344997039759014,4.547559965509115,0,1,0
403.3130466384237,655.3225701545282,5849.454343765193,0,56,1
109585.79443243619,1.6794913505850357,0.055172925408993795,1,2,0
86982.13434079503,3.0753667000925535,0.1272826909139282,0,1,0
1694.7395465094,1075.2039289888985,2283.9699187597644,1,36,1
99380.06152098857,72.4602858840317,2.6248427017467932,0,1,0
370127.98572773935,12.08670989429117,0.11755975580688759,0,1,0
4321.613366817071,59.595833113585286,49.64465374349821,1,1,0
212830.49232584302,1.2120940694360542,0.020502412987370378,0,1,0
130470.91417892628,8.577154832843483,0.23666391542172494,1,4,0
61240.97948466421,3.4713855853981954,0.20406251194207242,0,2,0
151521.68751056842,40.16887773039923,0.9543713656129327,0,1,0
414.486891423428,754.4437237081557,6552.673827686326,1,21,1
6238.77579800863,0.7481836075446335,0.43172908826446577,0,2,0
233.48485992009063,776.4904032681923,11972.362802120002,0,32,1
107618.35744171444,2.649315454183388,0.08862368709005503,0,1,0
1362.8340491866086,851.4054777427858,2249.0337115537827,0,26,1
120079.39950520784,80.82735890132375,2.4232174148418,0,1,0
2956.147754638865,4.2110504010513,5.128221828558992,0,1,0
20269.747363169427,51.4505340180546,9.137850568455965,0,4,0
23341.315459946265,17.49269876339977,2.6979505785054045,0,1,0
920.7509661371074,196.67876508987874,768.9848616657655,0,56,1
850.3525612262628,1.6737176589968112,7.085747544171011,0,2,0
80478.62748716878,3.701421701314176,0.1655733769422887,0,2,0
5132.082754644101,2.4053359542373682,1.6872700323116714,0,1,0
526744.2265996586,62.79221408767168,0.4291494036391676,0,1,0
11845.33719510526,4.939913222101305,1.5013238801604811,0,2,0
123.95907062877633,613.6324345120833,17821.01747809229,0,58,1
2985.8692342199006,2.395203628373068,2.8878468498624166,0,2,0
55636.43957138275,64.81638595701577,4.1939957201229205,0,1,0
17371.605783772888,2.078305007502246,0.43069697298778525,0,1,0
378.2085051903162,1207.974661286132,11498.178176722351,1,76,1
428271.9917248092,3.131224113815165,0.02632067244074602,0,1,0
24551.877438254363,1.8561382387871528,0.27216239069450354,0,1,0
1039.87063310509,995.520710842011,3446.461939529598,0,9,1
31205.709060453933,4.965853947991664,0.5728783210193124,0,2,0
1452.9815157455375,894.8257079579358,2217.077446436512,1,71,1
29233.48241030428,2.376232632936002,0.2926246472624938,0,1,0
771.2017188854444,3.7949322022174132,17.71489299547584,0,1,0
99343.48680336676,4.450575681549046,0.16127954603898176,0,1,0
83506.4067448675,0.7827533746392784,0.033744861724332276,0,1,0
165862.57674276465,2.8826750038407942,0.0625676401369398,0,1,0
38517.41753015459,3.8740486042112687,0.3620848922242008,0,1,0
591.0860028342668,466.38569831933324,2840.514757410636,0,66,1
123850.39926763371,0.9699697811169861,0.028194428380286206,0,1,0
493240.446287056,3.284733696056759,0.023974192292662056,0,1,0
17351.559448425243,2.903098802411769,0.6023179484095806,0,1,0
41913.33042216088,34.320875192122,2.9478724178480404,0,1,0
101672.95706938017,2.4078048388867304,0.085254699674735,0,1,0
10847.967025782664,0.45775867875623044,0.1519115277181195,0,1,0
5725.221935924544,3.493076530055604,2.196434592219782,0,2,0
80513.6415036566,0.6697060970000018,0.029944515043336,0,2,0
138196.88667119914,3.671548333043023,0.09564306633334227,0,1,0
7304.480241152258,3.1538986655246597,1.5543933067163327,0,1,0
391.324216867436,1361.6768645923776,12526.791088406268,1,12,1
62291.709752353236,4.671878398202104,0.27000000963839654,0,1,0
219061.509339761,0.4525994897460661,0.007437902568993665,0,3,0
1769.5929668744473,1350.7023565866969,2747.8231292366486,0,28,1
33708.74811095335,4.818838249711544,0.5146384446512431,0,1,0
85863.52695044271,0.8581750870768651,0.035980705931865815,0,2,0
35329.80537374769,0.49730798726094927,0.05067417539383706,0,1,0
1123.5898742097775,4.751677333341952,15.22445048026241,0,1,0
195286.91924464802,3.5334385423027177,0.06513687041349747,0,1,0
57380.79803991138,0.2923963180795569,0.018344581829521565,0,1,0
88081.31888576265,2.8747744277642813,0.11749583306505462,0,1,0
10436.501642939038,3.243010613186395,1.118654373553402,0,2,0
1646.9382842873713,965.6329762265167,2110.752265328292,0,46,1
51553.0275886872,1.4245431152088255,0.09947728493597024,1,1,0
15344.267784191228,0.5698099067907614,0.1336861226157793,0,1,0
3474.3026890657998,47.25132813022579,48.96084092044152,0,1,0
61440.02695912006,3.1537749902038383,0.18479142224804163,0,1,0
194522.4179867372,145.3567513137517,2.6900976768918445,0,3,0
51001.82478219645,4.348084992249346,0.306912665163341,0,1,0
15783.98207065901,9.304131334066112,2.122080008244683,0,1,0
2485.7153963163796,1.040920128003121,1.5075388221694392,0,1,0
52284.180144948,3.4251497463459426,0.23583690234142157,0,3,0
518.0785784641514,289.48274254555054,2011.544033056547,1,53,1
135747.6995003981,9.628688008626566,0.2553507496526966,0,2,0
6542.119198633014,0.2021941560633067,0.11126348201971004,0,1,0
86540.98886382031,2.4084116122759602,0.10018699714463501,0,1,0
31786.3417626592,0.17097724960594418,0.019364232071036085,0,1,0
196642.22370655462,0.29166636142400837,0.005339641107259462,0,1,0
100953.7841788528,2.2621344323335277,0.08066744622443377,0,2,0
82965.65935580793,2.5352176846835484,0.11000676346968442,0,2,0
133351.13635405066,0.2398377928973794,0.006474755881630991,0,1,0
5216.265601351116,1.6736297757655585,1.1550537593782415,0,1,0
679.1458387969597,115.12410549462794,610.2471017341613,0,5,1
1602.9047701551292,4.406776201528747,9.897278129609742,0,1,0
59512.742253824275,0.47137988949468024,0.028514357394979598,0,1,0
6559.19921726879,0.05851313405446312,0.03211478651867803,0,2,0
70485.98381011558,1.7243689184660487,0.08807039032328712,0,3,0
295446.76202939526,0.665433195863987,0.008108261158983388,0,1,0
4639.333228759198,3.399364369735874,2.6378169292060436,0,1,0
46302.17643109529,103.0282299570822,8.010457745921602,0,1,0
962.8445933021907,1071.651064280864,4006.818814010089,1,44,1
998.8233476593796,833.7349230943739,3004.9815417043137,0,28,1
65620.42585852882,4.496110759873637,0.24666098282325252,0,1,0
312105.53269247676,2.8240958144319803,0.03257470267908582,0,2,0
3477.448744144753,0.35503390111294275,0.3675459044964116,0,2,0
64792.15552505678,4.480412803162961,0.24894195849293788,0,2,0
5795.308223322912,2.3191486590831607,1.4406369516464248,0,2,0
84951.26506514686,4.4782561520095925,0.18977612793489554,0,1,0
293967.8293320261,4.01433186198773,0.049160463360884546,0,3,0
94183.40217270935,0.33963102111413124,0.012981816836142648,0,1,0
62104.80638333067,1.0874217693148902,0.06303406447112506,0,2,0
75209.14510046713,0.501206851337957,0.023991027452929234,0,1,0
92010.44010356077,0.07683125367361654,0.0030060992308449516,0,1,0
76785.72676088466,29.458472010696923,1.38112255639328,0,1,0
150334.02183232966,0.0864698788354129,0.002070666107467515,0,2,0
32484.628431814923,3.7803055600276876,0.4189396854165997,0,1,0
303183.30407184456,0.08218028966163582,0.0009758091517855559,0,2,0
25397.469077511672,28.730717548573885,4.0724759959034325,0,1,0
36156.14901408853,34.94573681489361,3.4794815256623766,0,2,0
107866.65710161277,0.9535862650237265,0.031825502396459156,0,1,0
41293.74342480849,3.047075518290496,0.26564488845192796,0,2,0
15771.487970037468,0.4378640863311506,0.09994686067584765,0,1,0
33346.2603294008,165.9219843262729,17.912627613236044,0,4,0
47564.68335507827,2.7325085694894153,0.2068137566842782,0,2,0
136309.7510549909,2.9323388602027363,0.0774443487353382,0,4,0
111469.78817584063,115.6133384964712,3.7338190499719905,0,1,0
71671.68465091808,2.718481792375709,0.13654673390500796,0,1,0
62958.498433320405,0.9052518023607375,0.05176277340778983,0,1,0
63445.781685782735,1.5021009371531613,0.08523125147283253,0,1,0
116690.1115212794,82.42442841184045,2.54287135742873,0,4,0
284031.62537040724,3.005413326966078,0.03809254678231034,0,1,0
52873.2010251199,82.64683924142184,5.627210297476857,0,1,0
38811.736125299976,4.869677870522137,0.45168915601412557,0,1,0
10385.966778846743,7.264895973881577,2.5181695708136833,0,2,0
303712.26964599977,0.5716155705956261,0.006775544684259211,0,1,0
45230.41580890897,2.0544995249590325,0.16352266848706926,0,4,0
174763.19923978005,57.81293585413493,1.1909061517541242,0,1,0
9064.810470584853,1.2093481805689517,0.48028069248394695,0,1,0
119373.16400340229,2.563419767249714,0.07730641337307564,0,2,0
35329.64801665801,1.5594384210747387,0.15890275253300165,0,3,0
115699.85399706181,2.5710358723864313,0.07999775990059764,0,3,0
1359.1629021881488,1326.9563512914244,3514.6948588417563,1,49,1
15324.800470313794,0.5273281500470972,0.12387641482490887,0,2,0
1731.9487228508704,166.89079067313114,346.89644011764693,0,42,1
66942.7934601862,0.21901119878073705,0.011777822150185191,1,1,0
3552.243718200384,15.049611299418986,15.251937923154658,0,1,0
88061.71061231848,4.610463267861658,0.18847768966663944,0,1,0
22366.70962700558,4.042658378861432,0.650679979603668,0,3,0
101900.92151743972,4.369098881400261,0.1543534223127615,0,2,0
101713.26687488348,2.594869279721938,0.09184179895126073,0,1,0
48131.37093236012,0.04865480077761497,0.0036391500887345504,0,1,0
25116.28305662277,2.5450109176836913,0.36478484029687674,0,4,0
1661.7241474587754,915.9175985114067,1984.2663775955418,0,33,1
11563.923161031416,2.3330681140106284,0.7263145122532213,0,2,0
1233.2308520092533,1460.3787707697118,4263.0814548673925,1,12,1
1626.0264264256775,1214.4592667805296,2688.796005622449,1,48,1
40784.61436709246,2.3028300378112787,0.20326753764305883,0,1,0
37927.636166583885,0.3068646490673943,0.029126854407444613,1,2,0
34148.12983021512,2.661738639773144,0.28060860582486996,0,1,0
99655.04635618743,3.7580243416157137,0.13575717562221154,0,1,0
186814.9023205012,3.6376732824520537,0.07009946023663804,0,1,0
8374.854364001523,1.5977453143920328,0.6868039588288501,0,1,0
67936.13191001506,17.07554768035486,0.9048494508150731,0,1,0
89065.46643780643,1.3318882071501192,0.05383453023387679,0,3,0
18737.140993212022,2.754811107093621,0.5292867246465095,0,1,0
94423.9425439784,4.071136640365355,0.15521584367745642,0,3,0
24.201398355370948,747.9013682008673,111251.62628983361,1,34,1
330814.8768376598,2.06024612944693,0.022420049959387477,0,1,0
651.4979261089351,1109.2814395314613,6129.586944603004,1,10,1
158576.45517155473,3.3395075636742972,0.07581344415992472,0,1,0
16515.903683221066,2.143753706491558,0.46727769133275043,0,2,0
129583.23257395599,37.77443760554893,1.0494257063880919,0,2,0
12162.246335055775,2.9036243307140284,0.8594668536223629,0,3,0
439867.9652046286,12.43136486069248,0.10174169759708158,0,1,0
29854.540237007557,2.568166919643255,0.3096815706193713,0,3,0
19429.016990459517,2.689615156339429,0.498358438184316,0,1,0
38579.62263848627,0.25872739834550573,0.024142761653522648,0,1,0
35459.14315926857,24.83625281183691,2.5215079146446353,0,1,0
143627.20775488412,4.297466449444891,0.1077155189454382,0,2,0
13113.803708861744,1.4192307417306826,0.3896070723384291,0,1,0
50920.744928380176,116.00776547944204,8.20152879368484,0,1,0
101796.70620179504,3.6092658026655617,0.1276402486327883,0,2,0
55764.35514936527,3.8927291071134453,0.2513043457253699,0,1,0
27386.52197401794,0.30568815006111805,0.04018317263010129,0,3,0
268052.6772241607,0.22614815460107462,0.0030372140468608137,0,1,0
10804.266445444222,39.82362427421189,13.269299504143085,0,1,0
54620.56528459013,4.493059038171111,0.29613411090015557,0,2,0
32720.473981916213,2.157028518348927,0.23732243824914717,0,1,0
88024.15081465257,70.35927185632228,2.877544132360965,0,1,0
84821.75212593653,51.5464175877289,2.1877301360187524,0,1,0
43587.95184030086,28.3765101996226,2.343662237053996,0,1,0
139684.27939176757,1.4570113314412243,0.03755068799458288,0,3,0
40690.93854606087,2.321658723975764,0.2054012933825989,0,1,0
72704.56325376927,0.4353235165648356,0.021555244808545912,0,1,0
231937.37788632608,1.8445718667681006,0.02863039489745241,0,3,0
152417.12881682065,4.510586543211389,0.10653731428753282,0,2,0
102351.48418173751,4.9525755772510625,0.17419651723316276,0,4,0
87233.81561252574,3.869902981334552,0.15970470436242123,0,1,0
37931.67077638865,10.899852432799795,1.034477732061955,0,1,0
92744.79452390011,2.775426252364099,0.10773148573784333,0,1,0
125776.47933742509,4.412106042434751,0.12628419746233832,0,2,0
189663.68884156886,3.4388651777274077,0.06527298248511838,0,4,0
17114.77805140449,4.381016811124924,0.9215229360660893,0,1,0
416.107043717253,1255.203997370932,10859.547942682411,1,25,1
29542.39688269344,3.256915855780073,0.39688374397532233,0,1,0
16342.703878581904,2.7600908614782558,0.6079977447516427,1,1,0
78859.68198411253,3.952541905865781,0.1804363206027573,0,1,0
27628.040991152116,4.66814722016532,0.6082707781553192,0,1,0
516.7381387403738,1106.2608667370382,7707.074089714706,0,7,1
190582.14296239006,0.4617822911963104,0.008722833222810296,0,1,0
53357.938285955315,68.47011917531727,4.619601824008687,0,1,0
77796.45751919397,1.3227314311302085,0.061208868680092655,0,1,0
65245.57332366337,4.896167969150979,0.27015173276975135,0,2,0
68536.56438218411,17.975392423738796,0.9441881615863608,0,1,0
661.335890375699,695.5489734402992,3786.239853038356,1,63,1
9031.995362555392,1.1440674986296715,0.4560058801781253,0,1,0
193727.05586778515,145.43238257031572,2.7025475347669223,0,1,0
4612.737373893182,4.235355688455684,3.3054733540079377,0,2,0
156926.83297572908,0.3018292175752868,0.006924151610445665,0,1,0
15532.857861472598,2.3003599709908147,0.5331469565628164,0,1,0
101062.48654956084,28.174894172603064,1.0036327274772736,0,1,0
17069.763597820103,1.0642538547995688,0.2244503185602246,0,1,0
1137.651784643888,1325.669135915958,4194.964534592917,0,47,1
88946.10240614419,2.8032842675034093,0.1134599840803722,0,1,0
8018.06865492072,1.185658011916615,0.5323437633924847,0,1,0
1152.0682324617421,841.8231782520181,2630.541626194787,0,15,1
256060.81725961962,2.7164668018553764,0.03819124140638886,0,1,0
8677.59829395327,1.9055466300414143,0.7905376160278426,0,1,0
589.0202140601702,750.7299674864514,4588.344879238972,1,69,1
11633.482661598018,3.0306219444148885,0.9378308557512328,0,1,0
35569.91739746922,9.874390229507434,0.9993783350409459,0,1,0
28900.884641909048,2.283144945755708,0.28439689326332057,0,3,0
90990.38652626734,2.755156763400785,0.10900672836882071,0,1,0
70301.39645256972,2.584183838672496,0.13233110988766042,0,1,0
75001.07418271618,17.907092898110324,0.8595281485722119,0,1,0
250206.75692657416,3.633902761776338,0.05228495866014476,0,2,0
103003.10482221676,2.2636271331496998,0.07911468002255062,0,1,0
178658.52646332225,1.1715955402401312,0.023607851404340085,0,1,0
1430.359197065605,954.1436610941291,2401.436776849919,0,74,1
183419.69602132324,58.55772915245541,1.1493194543531042,0,2,0
118773.9367923887,0.7886015854162487,0.023902261591790753,0,1,0
3972.1717724973887,104.49344207178932,94.70295168578056,0,1,0
95234.02553899022,44.33347138152183,1.6758768315231596,0,1,0
33897.75377251264,79.90114815365668,8.485639941912963,0,1,0
8853.680851597064,4.220393671911174,1.7160565728026638,0,1,0
49130.87996430238,3.24412938250307,0.2377092733835972,0,2,0
35707.29206678067,2.3757776669583923,0.23952529318253965,0,1,0
125440.1344681707,232.21726903960658,6.664391520998461,0,1,0
1475.7640820133076,27.82976174847332,67.88831867883916,0,2,0
173724.19624365686,2.5248045947108384,0.05232026820380752,0,2,0
117456.85765225507,0.13814877904207545,0.0042341981089251725,0,3,0
3322.033599652423,22.827846487711017,24.737933825942637,0,1,0
27466.527157379798,4.522369636406438,0.5927407785402847,0,3,0
205784.97386630942,16.552147631630483,0.289563083029481,0,2,0
38899.635531248874,2.3170177369301728,0.2144303857615302,0,1,0
41428.527659099505,2.345301701105768,0.20379884589324276,0,1,0
302722.41909808316,0.5368055922533388,0.006383736420545327,0,1,0
66633.29317484032,42.63578716244278,2.3034856371581673,0,1,0
840.2299311048072,878.2560895686825,3762.924653600415,0,61,1
93086.92177962442,5.135423894912259,0.19860497767293048,0,1,0
194579.14754304267,3.1711399940680742,0.05867074721416241,0,1,0
22145.07320820107,0.3422658471302137,0.0556402337479047,0,1,0
292209.05543001223,138.0504570061529,1.7007742778224195,0,1,0
1664.9872874896616,1244.8950315548252,2691.6854844906425,0,50,1
5144.275835070206,0.8131414815785853,0.5690420629715236,0,1,0
102299.7476651701,0.18873658483716693,0.006641773033865784,0,1,0
381.8490227929753,113.80936953184428,1072.9731015621098,0,30,1
51949.22680382352,3.607427047182746,0.24998904062422056,0,1,0
191366.6519882769,0.6071106116563124,0.0114209982734955,0,3,0
66640.95237827343,3.37907433208046,0.1825404223883156,0,1,0
66552.32258867267,3.379058178713665,0.1827826433429332,0,1,0
45765.00820102355,42.39450649879238,3.334867170246441,0,4,0
53297.824862978814,4.89228336092142,0.3304491345490298,0,3,0
123558.95659779386,4.696062466449794,0.13682395307246475,0,1,0
6212.791018192766,3.449821785631812,1.9989982588996178,0,1,0
572.1622121926897,646.5233935097098,4067.874751314611,1,19,1
39065.620580516195,4.017039132948178,0.37018075391399186,0,2,0
87740.10653528472,4.623929548570068,0.189721064085533,0,1,0
2036.4610748134744,1.6361059158072693,2.892263137141303,0,1,0
502.34902927209436,724.4400497471441,5191.578020701459,1,35,1
152791.96490666404,1.6924025518398884,0.039875455429514324,0,1,0
1332.305010938114,290.74638448331825,785.6211419657902,0,12,1
33875.642070630216,3.725663742492,0.39593019211286284,0,2,0
3422.25162644346,2.9448771738076007,3.097831189205957,0,1,0
105166.51484875933,3.008178679116682,0.10297425240718447,0,2,0
298722.35617070703,1.472320494205801,0.01774341179912212,0,1,0
52972.67306648825,0.32000041376193444,0.021747090015582903,0,2,0
24323.602903078085,4.202247908194027,0.6219511365063471,0,1,0
43642.48391864013,2.02612891464667,0.16713219408697877,0,1,0
11941.449689303965,4.324998063030265,1.3038612088158024,0,1,0
440.0124128714665,202.87417781902877,1659.8328110390098,1,26,1
31601.516776917924,1.4673928867950718,0.16716331781646426,0,1,0
1588.8952669943853,462.3574237028131,1047.5748527332034,0,51,1
74028.00329789984,6.819615581783675,0.33163958232975504,0,1,0
99499.42212896007,2.253589927660737,0.08153739555455493,0,2,0
29448.468995714804,1.4666375164537915,0.17929268445167568,0,2,0
12157.960384143125,32.72199588937493,9.689058154473669,0,1,0
70312.2093368105,1.0247883111614031,0.052469378433392895,0,1,0
89876.53468696344,2.0734194291172194,0.08305070918477107,0,2,0
131948.6720121155,4.315039407496005,0.11772867153645376,0,1,0
5527.134429908365,4.956332493725217,3.2282183839893683,1,2,0
36570.619187827564,1.7463245292381946,0.17190762543473792,0,1,0
171617.82434150623,2.014864000616971,0.042265483961544524,0,2,0
71457.72797941684,19.269911580623887,0.9708072681827818,0,2,0
160420.91445063258,2.6739343771655752,0.06000566566249312,0,3,0
28505.375418556203,4.239620811392054,0.5354300617656783,0,1,0
3433.4946555102324,4.169046544364309,4.371222053782744,0,1,0
14170.465025532094,1.7244458708659165,0.438094665484289,0,1,0
724.5069327541072,179.38895859675313,891.3651778229312,1,60,1
11785.20007762532,3.0967565296814947,0.9459596301652039,0,1,0
21955.929935896977,1.934468002883042,0.31718468908907294,0,1,0
1573.5208614215894,824.1432696974257,1885.5268103851433,0,28,1
5070.780221221307,65.66630137035948,46.61978524408558,0,1,0
12669.324426123276,1.6514708773406706,0.4692669441921958,1,2,0
31982.87121919385,4.63235602279829,0.5214191548901902,0,1,0
6985.694424021709,105.67470742264251,54.45828626762315,0,1,0
12361.0206040277,0.4859810851979508,0.1415362018038023,0,2,0
25876.600451761147,0.9879869242053974,0.13745054856683694,0,1,0
862.3099739481606,165.78716338629798,692.1336946365327,0,54,1
19135.34100767026,4.800942150049626,0.9032183818020664,0,2,0
134854.48872395215,4.867632759186259,0.1299436014246525,0,1,0
5495.959235816237,2.33656189077534,1.530510406986664,0,1,0
42158.93836305617,0.6129157825359149,0.0523375801859101,0,1,0
55380.887103629124,4.827734589469727,0.3138238737413094,0,1,0
525.6019439313808,1128.0298847701565,7726.203512106357,1,18,1
349642.988041938,2.2786370034012315,0.023461340546776566,0,1,0
1246.5554824590372,1316.1521863853282,3800.9923646883326,1,69,1
60354.09627648076,2.0177431040684417,0.1203543027364827,0,1,0
10690.78414965907,3.891978071766058,1.310579360897921,0,1,0
75558.08729423399,0.18353991402314196,0.008744844055015324,0,3,0
171.3510638175424,460.4056269591031,9672.89154864929,0,8,1
6479.470145419025,2.2199431348438754,1.2334025940513265,0,1,0
943.4840915511613,0.49965938527204823,1.9065226463140987,0,4,0
156.21487094366415,1218.0367073015966,28069.876573191857,0,32,1
2135.508077663741,0.31201160138435324,0.5259833838757965,0,3,0
59952.05104316728,2.7840755898469656,0.16717813567766765,0,3,0
134037.32826989712,35.76727916558971,0.9606443716697175,0,2,0
99042.91394439607,1.5604595795354104,0.05671939831537367,0,1,0
18761.157342431525,1.1852075445934003,0.22742451772344938,0,3,0
868.4968186969509,0.10097461542166453,0.41854916183041685,0,1,0
36144.93045936789,44.45476864891515,4.427651820107923,0,1,0
78367.54652086651,1.1551806897352974,0.05306597778890231,0,2,0
15.24767747976814,470.6758135929215,111127.28028139558,1,58,1
74659.13330672732,4.723650641630151,0.227770422139849,0,1,0
41866.19380555159,4.098558113766625,0.35242776733153414,0,1,0
660.0617347250087,236.7970350767577,1291.4993877526908,1,79,1
1567.4519296505723,655.834081467815,1506.2680064520168,0,57,1
78323.48412391407,0.00024061947155873398,1.1059647145433374e-05,0,1,0
141732.20966009778,0.20967832799434372,0.005325832304385147,0,2,0
278690.1297228063,2.4606699619866994,0.03178588302342449,0,1,0
18281.68513548169,20.11454366304934,3.9609235500089297,0,1,0
79935.1235123409,3.777495343483936,0.17012525456900898,0,2,0
1475.0022137281296,321.72488139821496,785.2256506830257,1,7,1
38354.32689676249,1.0176776124090243,0.0955208890651067,0,1,0
32042.760551353796,2.819708848222435,0.3167939240856666,0,2,0
153799.97493383026,4.701170964364447,0.11004043062421406,0,1,0
1922.8299302483513,2.217506912750208,4.151706170326602,0,2,0
43705.28728713752,1.9151917520913093,0.15775414682053407,0,1,0
1533.519879481001,562.3032985724903,1320.0297576488276,0,69,1
1754.2012587672034,214.20148709816402,439.5877324220556,0,28,1
1681.5328957921733,336.9128195248443,721.2979022441583,1,48,1
37071.341267223426,111.96129499035517,10.872567546447103,0,2,0
49659.42795446792,0.8368642577006802,0.06066745936914062,0,1,0
53562.00854614851,2.210770568932914,0.14858991035224692,0,2,0
6358.757182065636,16.12952633596517,9.13170500884134,0,1,0
54098.639570482126,2.4570687731144085,0.1635059153694175,0,1,0
154601.03564011937,93.15385931534527,2.169156837447587,0,1,0
41500.84106826964,3.897153039016716,0.33805943637096364,0,3,0
127146.62210820364,0.1507065886126402,0.004267071433040447,0,3,0
521.5701006270963,447.11323567948165,3086.0811356150666,0,65,1
1491.670279448556,476.67404332945733,1150.4060780914874,0,58,1
14252.117692444817,1.4629822181197139,0.36954059030981173,0,1,0
180.6256437472811,952.5197052902282,18984.408126691804,0,47,1
57751.05237264789,0.09503700012835681,0.0059242764660705285,0,1,0
5866.709917559119,2.89235461506862,1.7748408836582135,0,2,0
5123.939437170945,4.281425640233811,3.0080629355275317,0,1,0
40199.07399349371,65.89456035429883,5.901141337580819,0,1,0
211764.1705906448,11.173815003321554,0.1899553352191802,0,2,0
31343.922225385224,3.9367442420485355,0.45215398281893054,0,1,0
117982.46906638074,1.0783157990870695,0.03290265839859096,0,1,0
163889.74423910785,1.810279250862457,0.03976457058592284,0,4,0
107915.09635994965,0.6550727721680721,0.021852938646684816,0,1,0
50166.438885493655,0.8689942856761984,0.06236000597082305,0,1,0
37959.826071821524,3.0480151708883327,0.28906493392348304,0,4,0
25396.67430250469,1.513028104543519,0.21447300979165923,0,1,0
4828.628840319174,2.497022806901223,1.8616635078231047,0,1,0
185317.34630111675,4.075369953413049,0.07916869157217457,0,1,0
104125.5004250812,4.425322754583338,0.1529996192235596,0,2,0
92928.39625292287,2.6512376318312136,0.10270763146084282,0,2,0
25979.056784858793,3.9933905295381598,0.5533767459454558,0,1,0
1368.8356757994416,152.5213456959742,401.1269242999746,0,38,1
28171.07826671619,43.438342795673314,5.551013439523996,0,1,0
27666.31857337691,123.41898609463672,16.059540005739933,0,2,0
31464.7464090477,0.049002634669855216,0.005606575769533364,0,1,0
31225.242864855023,3.247904723089195,0.3744552781775582,0,1,0
588.5496856031433,1225.0783571349157,7493.4745418580205,0,44,1
20556.109243241386,4.972827841042883,0.8708934174223856,0,1,0
1385.9664339441954,1094.5833592058902,2843.1425153113523,1,58,1
6336.849258391147,0.27944134126537623,0.15875221068628725,0,1,0
445.5338355473823,1157.0017550826467,9348.799094417063,0,38,1
21428.632225148045,1.5333698584403805,0.257605405346735,0,1,0
1050.4381012686288,103.37936387738544,354.2957071998035,0,47,1
214790.60825892672,4.113231735731498,0.0689398590034394,0,2,0
11101.647039046145,0.8511651621916527,0.2760126108416815,0,4,0
108051.79679359069,1.5713504911046128,0.052353241092166214,0,1,0
11292.396648817312,1.7640300463295289,0.5623702712790746,0,1,0
123992.23274968124,1.543038408177183,0.044800695545601746,0,1,0
645.8391740151059,103.83668988190877,578.800572363745,0,27,1
60663.35465852597,3.8666177635203836,0.22946017454900194,0,2,0
1423.513566854505,900.7049136684311,2277.841086103092,0,17,1
282937.8260664454,4.14333571766797,0.05271832611063394,0,1,0
66304.08559588293,1.6450286483111642,0.0893173185437598,0,2,0
1412.087113071147,1257.9373333456099,3207.0078100174733,0,52,1
1730.0943035545963,719.656395167688,1497.4692519828416,1,15,1
20290.549261293705,4.353117817056566,0.7723410509787478,0,1,0
1224.4953606255278,1406.111402871108,4133.9487376661755,0,70,1
1693.1796542293591,921.1631153101742,1958.5560261329567,0,59,1
48718.21480605556,0.11125062747612602,0.008220790940481509,0,1,0
205091.5947708267,2.4721610041449416,0.04339417041866867,0,1,0
265903.3924648852,2.76713850393534,0.03746360105384045,0,1,0
57768.47771776286,3.020360502995318,0.1882219895754633,0,1,0
67197.95667868634,0.1409515774826814,0.007551206971425618,0,1,0
104354.07843334142,2.765189219948006,0.09539331228124068,0,1,0
44463.448144513866,0.0835554686886314,0.006765100320187094,0,1,0
20137.544212720033,85.91450178299579,15.358983357236681,0,1,0
174957.70286979325,2.4504534560718074,0.050421515012824145,0,3,0
6541.803877609222,3.2860659983423357,1.8083448870307253,0,1,0
5011.664126736499,1.8357157965603688,1.3186392185305338,0,2,0
32931.89712216461,1.6280725356373122,0.17797520460336833,1,1,0
1152.7003563033009,643.721133941583,2010.4063207038178,1,42,1
192152.20679140594,2.9105384159011116,0.054529367485321174,0,1,0
46105.97276778286,4.623697825997318,0.3610229038529573,0,1,0
62802.201957629935,4.844296677338942,0.2776887990358345,0,1,0
13479.963186270696,2.770085095538094,0.7397873574383277,0,1,0
25748.849412300315,2.5279720084542276,0.3534410056430632,0,1,0
122398.4821546477,1.8222992396982174,0.053597701110580945,0,1,0
55139.57563425762,1.9408072398015848,0.12671309096809255,0,2,0
123987.90802513753,8.783778827474892,0.2550378039485801,0,1,0
196387.52016559616,0.07749958345160513,0.0014206529019284108,0,1,0
35898.851151548544,1.634393948826598,0.16389990283914552,0,2,0
1787.9053558825062,140.991757352202,283.8910487056467,1,29,1
54266.48543497308,2.2683492348354872,0.15048067292275724,0,2,0
14048.582273228672,1.5463443939609482,0.3962563417425915,0,2,0
219045.8090022673,1.894407847009777,0.031134438409477196,0,3,0
86644.43698082404,3.2811399520440334,0.1363284734595569,0,2,0
86439.96042200236,2.666634213764682,0.11105839385726175,0,1,0
312.22052974783696,717.3258140508486,8270.990164127557,1,48,1
111404.24788741456,2.347903516759129,0.07587190632869704,0,1,0
36786.58876844993,3.976891556651798,0.3891855723307866,0,4,0
142508.64255456135,1.3031325666853784,0.032919247253872644,0,2,0
169960.40458299956,63.08666527518753,1.3362641466281386,0,2,0
180894.85855494504,1.7239346432726825,0.03430813216781723,0,1,0
77816.05379935013,0.8643026249436347,0.0399851868332993,0,4,0
157910.38826191326,1.5987420061328206,0.03644770483707517,0,1,0
63.9588027563627,3.7558325539781197,211.40166187642006,0,1,0
80894.11735494442,0.7052989974614854,0.03138765183283322,0,1,0
810.1771692563325,1.4210529345953171,6.314409685524665,0,1,0
22735.38444502971,4.372193925803719,0.6923084221843613,0,3,0
70750.19465618591,2.8025436703898654,0.14260253646555004,0,2,0
196035.41484682824,1.971188680646505,0.03619896566073062,0,1,0
25124.476400326672,2.266423231688291,0.32474800684689137,0,2,0
1446.3937255506344,337.3087560662748,839.544240539558,0,75,1
1389.3563567326973,1185.2331327982138,3071.0906222128297,1,32,1
42624.95923521568,0.595785227702324,0.050318565887480404,0,2,0
35276.08617638404,2.767147805818637,0.28239334860271675,1,2,0
115201.72243624166,7.674241163585208,0.2398164506975757,0,4,0
301292.45481334685,4.474553212823329,0.05346430456130495,0,1,0
58895.571072932275,32.79749560919453,2.004751495607186,0,1,0
103471.34697265991,119.71134977142017,4.165026084863714,0,1,0
29124.110975732085,4.44275691351684,0.5491643985970147,0,1,0
422554.5887209519,2.7278127208387897,0.02323989860042602,0,4,0
76246.39752098414,1.3833436619248802,0.06531504890521533,0,2,0
32015.810577537573,2.8034890873213305,0.3152367699675789,0,1,0
60482.447959318146,1.3593036336295787,0.08090765579392482,0,1,0
139888.24495516295,3.140272655752126,0.0808143783942041,0,1,0
121362.29006427347,5.184464628659138,0.1537880725000196,0,1,0
171601.2641294011,3.3592098590223376,0.07047241495471274,0,1,0
34483.90325969963,85.57293519963092,8.933517890902314,0,1,0
1721.9977436408446,2.1439515971052345,4.4821346474357675,1,2,0
111544.9423494611,5.742399266895751,0.18533011829491144,0,1,0
78145.23705826352,4.789065913766789,0.2206230083697381,1,1,0
67332.31204763845,46.58412902984691,2.4906743791717267,0,1,0
68000.59542198629,3.0515389077004795,0.1615506452487595,0,2,0
45923.96045066197,0.03770546357999338,0.0029557483186539836,0,3,0
22396.871741802053,3.544875729696695,0.5697917447591414,0,1,0
40571.88731604254,8.602403529341244,0.7633032317277276,0,1,0
15296.160323303931,3.102795977094993,0.7302529053990243,0,4,0
57084.430850203964,75.00249992776008,4.7299937254077316,0,2,0
988.5661269716002,0.5519711712496689,2.010079206927848,0,1,0
151283.70585003373,3.9297136966448853,0.09351284216917159,0,1,0
146569.83520640206,3.1504692472770577,0.07738078762404182,0,1,0
8017.662506461334,2.640292109460623,1.1855140555490131,0,3,0
48843.4272288421,0.08815704467012353,0.006497606306894044,0,3,0
17893.537657420522,2.7740337913697397,0.5581077280595551,0,1,0
1038.9913257599455,583.5981313055331,2022.1085783976366,0,72,1
565375.2997865999,4.089438710643746,0.02603930409388998,0,1,0
633.9533385695579,1324.5954354844193,7521.915695725454,0,70,1
47720.176157014335,4.824322997026498,0.3639459069084462,0,1,0
4294.179397051316,105.36938638015974,88.33580432830762,0,3,0
114959.87035699816,1.0862870024693227,0.03401737664408825,0,1,0
95099.70561988106,3.433944841791925,0.12999200523147098,0,1,0
76573.38212750964,1.8266963180535023,0.08587980003341247,0,1,0
27234.27604203087,38.95419277750114,5.149213211417047,0,1,0
12068.086620452934,1.4463353641801624,0.43145259682045317,0,3,0
175972.6702360199,2.466074217977968,0.05045026124121103,0,1,0
128170.39106386888,0.23905531851239892,0.006714492633605127,0,1,0
1709.4185904731341,576.7040208036302,1214.5266738432013,1,69,1
60432.91035254349,0.8025770764034562,0.047809669569071796,1,2,0
86246.71750183929,2.0249851943847386,0.08452433797993059,0,2,0
94505.61951097626,1.9221436653369146,0.07322016649400631,0,2,0
15073.501130260294,0.5962508384073328,0.14240241863632194,0,1,0
1624.7566379285104,1028.0673801516587,2277.9057996430956,0,36,1
117147.28064890136,0.0956317531186518,0.002938816072555374,0,1,0
61860.62134905496,2.1879887187689677,0.12733075122415685,0,1,0
616.915643397064,0.11403830343811538,0.6654684425192665,0,1,0
48875.64470157275,4.707055907092506,0.34670440398278246,1,2,0
13647.771141649688,3.8290204401544385,1.010016466534166,0,1,0
28222.072207484205,2.162416879363299,0.2758373201115775,0,1,0
46269.296295962835,1.506128740311397,0.11718491308877166,0,1,0
22431.76187615699,81.5338198649619,13.08509572874215,0,1,0
40266.63271673144,3.395638687004366,0.30358384718214404,0,1,0
74644.49166704128,4.505656196430859,0.2173015308283367,0,2,0
43006.24509626046,30.66761996356296,2.567148832029202,0,1,0
720.33474243518,166.4298607580638,831.7626006813692,1,33,1
2883.4270136390082,2.2377324070711193,2.7938410188122704,0,2,0
125404.9667505096,2.8148461745210147,0.08080578059109828,0,4,0
3094.4475876140496,1.4935045067219361,1.7375043758115707,0,2,0
249105.37999869752,1.5212664170488104,0.021984908962642043,0,2,0
69246.37492854112,4.634361014073292,0.24093246278784436,0,2,0
95410.78451986467,4.099384559130391,0.15467627152564511,0,1,0
89.85456177961184,1416.641945348147,56757.39664461318,0,29,1
301368.9053018651,22.95561699137404,0.27421615075440603,1,1,0
85036.27258514265,2.002023686050185,0.08475542319384195,0,1,0
167763.12403857903,0.20069694082705092,0.004306721105236656,0,1,0
143764.2055942439,4.576644723328252,0.11460377731632929,0,1,0
529532.306673313,2.5738368703772148,0.01749810656798014,0,1,0
20130.736692752154,0.7256984663307031,0.12977739059749052,0,1,0
25685.635855989585,3.760234639029305,0.5270200347151954,0,1,0
176342.81770272928,3.0478426694923204,0.06222104054540427,0,1,0
41731.607636232104,2.0469341840822457,0.176579899028338,0,1,0
10883.60173159334,28.495188495523145,9.425434806760924,0,2,0
97595.10742333549,1.782089275788938,0.06573609643167617,0,1,0
1258.6434620207463,560.6764611586757,1603.6592737157225,1,75,1
202503.86590947714,16.4992267931312,0.2933139878022079,0,2,0
5962.351202433829,93.68358893300322,56.56508795073022,0,1,0
2128.8639653714963,2.771612990418277,4.686916086610835,0,4,0
40207.90306874945,2.504647022082527,0.2242526615745131,0,1,0
11724.238907547291,0.16150956457674226,0.049592509762146096,0,1,0
21489.356965987983,1.7677442710216855,0.29614098671032457,0,1,0
119320.1509370305,69.30573908307794,2.0910186480634856,0,3,0
67648.15235428035,4.232122843513446,0.22521889669444004,0,1,0
185.73901398109518,844.9186912544576,16376.243328316781,0,72,1
44238.7934662524,4.844212035491958,0.3942052203813951,0,2,0
1221.7649296447678,236.92957256655453,698.126489428366,0,54,1
11683.817207526818,3.070077074472926,0.9459474820423037,0,2,0
1456.851008411209,187.57856243836943,463.5222276535813,0,65,1
60913.51968453052,3.061556444201984,0.18093853804882282,0,1,0
7262.679475135139,3.40106685466834,1.6858572264857108,0,2,0
97428.03114252667,2.457391172092232,0.09080146766581379,0,1,0
1176.2408335416096,899.3989713062485,2752.6984307741736,1,71,1
11232.488964785243,3.5676351635229864,1.1434230319698613,0,1,0
165390.28510634106,4.736692560403882,0.10310214536778858,1,1,0
130034.88160613342,1.262346487606398,0.03494791012420687,0,2,0
80075.82673542787,4.836017279210967,0.21741470447356548,1,1,0
174536.58122707822,0.8792035268911624,0.01813449464035414,0,1,0
105097.41176904456,1.8578655425810005,0.06363920710045098,0,1,0
806.0419268323042,1313.3561494690236,5865.80174144236,0,48,1
833.783887917557,1126.4166765972839,4863.490521360593,0,49,1
6787.123899196652,4.237280092816762,2.2475217132762064,0,2,0
6016.133421454036,3.197869366660405,1.91357619811481,0,1,0
64998.644364039326,10.883490247524803,0.6027904931624396,0,1,0
442.36278745208824,1417.8045609367987,11538.259013085031,0,38,1
76553.42551432029,1.1028403681847132,0.05186215115510783,0,1,0
256.76919342458496,1306.817718236818,18322.07253100363,1,29,1
1405.4688941894044,872.269079672907,2234.2498647994184,0,51,1
8800.285217568084,15.019838102483696,6.1442800809453395,0,1,0
141435.64680913358,1.7496426688570383,0.04453413089265543,0,4,0
63678.1555593962,67.07742738103077,3.792175455623396,0,1,0
170.74880481753675,363.14241962737333,7656.350579177094,0,44,1
362.6422536407689,565.9232971931699,5617.999142244389,1,68,1
20525.084104573856,2.466631383982734,0.43263515691801874,0,1,0
79852.63861018133,4.882936696001922,0.22013764869337238,0,2,0
140599.38229035147,0.14002659736229217,0.0035853340341371123,0,1,0
21731.018066769415,90.32967856007149,14.96417893616893,0,1,0
3704.809143507021,3.366957895579154,3.2717065723420804,0,1,0
25723.66166691075,0.3544275290456306,0.049601768250806824,0,2,0
36647.63688467117,1.4902126139567795,0.1463877582919503,0,3,0
31179.351006471847,69.99697468149813,8.081922834156757,0,1,0
33772.97688445148,3.6269562307947223,0.386612127072288,0,1,0
105208.28604973653,0.3575151216581768,0.012233394215366171,0,1,0
95688.73055410424,3.235311035245247,0.12171882372603307,0,1,0
979.8255894555671,1257.0034318610178,4618.38556106099,0,43,1
320563.1291691277,3.115597440473423,0.03498889848865536,0,3,0
39943.631057372484,4.713048550793278,0.4247729696502935,0,2,0
57312.3403236338,2.051577757369448,0.12886718435897465,0,2,0
116250.09713109073,3.2965608763464314,0.10208696119595063,0,1,0
131780.6099843985,1.6228214212773817,0.04433244858473661,0,1,0
1503.289961730994,421.19401611751226,1008.6533513980704,1,68,1
19124.374737588354,3.9813918914891424,0.7494629762294833,0,1,0
195161.50045676803,1.7493084711123923,0.03226820085552494,0,1,0
96474.43284935193,2.4071767297880275,0.08982521038261913,0,1,0
398355.2262139218,1.5278822966391288,0.013807717097571332,0,4,0
257089.5753460913,1.4120216442293216,0.01977239999864834,0,3,0
355132.7241792817,13.429715341767471,0.13613776466838887,0,2,0
158.12342055332655,697.7103977371912,15884.79064685302,1,16,1
125053.96744627078,4.281496633580585,0.12325388946586154,0,4,0
371.8442406154868,507.8092238171057,4916.341322688331,1,75,1
5558.94247227914,7.05345575069691,4.567854556713572,0,1,0
964.3583020305671,718.0739641979823,2680.607680433281,1,8,1
47629.87908857929,2.519485991462913,0.190429825622659,1,2,0
45073.01356875759,4.042011498987806,0.3228371090421678,0,2,0
74396.11184539473,2.227168376430151,0.1077718439346755,0,1,0
1381.239474262644,1123.6961686091772,2928.750794030535,1,47,1
26311.071647045075,1.7357029854738797,0.2374867444218192,0,1,0
58693.83930117718,4.502577462315683,0.2761666140318642,0,2,0
18345.916696705037,2.7944055705107793,0.5483432755173022,0,1,0
58453.15224488095,2.0394246342517945,0.12560363986100392,0,1,0
382395.4667290954,2.3981597809976343,0.022577085668506944,0,2,0
33752.69059067098,1.7279043667434872,0.18429510689129616,0,1,0
774.3342923348393,658.4164428365381,3061.079972403659,0,41,1
14915.697136588045,0.5382121091673192,0.12990097447403423,0,1,0
78319.13454057007,2.8662978513214155,0.13175161249275455,0,1,0
45689.4920315369,4.974249035308963,0.39193468193412745,0,1,0
87566.97048488086,2.010463747054984,0.08265296206230618,0,1,0
228088.11083779208,3.8599453512734545,0.06092296180429423,0,1,0
63881.973867188965,0.6677913293174176,0.03763266286262125,0,1,0
23938.40484207586,0.8992407420459958,0.1352331825249915,0,1,0
9241.655864263344,4.725252766973018,1.840677710894054,0,1,0
220754.0083971932,1.461473829309079,0.023833342024966737,0,3,0
49967.24631226197,2.7483483450184556,0.19801079251466452,0,1,0
93831.90465977514,0.3479089177178951,0.013348040928357553,0,1,0
249133.27122448382,3.8212281042619005,0.055217117760828875,0,1,0
383034.11897293606,0.3442876880377077,0.003235836223308666,0,1,0
7260.734086980344,4.87136120263973,2.4153067884622703,0,2,0
115515.33346134193,2.7194684824632054,0.08475140263646354,0,2,0
1759.6679805510835,74.93922991319876,153.3137106938929,0,1,0
11290.777456543763,4.346000440324035,1.385697454881537,0,1,0
50417.6947164058,4.477378028761969,0.31970047409363495,0,2,0
136427.29838294612,68.22437149295443,1.800282936668764,0,1,0
36227.17218281246,2.254371157011199,0.2240234519074809,0,1,0
4568.33394966591,2.5338502035889405,1.9967587381800935,0,1,0
3164.5946038180446,69.6518051904427,79.23495110023607,0,3,0
3333.0550204656965,4.641859218605255,5.013626563129489,0,1,0
1352.435772180378,872.4013905535306,2322.213794248733,1,78,1
68155.56075379407,4.451512785567601,0.23513042590807626,0,1,0
40055.50473884634,0.9318261546525863,0.08374814344795914,0,1,0
182.36944657856708,628.248589440983,12401.720597496971,1,59,1
51417.48703698079,1.2986766523337394,0.09092696313685869,0,1,0
172.50308371661365,502.48433265604035,10486.442088962653,0,37,1
21.618329196812116,2.8695570301669893,477.85401057379147,0,1,0
287014.6835644258,4.45041584773379,0.055821175602834,0,1,0
10346.718949812213,0.8076196114963063,0.281000249015121,0,4,0
44041.27885636533,2.5049841830609783,0.2047611534721851,0,3,0
70430.50730306283,1.1910702641457382,0.060880619991476204,0,3,0
28477.48462684512,0.3982256451738292,0.05034195756441035,0,1,0
158762.02080004368,0.884086788898964,0.020047064304156266,0,1,0
1223.4032853831823,1301.7065715422973,3830.416113427816,1,15,1
4454.298228458414,2.0396768552714817,1.648483397915324,0,1,0
182806.77237436365,3.0582366636879925,0.06022562428229129,0,1,0
198.28758659947653,1001.5967567602637,18184.437998230536,0,79,1
989.212372981384,440.06754161062054,1601.5197474971817,1,23,1
89215.7053363307,2.5615765562833106,0.10336381434026098,0,2,0
500.24413880926807,1058.0569058694277,7614.291833976346,0,10,1
76528.83589167085,2.6923798833135297,0.12665248944396415,0,1,0
142167.37103476535,3.1043709377840063,0.07860970695793149,0,1,0
14856.027241317108,4.385136356308186,1.062632063490338,1,1,0
61931.715294805836,12.075338986895964,0.7019217883098318,0,2,0
137153.74037595637,75.27421967256839,1.9757914737026843,0,1,0
42220.58609812528,3.413897500970652,0.29109096152599506,0,3,0
30240.720881709738,0.6844015984591384,0.08147443852580535,0,1,0
17764.85627693115,4.673711814884912,0.947115038326234,0,1,0
31970.30547347188,1.0635664747589817,0.11976236236808574,0,2,0
1743.952780284676,936.4803086758683,1933.1538957624778,0,59,1
76111.23020331151,86.46282559267192,4.089622139888577,0,1,0
3701.562000119658,3.362835975473115,3.2705678065940447,0,1,0
1054.0889886973089,1.5442190457122957,5.2739271770921,0,1,0
81688.78151680215,4.708213688686972,0.20748955933180163,0,2,0
159.79769560762202,1077.1223513170148,24265.93481211814,1,69,1
9164.68687545111,2.897696717468627,1.1382503651957645,0,1,0
1695.0923056124473,1380.2510149181696,2931.346946271528,1,76,1
105451.36166970158,61.58618920249448,2.1024885560361826,0,1,0
188083.65956776091,1.6038220701085009,0.03069782598690074,0,2,0
194757.7473429144,14.814530635317475,0.27383922341861705,0,1,0
92730.23579073178,1.9057165764648931,0.07398427941837842,0,1,0
6692.1637660915385,11.327253779116793,6.093412389493319,0,1,0
176256.5850429784,2.9808139895533876,0.06088243658967729,0,1,0
1169.290338516882,316.3935679156464,974.1095149567783,1,24,1
84214.95089165078,4.3966082963253,0.1879451296852834,0,1,0
78.81920956084775,451.671468195022,20629.708094786307,0,73,1
37182.20533761844,0.9297672269551333,0.09002053500178074,0,2,0
143432.10102971923,4.692341061829063,0.11777299294447693,0,1,0
844.3827592579784,146.70656348616532,625.4789344755382,0,69,1
27854.395640878745,120.11974265457337,15.524697758002473,1,3,0
5431.307908093153,2.9055426084925267,1.9258627143909104,0,1,0
480.43312048082504,2.2457410136610627,16.827873234652436,0,1,0
53994.074325765694,0.4072043366096645,0.027149935064175276,0,1,0
74464.41565168047,3.7165774682763564,0.1796788273795168,0,1,0
136018.41443582866,0.4840602829757157,0.012811625734210536,0,1,0
69157.83712763926,3.030967687120702,0.15777653158088287,0,1,0
129496.3591238593,22.071870810207855,0.6135982158444194,0,1,0
84226.798555354,4.830581612463774,0.20646746763669033,0,1,0
881.7985642197226,0.929508557781335,3.7947791522815493,0,2,0
39378.87851471848,4.91045158762144,0.4489113550765518,0,1,0
37890.873709306885,4.602233119478928,0.43725672195451765,0,1,0
73244.64481793459,0.4016155284476669,0.0197395441810864,0,1,0
112227.21736986561,3.3362241431661976,0.10701866442803966,0,3,0
594.3037093686023,407.05118116843335,2465.7161466537164,0,26,1
326.6968491384114,122.56496089852793,1350.5911073166285,1,67,1
898.5019652661699,1026.9946740337773,4114.827757139468,0,69,1
33402.038862937516,2.1488741722068303,0.23160104243002658,0,1,0
5149.9719199511965,2.2153796646672443,1.5486233549944595,0,1,0
115776.81986122171,2.2493234768070987,0.0699411551138809,0,1,0
14782.267884949748,1.3885701625928264,0.3381654712416388,0,3,0
49303.913524733274,2.1771806445101776,0.15897014577361668,0,1,0
18378.37861337584,51.46137636338024,10.080375358756369,0,1,0
107958.09799620062,7.943724156473632,0.2648935790283329,0,1,0
82842.98436681941,2.8204246084431257,0.12256352988729344,0,1,0
99846.62724538989,3.417263717105252,0.12321046510008099,0,1,0
52371.438090488555,154.65364286882476,10.630854042346488,0,2,0
17081.24620236418,1.098373389973537,0.23149038173558137,0,2,0
15633.683769846624,1.976442305348049,0.45511936943334885,0,1,0
1666.614446277272,517.8342464436635,1118.557019208175,1,40,1
3421.038757232916,185.7655482376848,195.48330817408925,0,1,0
66282.11087220079,2.9130046839224972,0.15821488972100975,0,1,0
10072.24208480992,2.678995327828226,0.9575209867847034,0,2,0
23365.412428630894,0.3843355169087742,0.05921606841299228,0,1,0
12204.184169317497,4.272102046906973,1.2601880761133404,0,2,0
48012.80000494045,4.651197455215268,0.3487468099559284,0,1,0
1686.2177471108357,1336.0778716680256,2852.4669167111647,1,27,1
64577.17112603769,3.394391161952983,0.1892279883115487,0,1,0
191385.16317772845,1.5031596429083778,0.02827478695119603,0,1,0
3717.6130729868087,0.37079552887015366,0.35906477563037387,0,1,0
235893.61818289498,4.974749930609709,0.07592023848779803,0,1,0
34600.024431179176,1.0492790024226972,0.10917346073657021,0,2,0
9782.594370634473,0.9225599779935578,0.3395025690471722,0,2,0
859.2181349031288,757.2487633204844,3172.7630472570195,0,61,1
142957.10400394676,3.0721682741754766,0.07736450639575335,0,1,0
9287.077642742226,53.57331380965304,20.766912599839465,0,1,0
273854.9382040999,3.178696787650936,0.041786021864666345,0,1,0
2775.0725179931746,4.374947475122108,5.67545922073029,0,2,0
60596.10433754573,0.3090784692222698,0.018362277597946938,0,1,0
20096.676867015143,2.900938816522662,0.5196570462165512,0,2,0
35091.65142738326,9.847985944475901,1.0102901390513703,1,2,0
17602.57434846172,4.26403055545451,0.8720605120453707,1,2,0
6388.940881482644,4.365178007630684,2.4596628954600153,0,3,0
109272.12236237593,32.74744017902096,1.0788733859631436,0,2,0
11618.373651081914,4.741097237475163,1.4690481273445015,0,1,0
64989.34734385532,1.1824199296137712,0.06549860739618651,0,3,0
1838.9790154443585,4.616446341181432,9.03719220756709,0,4,0
80120.9741892931,3.6208901757022662,0.1626940356682546,0,1,0
13248.07128192935,22.343904608023784,6.071680539536713,0,2,0
234.22375697709796,223.78489846111665,3439.555597849934,0,18,1
2674.9869448508953,4.105392887234251,5.525041691322016,0,2,0
229602.35304684046,4.983641070397314,0.07813991283342911,0,1,0
7948.114437789983,0.2277507798267625,0.10315689510936679,0,1,0
696.6236543180374,946.731128382482,4892.5011963790375,0,60,1
330636.9891985243,2.379915274302735,0.025912693580528428,0,2,0
113608.60778091519,2.096949189841947,0.06644758025719903,0,2,0
141286.27725820022,4.301766737518478,0.10960979760805252,0,1,0
1673.1788262195737,558.6514886909139,1201.9906825090102,1,26,1
361.2874727645544,641.3807165829446,6390.9511227457415,0,57,1
1141.2102578982074,1167.8901362142735,3684.1628974793225,1,39,1
58473.9002041714,91.6841966318821,5.644622758569294,0,1,0
1066.8414087129681,1216.919827232675,4106.431698524656,1,61,1
9486.087189090602,1.4253442023614582,0.5409226192230648,0,1,0
42609.490998336274,4.193285772462286,0.3542832459898115,0,1,0
333568.99546145514,3.8506110383488386,0.04155721882628518,0,1,0
139463.91802262832,1.5080178314858228,0.03892665766401398,0,3,0
283567.65229637676,4.2894459262312,0.05445615961263727,0,1,0
785.8639354907833,183.19713297691047,839.2161148163701,0,79,1
32975.69220510636,39.238711543417345,4.283742117608319,0,1,0
295597.15718777967,49.1271451638496,0.5983065746383641,0,1,0
207981.47842277455,1.8705256747815324,0.03237736590911807,0,1,0
68405.41215218272,50.83764187889508,2.6754536666903554,0,2,0
42596.202430798796,1.839235905714005,0.15544224326868597,0,1,0
1381.3616075605826,30.463845856658935,79.39256779956682,0,2,0
16180.054584616399,1.1378133058934288,0.2531590903970647,0,1,0
1289.6367071926202,660.4075126033455,1843.5168851137123,1,71,1
8809.717616790926,3.3972707202495958,1.388259547569196,0,1,0
11731.32293555394,3.045874396898291,0.9346897949251692,0,1,0
103212.96188280162,1.023267648231635,0.0356909003136331,0,4,0
302709.36585367814,2.1320302824598643,0.0253553734461112,0,1,0
57039.94450746923,4.446450110359778,0.2806317666595748,0,1,0
9777.90229435963,2.783991921865858,1.0250021545519514,0,3,0
75288.42408862183,0.043873775309589136,0.0020978735180936115,1,1,0
150051.3866982462,0.9504704484404075,0.02280347879267856,0,1,0
131090.9215343705,3.1452879927981687,0.08637544569480078,0,1,0
171519.26174601068,181.30311275843198,3.805352234414779,0,1,0
5885.5528748968545,0.7796757565803913,0.4769021336400107,0,2,0
24913.384445744832,3.9291416194513227,0.5677634791382465,0,1,0
1466.3810820254207,106.39683746699806,261.20673512245503,0,54,1
302715.66571580374,3.777473285071075,0.04492302634586089,0,1,0
1789.9199356648653,691.4531788210979,1390.6942954022848,0,21,1
55894.549872369294,4.278138407676169,0.2755420394797316,0,4,0
436.64755666915636,1438.568335194493,11860.471741112104,0,11,1
457.3395814640719,231.54613417065954,1822.6414611783573,1,59,1
4076.9795414749383,4.809165831456598,4.246525354645363,0,2,0
5514.4194576468035,6.153876364510232,4.017459150938566,0,2,0
142120.17652311362,1.6892694284765186,0.04279033485105774,0,4,0
10186.849968770453,2.5420298832231354,0.8983451810577558,0,1,0
39214.109383444644,1.8577349750158763,0.17054692852161574,0,2,0
207124.67702339074,2.5510796703920207,0.044339896845676824,0,2,0
105843.1361571865,2.1192894708463585,0.07208253999311291,0,2,0
1308.6489025788799,305.43234518942097,840.2226452909426,1,49,1
302454.74326226814,3.0211975516607117,0.03596012768279639,0,3,0
17690.696357323446,0.13173666096958803,0.02680798821659669,0,2,0
7934.015369890714,0.9599213378032423,0.4355571113721289,0,1,0
60847.11289811587,1.0502646008965262,0.062138569656680805,0,1,0
79366.73737189546,0.2386689483937804,0.010825797338645086,0,1,0
230499.873394877,0.5003233578326666,0.00781416519527525,0,2,0
15113.728939078115,3.9330653060895093,0.9368326743847164,0,1,0
31.563029031138427,965.556959575963,110129.00729661348,1,31,1
259547.25490638445,106.11819254992798,1.4718918653851019,1,2,0
63277.4720880558,1.9419659019194346,0.11048287828536049,0,1,0
158829.14084493322,2.198211602624233,0.04982436930244018,0,1,0
1392.4594536565896,891.6999171979728,2305.3595517506437,0,8,1
175967.70525200642,51.66624632916472,1.0570035366354373,1,2,0
10895.902561289937,0.4568086865443838,0.1509293298383803,0,2,0
213282.20720437856,2.1600229440457697,0.03645912474599115,0,3,0
947.853435559743,1007.8237136342783,3827.770447380226,1,37,1
40417.774632912944,2.068123013053955,0.1842071443718586,0,1,0
12473.78183827889,0.01204517663962752,0.0034763022525847037,0,1,0
9743.367372216095,4.083393696379617,1.5087409460599153,0,3,0
755.6168447878501,170.1783361407906,810.7839500042563,0,27,1
181305.85112227793,2.349449540207198,0.04665055370464343,0,1,0
22.992085095314554,3.8141443319714723,597.2020170495741,0,2,0
644.0233322545653,353.589503857629,1976.5156790690808,0,34,1
104.35757083505179,226.449903051038,7811.792134106667,1,68,1
68357.44360438817,79.62915198541663,4.193617140022737,0,1,0
179188.3001888649,2.3997824673165633,0.0482130634267632,0,1,0
100748.08545534337,7.090364195206476,0.2533577783377076,0,1,0
469.49827420583944,1149.4469356717734,8813.68302240911,1,36,1
645.0346424304535,1144.4966364483773,6387.54513352884,0,8,1
2727.8650852607952,2.594906267616394,3.4245324718930945,0,1,0
94102.69706648208,1.9949645833512357,0.07631951818544125,0,2,0
1848.9456092401144,8.190703637256108,15.947755816484218,0,3,0
3385.21902141014,3.521316434101729,3.744732344522165,0,1,0
119657.58956145027,1.0796910201006753,0.03248341945218875,0,1,0
1364.887449326625,717.2174790049684,1891.718563088643,1,41,1
5016.111755323159,1.1904359102228628,0.854360804911176,0,1,0
1116.9536633586113,0.7644635840668415,2.463906062463976,0,1,0
12126.775119901222,4.7563239949186285,1.4119802018598442,0,1,0
55848.524446915806,10.832843248753353,0.6982858738296661,0,1,0
205254.4512716,3.0308865289088383,0.05315934166822887,0,1,0
167258.2595560195,88.28409067401651,1.9001915198095891,0,1,0
2295.5705305474544,1.2222610512833105,1.9167957272785514,0,1,0
48590.71241871327,0.16431362897569912,0.01217370634979015,0,1,0
155806.26054338692,1.7771426525397467,0.041061979966854636,0,1,0
175022.24398856994,0.36257748168781245,0.007457788817753747,0,4,0
399833.1192759216,2.375554792416794,0.021388916626485847,0,1,0
86237.37065132854,0.2561977057321235,0.010695035501078741,0,1,0
71350.21775325073,0.7915476569195506,0.039937811749433026,0,1,0
7715.030299440351,2.2446572271675564,1.0474056101100968,0,1,0
3727.2898179555436,0.40590852695846447,0.3920464381414788,0,1,0
702.18348653688,789.7853575445757,4049.1229738014367,1,75,1
62121.67629865267,93.41198491052421,5.413297993782255,0,1,0
1453.5028979570436,246.76014536968358,611.1694201500757,1,54,1
287.5991914124221,651.5991677459879,8156.340747570814,0,7,1
17732.332201736437,2.84667600888047,0.5779292602563669,0,1,0
18861.180358503552,144.55769504523315,27.591470537431864,0,3,0
39331.53052943832,4.213595617697343,0.38566880107442025,1,1,0
291241.9158069364,2.6458155047783123,0.03270455006729177,0,1,0
45491.995353044564,4.264780568368744,0.3374925616468912,0,1,0
18649.82553483349,4.689942638610281,0.9053057074159785,0,1,0
66787.18102147956,2.257294230002453,0.12167393658066401,0,2,0
206166.9413725864,4.522318792761643,0.07896681953737653,0,1,0
56480.58309024053,103.69148993908124,6.609162713215586,0,2,0
14718.437014205629,3.5658438150014153,0.8721739761915831,0,1,0
35640.47997669332,1.9636755711211378,0.19834839656084705,0,3,0
72201.60105297266,2.5036745307209918,0.12483418898124947,0,2,0
12578.13945577201,113.13673673808715,32.380961722459716,0,2,0
6930.345796835093,4.504339472007896,2.3397998562544564,0,1,0
468903.9713306699,7.393655201748708,0.05676462634931492,0,3,0
56585.51910578216,0.8341911721041734,0.053071673937655106,0,1,0
119178.46555451624,3.189110896297051,0.09633283306049682,0,3,0
970.0910018519505,1003.2093794475201,3722.902036114593,0,16,1
126721.27938110457,2.9463588061854336,0.0837025301044203,0,1,0
23265.50615820303,1.2265524899298996,0.18979122713781044,0,2,0
3711.433517714554,4.065601363107097,3.943534172800779,0,1,0
129671.51258777847,0.130289429927965,0.0036171549045760196,0,1,0
92932.53414105767,34.885893439806274,1.3514020417508144,0,3,0
1387.4203694262876,222.5263373618814,577.398769800413,0,7,1
66288.13434806086,18.960551758094294,1.0297165096054062,0,1,0
145385.9462139456,4.309140654123014,0.10670155375275765,1,1,0
263839.91690829484,2.3331718497509355,0.031835283900664764,0,1,0
179250.66738204143,1.8911145275302343,0.03798040140402243,0,1,0
14270.424284969446,68.36744371910022,17.247055341444447,0,1,0
258008.85188837128,0.8094780502617921,0.01129465504618911,1,3,0
24995.15922922727,1.099927475690556,0.15842023154050608,0,1,0
206228.15187939297,0.42767679649730994,0.007465694927483669,0,1,0
1649.0648622697665,776.8731758321399,1695.9572039793975,1,44,1
25512.95822501565,1.182758285243508,0.16689283105953961,0,1,0
1720.3503385603688,704.1935859483286,1473.5934028038814,0,75,1
35303.32713209565,4.069580532830423,0.4149889290426166,1,1,0
12066.070808197757,2.6831045142747927,0.8005237500203259,0,2,0
30031.364080677024,1.0585838923098283,0.12689739973441358,0,2,0
25138.92413063912,2.87760108483062,0.4120846163326585,0,3,0
185375.6681321602,77.79601476753889,1.5108005057247982,0,3,0
52471.43396086413,4.895560848724012,0.3358783575183276,0,2,0
110434.56405189923,2.032807517118296,0.06626645493150757,0,1,0
93.69819207464602,499.15823448097586,19178.27446126102,1,73,1
97667.98572409023,4.702796303784224,0.17334305164693625,0,1,0
313.57953372545734,1109.3868636929128,12736.139574692716,0,12,1
152181.95070752135,2.576477188157228,0.06094886965401216,0,1,0
21523.093777948656,4.162522000161772,0.6962325841805904,0,2,0
193902.53146550906,88.1698485098247,1.6369639541907133,0,3,0
114223.90661134425,4.1027986549410125,0.12930808966326093,0,1,0
15611.39715667939,2.5126584212853755,0.5794209336835155,0,2,0
25187.61524757951,23.947466787284135,3.4227488226582947,0,1,0
102943.82011126525,4.3874202065876675,0.1534304121087029,0,1,0
244.67970307946803,167.73572286455195,2467.9145622318606,1,18,1
86869.0978155835,0.16240661017947355,0.006730400238382833,0,1,0
27093.832055335948,3.0029835178972504,0.3990111344290628,0,1,0
20624.61082150902,3.9067810919760015,0.6819237489051717,0,1,0
993.4825565647051,837.1638039387669,3033.560754806543,0,22,1
25641.93984995405,3.6206798941631657,0.5083253332337395,0,1,0
3866.1938845108452,2.161738691690658,2.0128993843957175,0,1,0
178323.65038140668,3.619355191573586,0.07306758616592048,0,1,0
6382.607768171295,1.5382754367816824,0.8676377702590222,0,3,0
435.316506444953,1239.272620267497,10248.592384876963,1,31,1
10759.06169897593,65.23783088598736,21.82868708819735,0,1,0
54642.70534647643,4.73132246501541,0.3117115224448493,0,3,0
195753.1742021996,64.04064288469039,1.1777398518541868,0,1,0
16674.43366648391,0.47601529507330065,0.10277141020437643,0,1,0
3902.928820094696,1.0732377438509904,0.989937571490177,0,1,0
27676.254966646116,3.1413972953260676,0.40861851709354674,0,3,0
172838.81849628603,2.9341022253678184,0.06111340093169591,0,2,0
398834.28981211275,4.307374061713471,0.038879672631642305,0,1,0
111238.55914429737,0.04547090151209632,0.0014715692715077618,0,1,0
35511.1108951664,3.5356030697219047,0.3584278477959797,0,3,0
75456.436936588,1.5758934775794446,0.0751853221489063,0,1,0
74326.05367288906,42.31822711575512,2.0496933455823654,0,1,0
78174.40784617692,1.0603134075642526,0.04882836176696392,0,3,0
131122.25061454758,4.35445895233903,0.11955295272121651,0,1,0
1211.9537274605204,1350.3916956448295,4011.217585433555,1,35,1
41742.77306192783,3.926014339564125,0.33858918767717605,0,1,0
169103.06813162542,3.33904285952766,0.07108418804644685,0,2,0
40351.17334704446,14.422204230275401,1.286701994572714,0,2,0
63306.462096477306,4.959633091540554,0.2820356490990754,0,1,0
1409.7795569598106,413.9839921335646,1057.145682332602,1,54,1
23445.18608981362,1.786209840850681,0.2742718868781464,0,2,0
40860.97801391227,3.90914637571656,0.3444099391793337,0,1,0
92879.81961435181,3.9567453589210198,0.15336252106495954,1,1,0
69322.46751231707,1.0413391063378452,0.05407800554921332,1,1,0
89289.75469433657,2.521862465695761,0.10167689347544573,0,1,0
33998.6650287845,2.2881331629472053,0.24228243607906255,0,1,0
105489.36685533557,1.423959945333571,0.048595000197800255,0,2,0
372057.31471547176,0.9920505059678136,0.00959900983055613,0,2,0
24508.8519039311,3.555555670252873,0.5222603026483377,0,1,0
49817.7600410056,0.3647993195647742,0.02636163387017426,0,1,0
106710.5947463086,0.14792091819006925,0.004990275864830847,0,2,0
62753.552701502784,2.30516784048906,0.1322411858534009,0,3,0
9760.495277771639,1.9022222588298061,0.7016037544101685,0,1,0
201091.44362082527,4.632503095221106,0.08293247510939293,0,2,0
56663.04758760803,1.0578640324465116,0.06720977213446427,0,1,0
628.599099739928,797.4450082478612,4566.98399803634,1,66,1
84656.76987458886,4.59095886614867,0.19522894557185555,0,1,0
29771.124614093416,52.15787422307556,6.3070626198038875,0,1,0
43063.11174820596,3.6415775524686733,0.3044294445218158,0,2,0
37677.62533579167,1.370271037147739,0.1309258662075448,0,2,0
60139.36279882057,3.875125278147467,0.23196871985488468,0,1,0
74314.8379771518,1.162345201083817,0.05630696154095436,0,2,0
36668.936313758044,1.9988877383694337,0.19624228520176767,0,1,0
225030.40016348963,3.2728825708706926,0.052359046806895126,0,1,0
15139.536881729391,0.431365788667728,0.10257360257022809,0,1,0
3999.9818996298086,148.86456162549737,133.97871172901765,0,3,0
95290.553654157,0.7184580363086696,0.0271427631756485,1,1,0
12982.26328204206,53.81645241428278,14.923378495906114,0,1,0
7725.0488640708045,4.228131500575094,1.9703789153832367,0,1,0
94105.63026187682,2.414472182992993,0.0923653540663447,0,1,0
5008.917244095987,1.3220214896482267,0.9501609091951715,0,1,0
79807.53042716433,1.9072054105280445,0.0860312233839525,0,4,0
91705.50887610737,4.323283038680068,0.16971520173640503,0,1,0
94968.9582706935,3.2528739555467308,0.12330709374098642,0,1,0
27429.88002045059,120.77522745658706,15.85099236743111,1,2,0
790.7087839799266,0.7274132479963008,3.3118231969118512,0,1,0
69359.95588345653,3.869680644118361,0.20084860408841224,0,1,0
27057.421157818637,2.6907171504072718,0.35800092274008527,0,1,0
208853.09324590059,9.568176480281624,0.16492662279345938,0,1,0
53608.55510739172,1.3935367281035433,0.09358081394141199,0,1,0
8434.856776723562,4.274628282555356,1.824412936051874,0,2,0
9796.419649913316,9.948396426841889,3.6558486076030543,0,3,0
40935.57854449471,2.690484677364185,0.23660945277671344,0,2,0
349.81335671655324,374.3277381514902,3852.282457119789,1,30,1
1468.4641509883404,1441.0205500416519,3532.7208884591537,0,19,1
24776.234305756978,17.08916633459441,2.4830649422073363,0,1,0
304939.35936350684,0.2123545524420567,0.002506978405106769,0,1,0
90756.28691764714,4.211247925996171,0.16704619645075328,0,3,0
55217.31392371317,0.7191723549515544,0.04688783814081432,0,2,0
60629.80139829935,0.3649135736547543,0.021667378662961676,0,2,0
6317.8232902980335,4.943802029471309,2.8170600044207843,0,3,0
256201.0879075504,3.93183692980849,0.05524805949465065,0,1,0
180751.14964909057,0.10033547703483359,0.0019983702345830047,0,1,0
234135.49808683715,2.142963035475857,0.03294958257398387,0,1,0
49180.484047741746,1.152109859071686,0.08433417386928949,0,1,0
60535.03716804761,3.9966258362930986,0.23767810649416005,0,2,0
260076.49163127382,4.861148546081788,0.06728841448194185,0,3,0
24355.948309625703,4.368768959968902,0.6457382835581221,0,3,0
60957.45094845992,4.304006016661065,0.2541842124120398,1,1,0
197710.57993280317,1.3941879178880416,0.025385978363438148,0,2,0
460.12124117774334,1178.4255397256209,9220.030642691925,0,35,1
1197.8536614112481,3.383683493399433,10.169239339208294,0,1,0
466.73472067220183,848.7623775824234,6546.640787503574,1,6,1
65503.82266798042,2.205744125234009,0.12122466334661709,0,1,0
21943.268535413317,0.8209248202817937,0.13468045329003633,0,1,0
109997.50926008241,3.8759538464695287,0.1268522709391379,0,1,0
171743.70581011602,0.9533797337739575,0.019984237706975612,0,2,0
680.6997676060491,1049.0792643373575,5548.239519600102,0,58,1
10534.722147888138,3.82531715682782,1.307214520825384,0,2,0
18449.478051074788,3.1935529088143726,0.6231499037481978,0,1,0
17925.750678087832,0.8914663081827617,0.17903176090588585,0,1,0
65394.01186237353,0.036364907392957835,0.0020019213210250133,0,1,0
1520.3741331330996,464.85481739687583,1100.7010091523637,1,28,1
25165.054836004674,0.2769426728902641,0.0396181780211546,0,1,0
8623.161871465183,0.1449346504687904,0.0605073579117437,0,2,0
10920.152819876123,9.683305339837412,3.192253789705677,0,2,0
34442.42517348318,1.0964764125241533,0.11460618888492044,0,1,0
844.5657479071318,1407.130134764611,5997.956343488392,0,51,1
53.9487689826567,1119.0196824741988,74672.15532206449,1,69,1
140658.51647998407,2.270837350838819,0.05811958399392806,0,1,0
26917.493276393274,2.7907136422032766,0.37323568761667225,0,1,0
1028.9552991032692,1358.6074351393588,4753.352036540527,0,74,1
232.3100813037732,1109.335799687753,17190.85481122014,0,64,1
1773.8774658948187,743.6751194577166,1509.2533061167626,1,9,1
57881.50995841871,2.825866281119687,0.17575765765853557,0,3,0
67515.31812400788,3.8927651275927104,0.20756703587760347,0,2,0
15659.405936341867,2.2057179968453826,0.5070808446324974,0,2,0
46298.13849868296,3.1874940146708157,0.24784967225283505,0,1,0
13005.028961942058,3.917963287086652,1.0845548960166005,0,1,0
62317.76184229455,4.168037793441202,0.24078104881816534,0,3,0
37947.699557397966,7.942276929425401,0.7534632475595572,0,1,0
12020.043737617105,0.09054718643977777,0.027118858990759494,0,4,0
154091.5092383608,0.601633286987675,0.014055802580304913,0,2,0
115738.17741263042,2.7965093603841353,0.08698455360576843,0,1,0
90946.84742890824,4.199519772782828,0.16623194326593788,0,3,0
37383.88089304721,0.9054035115397052,0.08718871780241372,0,2,0
179459.79103460032,1.0419183950441269,0.02090109545171415,0,1,0
39695.492695788904,51.32440252552294,4.654630451569724,0,2,0
16465.5703688389,3.3106367442712443,0.7238311222994044,0,1,0
85150.56632229235,4.551135996412237,0.19241316053108518,0,1,0
1088.4455533291227,1236.7001814819705,4090.3475968254224,0,61,1
184103.35997014976,2.485654017421064,0.0486050578553629,0,1,0
211205.9985224566,3.9136742067851387,0.06670846113742576,0,1,0
139211.58444255937,2.0137680937372098,0.0520758754846672,0,1,0
73174.6525213436,3.6910840006815993,0.18159160234587982,0,2,0
415.63996620575614,1458.419574473143,12631.871078307782,1,55,1
35640.95297889143,74.51944570260405,7.527015472573337,0,1,0
1523.7191211657876,459.77219227283297,1086.2762494677047,1,77,1
76245.21422697906,2.485118238886033,0.11733753719094492,0,1,0
79958.74824784645,4.206541757498509,0.18939203850533637,0,3,0
17793.445896464553,3.8111539482108463,0.7710790980787569,0,3,0
40220.42540050626,2.6018610822048394,0.2328841578045448,0,2,0
64447.28885838831,22.80527336404259,1.2738935270178944,0,1,0
54721.50301695329,0.7996451928816961,0.052606791401220244,0,1,0
49797.072621220286,50.49392680106912,3.650377962305896,1,1,0
88506.28189592114,0.6509722993518335,0.026478349643276586,0,3,0
31530.608403982238,4.96955994115891,0.5673983691958371,0,3,0
299620.6238925876,1.085767749175937,0.01304571042624437,0,1,0
215323.72680378507,0.2629343010718854,0.0043960017686362485,0,1,0
24444.236324737132,0.2500941045109317,0.036832354436380055,0,4,0
66924.18795332781,0.3256861933544797,0.01751938024102429,0,1,0
92459.82816449649,71.73498031293933,2.793060881176773,0,2,0
284226.5414205173,17.301426294502996,0.21913905136698342,0,3,0
158229.97243164777,0.8405127490259001,0.01912308932367631,0,2,0
90539.5042829968,4.853640819928972,0.1929887631936784,0,1,0
128740.46744065528,0.07455132077403948,0.002084696134183743,0,1,0
1022.6454258257951,1249.3760754740163,4398.155761636036,0,42,1
130659.60145428962,32.493912562190225,0.8952888568606939,0,1,0
74364.14231368806,3.1366223476158566,0.15184523212524992,0,3,0
86465.61527727346,2.5692867963456125,0.10697237783115986,0,2,0
99599.66593172438,0.8641002572822615,0.031232644177226154,0,1,0
18048.429398393517,2.1499627001215336,0.4288387399031211,0,1,0
372.302020712789,614.4081340127109,5941.06171707324,0,21,1
102925.25219537235,38.340589054738544,1.3410326198186822,0,2,0
48797.976698649014,2.984625678648271,0.22018643333282392,0,1,0
177129.98144934195,4.355982186092037,0.08853123419095571,0,1,0
1689.6829647129705,821.5599545689441,1750.3969077125746,1,33,1
32560.03730638147,4.986905634069066,0.5513771410553648,1,2,0
94927.02285160798,4.145343231080454,0.15720745456452337,0,1,0
1237.3792293015892,3.3852034257385863,9.84882568259808,0,1,0
166214.64934552473,4.078079576735138,0.08832606833425168,1,1,0
7695.949278444169,4.965881090627439,2.3229326596956046,0,1,0
73245.66131002188,1.049323386395606,0.051573896985312825,0,2,0
87058.83264997376,2.664428183204348,0.11017769441155659,1,1,0
22307.639583693744,4.968150709626864,0.8017586301569257,0,2,0
178770.86738372376,4.201681191105416,0.08461139395554923,0,1,0
72766.47869368811,43.90658970407058,2.172205193548342,0,1,0
169327.7100106329,2.2888967563281994,0.0486632006200526,0,2,0
70505.77456899198,4.96327373626358,0.2534230076866219,0,1,0
26006.38641332916,4.5813541867176575,0.6341855731148563,0,1,0
100050.4647743422,2.974329254438009,0.10702184482727939,0,2,0
66998.59164416428,4.954006779729689,0.26619103430930546,0,1,0
43748.15788792875,3.92546653248996,0.32302341856691413,0,1,0
6499.731207298695,0.0122729322192211,0.006797597405194597,0,2,0
69.31380948481828,872.1914248206949,45299.618541990945,0,11,1
208843.39752040736,1.1761728998532328,0.02027462917068224,1,1,0
90697.72807030594,4.752969829655622,0.18865622933241044,0,2,0
18738.804764810633,2.7005371946089545,0.5188129137696623,0,4,0
214665.3532058105,4.7934887068269925,0.08038819067384591,0,1,0
132269.31813898223,0.6608088876251184,0.017985365229983116,0,1,0
2631.323151485518,13.843895546086356,18.94029014937779,0,1,0
29290.82977823283,1.684915612206253,0.2070851611192718,0,1,0
19183.74762215138,2.538299982256155,0.4763344533145699,0,1,0
163451.09976754413,2.470628705706353,0.05441543894897042,0,1,0
28779.781490858262,3.6612012510294454,0.4579716669458613,0,1,0
173.3675172703424,727.3594538345094,15103.717668870222,0,25,1
4611.869711130023,3.6909594866224955,2.881142569958948,0,1,0
164611.1610310193,1.0113659087101516,0.02211828923720702,0,1,0
15215.16595999773,332.04900057477744,78.56479549496659,0,1,0
11742.813168097779,3.060793294716145,0.9383489035586069,0,1,0
32214.488285643678,4.636328163157046,0.518114124283749,0,1,0
65225.03007991214,2.1633005384535844,0.11940020462836703,0,1,0
146925.22480839182,4.350715027758686,0.10660234905447415,0,1,0
238.1722650721638,1309.6686518400952,19795.785815765757,1,57,1
2065.0404871006253,4.308163031227737,7.510451736563998,0,1,0
1676.153610812777,1172.0710479520906,2517.344320596897,0,33,1
32023.307562276335,4.450492120938351,0.5003159528171853,0,2,0
55987.716696750875,0.3165962348616047,0.02035708031593865,0,2,0
12433.919345721828,5.5114762859910424,1.595740979001493,0,3,0
1286.699388288917,1050.2876619808844,2938.5539602682907,1,78,1
33374.24033732936,1.1988986942202373,0.12932235327511962,0,2,0
67664.059076257,28.600178563069576,1.5216444924034842,0,1,0
121125.09189151466,4.2781228308793855,0.1271515418536059,0,1,0
177557.97758594275,4.25059434028056,0.0861810876258904,0,1,0
13.638259401191009,79.62435464255243,900.0,0,3,0
52961.396158014286,131.11638922808288,8.91251053527355,0,1,0
82595.93836996493,0.11474214719972342,0.005001114317132247,0,1,0
50023.01135013378,0.0551404213445017,0.003968284025341375,0,2,0
168756.39366192344,2.406779160539261,0.0513426768013252,0,1,0
70323.92352683366,1.0261696339015458,0.05253135059559008,0,1,0
48718.54242846352,3.6932632529407106,0.27290939030266625,0,1,0
5938.797345399317,1.7516093605311118,1.0617964094695016,0,1,0
244357.51840236966,1.3781768500809726,0.020304006574996335,0,3,0
68532.0334007395,3.61230655169477,0.18975511072404352,0,1,0
240989.09648289243,4.217412464071429,0.06300154277616848,0,1,0
303305.892718812,4.796675841419593,0.05693273175249297,0,1,0
409485.0201994816,1.3558889285560172,0.011920338723071662,0,1,0
1654.238845243072,1181.946281450617,2572.183953640017,1,64,1
37537.907289562296,10.889056448207576,1.0442937831126058,0,1,0
14498.149104577273,0.006668197453960079,0.0016557638262029875,0,2,0
16444.484722678197,2.7611114008692326,0.6044580423624474,0,1,0
45696.66310971071,0.9567238135093631,0.07537105543931502,0,1,0
218805.6578958122,3.5700135426175574,0.058737277989141,0,3,0
326983.3803580883,0.9138695133174818,0.010061460140084317,0,1,0
29078.528351028075,19.807902576870013,2.452271601090532,0,1,0
76895.34857724646,1.5135703003658034,0.07086063308293816,0,3,0
12475.653467459253,4.476474070781694,1.2917404845243818,0,1,0
27815.33360892919,3.4628868969845286,0.44818419237446716,0,1,0
41935.89665875808,0.694729679713742,0.05963928391279898,0,1,0
86776.48154060646,12.13245754229745,0.5033258594591962,0,1,0
2739.1242504158777,4.968865513839658,6.530523705562779,0,1,0
7017.974016029031,3.0365437146063767,1.5576514457898123,0,1,0
46883.47240752188,0.7698706487191453,0.05911538103018719,0,2,0
1314.1788713685603,334.0119714069457,914.9767381458536,1,16,1
3663.8848248314007,3.36255684648703,3.303926085588771,0,1,0
594.9237125251491,1248.8637159842574,7557.119144672305,1,24,1
10008.016281831611,0.39711849816288225,0.14284814823709838,0,1,0
67086.0357362442,2.808080798957275,0.15068845200499165,0,3,0
43695.417745475395,19.989720859832342,1.6469231514063762,0,2,0
15429.35051416335,1.5131114254094435,0.3530415053098798,0,1,0
79926.15866592037,21.960102392728245,0.9891175796933482,0,1,0
187913.26647772136,1.7696383828765183,0.03390233322941445,0,3,0
153210.88639788877,0.5406167623854802,0.012702885482519782,1,1,0
28806.642591758544,1.9560172085721261,0.24444577074296894,0,1,0
79373.98563916617,1.0580766367469074,0.04798897096593978,0,2,0
12069.175112209077,2.061362612371899,0.6148643412284166,0,3,0
40997.81416891678,0.533065431556054,0.04680824069534773,0,1,0
1189.6105771119278,1206.4438766142857,3650.9409376265044,0,75,1
43439.99067403301,2.6031123258572593,0.2157275871306282,0,1,0
95629.69314857312,2.5799204310468156,0.09712164962548683,0,1,0
39690.3383784226,0.563035745196559,0.051068566445116,0,1,0
410198.4833622991,4.478346063189465,0.039303036167597484,0,1,0
13010.232490186241,1.2565384357107838,0.3476908173601798,0,1,0
13785.220537498544,2.172229756099393,0.567276170931454,0,1,0
95636.65545254898,1.9680517097231098,0.07408232880455003,1,1,0
108859.12083052486,4.2453543745174604,0.14039499521639826,1,1,0
92303.55536228228,3.2284266258712035,0.12591428149782335,0,1,0
19661.63710820479,4.072564398082016,0.7456770640414848,0,1,0
1605.747072290183,2.323921029687504,5.210108024636105,0,1,0
86211.26851729605,1.8003274677536414,0.07517786242308717,0,2,0
66606.29328430338,24.82790235184268,1.3419219725247389,0,4,0
48595.742660543394,1.6166154976337443,0.11975978702773883,0,1,0
52252.47967503335,71.63778974699974,4.935575205102158,0,2,0
52989.8741110931,4.381116465658205,0.2976421352370747,0,1,0
108756.0254397517,92.91302222787485,3.075571019333061,0,1,0
35373.47212508969,1.2143232526563312,0.12358311036315064,0,1,0
22907.58375415194,1.8319169612829256,0.2878916053039956,0,1,0
90023.63903000393,4.506082321303952,0.18019596332122984,0,1,0
12206.098509192007,4.491145965814151,1.324594051469867,1,1,0
238795.64911829776,3.6296121849800267,0.054718768596386726,0,2,0
47200.08315317268,14.52905390322106,1.1081462268161284,0,1,0
235327.6829298778,2.460583285429308,0.037641554607007355,0,1,0
67968.29359792656,1.5666391607565777,0.08297841067023243,0,1,0
240.4286899216897,1377.467131379192,20625.16613379316,0,7,1
466565.6667433971,4.501699819371475,0.03473491622916692,0,1,0
35421.18022847974,4.751935720895563,0.48295874064268157,0,1,0
114751.61117740312,17.944155671062585,0.5629459992152697,0,4,0
379.81134488689,2.450557383182277,23.227338251529694,0,1,0
1625.3951443700305,109.18942320256457,241.8377616610777,1,35,1
1219.2501459839484,449.5807209035243,1327.4475304216983,0,78,1
19954.106626768644,192.18961820106225,34.673695919598636,0,1,0
8914.097676947997,1.8122992430728024,0.7319055176985526,0,1,0
3249.298878941147,2.9762592875712124,3.297490884786789,0,1,0
6323.225672701611,106.0393078863775,60.371324407888665,0,1,0
308946.03371046117,0.2976309843591124,0.003468151155152777,0,1,0
893.6445705768966,381.9492065248369,1538.6622251861986,0,69,1
147190.22527450064,0.6081144534004712,0.014873352005263607,0,1,0
52969.01202041909,2.3794625541474534,0.1617184249468102,0,1,0
11036.111319185286,172.56927171088904,56.292416793514434,0,1,0
28456.879073057746,4.964293875923149,0.6280189021235143,1,1,0
75149.77730100196,1.5954766993649399,0.0764302480193405,0,1,0
178561.01778844127,5.561835234811163,0.11213313573874746,0,1,0
449.11053825268795,947.3830705816364,7594.074873778535,0,44,1
17456.687900822628,1.9963769200778858,0.41170220565962634,0,2,0
80116.30086955115,1.7736248397376375,0.07969725703451924,0,2,0
132815.57904368168,30.19272975124276,0.8183816076932184,0,1,0
5995.378234627729,4.948614452331531,2.971457568014422,0,1,0
143540.7564011193,14.84162885008036,0.3722278271335114,0,1,0
51670.08399113893,4.277391700801568,0.29801790385179944,1,1,0
53871.98253008861,3.895520936693233,0.2603185313305115,0,1,0
1596.9414598301885,496.9354831287795,1120.2462859558027,0,37,1
101754.59242514562,1.1703124628603745,0.0414047638134532,0,2,0
138963.89972375392,0.986029486155004,0.025544088480637554,0,1,0
38313.52794246996,0.6392486849673351,0.06006482277846974,0,1,0
48409.205697643985,1.7204988201486826,0.12794665112294337,0,1,0
455.46239408393325,473.30246511725363,3741.0089099652823,0,79,1
919.5355650148166,201.53422653357512,789.0104995658107,0,60,1
59942.663516194785,3.3989560063566984,0.2041324309784505,0,1,0
175264.8257549496,2.828224411923943,0.05809270536212347,0,3,0
1018.9560722691205,435.51194457987157,1538.6757517388332,1,63,1
122002.89191870682,37.0183244007244,1.0923181061265814,0,1,0
237496.6997115298,4.419427316195771,0.06699014494782216,0,4,0
19605.513633706272,4.874038836250387,0.8949798581321,0,2,0
6314.916905902853,1.6455770644741363,0.9381085326030774,0,1,0
11719.409509744675,0.15554292093708066,0.047780096335731666,0,1,0
146792.9735272057,20.80992746303697,0.5103496241463402,0,2,0
46681.6149273732,3.3568400444839783,0.2588733097375372,0,3,0
19318.311308962046,1.9755037650739466,0.36813846927536226,0,2,0
91112.36933378101,3.1227931795869726,0.12338670949636882,0,1,0
95542.99855365684,22.24958079183568,0.8383501885344872,0,1,0
1670.754856201731,4.991344881020343,10.754924042251973,0,3,0
77667.35911957096,4.345379075338512,0.201414916749458,0,1,0
174944.63579090597,4.827454692188924,0.09933906697574502,0,1,0
178688.83794937102,0.6283057278979137,0.012658320723275213,0,1,0
1012.3685237693971,521.804353083726,1855.5453147704814,0,17,1
326582.17292537657,31.218654573466143,0.34413132675848285,0,3,0
12350.839964260202,0.3992992268315002,0.11638700045932493,0,1,0
10391.818173438873,2.094704210400638,0.7256608065676771,0,2,0
42424.51773123904,1.7827811184417812,0.15128073033260547,0,1,0
60742.81101857738,4.98850770904262,0.2956502580537642,0,1,0
297570.34961372387,7.265153413955498,0.08789367732434036,0,1,0
333.5725149116279,3.039270755538957,32.800588270406216,0,2,0
63251.81593485769,4.422482673969317,0.25170720225149473,0,4,0
235418.5789472102,32.81918096663453,0.5018680004281983,1,1,0
136.48990974986378,274.66678501903823,7244.494687414243,1,73,1
38375.319338012116,3.8308819973495565,0.35937616750455953,0,1,0
118823.9550992549,1.316218281366233,0.03987736150476068,0,1,0
97789.01753314056,1.1390514533806573,0.041932983228721805,0,1,0
402367.2225081159,4.714563556958782,0.04218143987786996,0,1,0
1589.0266256478706,1334.9419931630848,3024.361642415973,1,55,1
45592.95233272446,2.09629049212807,0.16552219993537087,0,1,0
46906.23376849407,4.49336377781819,0.34486055051835424,0,1,0
897.6050209381248,666.5865605662332,2673.460555657766,0,71,1
7005.104383861206,0.7973004889338359,0.40974146891722873,0,1,0
732.2441769381005,735.7645524494644,3617.3075488205372,0,12,1
85699.58442879403,3.323100139680405,0.13959414835656986,0,2,0
51810.22661036912,3.529878875624516,0.2452713447446109,0,1,0
1541.2422706387479,493.43710644519496,1152.559605354262,0,17,1
4551.492999472401,3.237892454034295,2.5610086263726317,0,1,0
901.4601064068526,665.7088592091948,2658.522408390943,0,68,1
31855.805052918662,1.033829297168503,0.116832252822492,0,1,0
74918.99751904923,3.0895912841899555,0.14846072413416608,0,2,0
73303.12742696627,0.13784120417922818,0.006769538387562333,0,1,0
2043.5522598157286,3.397042787975649,5.9843608001564315,0,1,0
3510.763715736294,27.82964140409331,28.537012788889516,0,1,0
66217.66791088374,0.4001628488296832,0.021755315480539304,1,1,0
177.08468113326077,796.1410674462893,16184.956397497881,0,75,1
666.669676104774,318.14507041663495,1717.9756250378584,0,76,1
55538.5889572739,3.9897159462665,0.25861257327961473,0,2,0
23884.747586774207,7.310654749743471,1.1018896893702097,0,3,0
53661.178081865124,2.919166363127113,0.19583988430565485,0,3,0
1007.603246323299,768.7585944552026,2746.6475025138425,1,6,1
100717.75682545487,3.1441989427934143,0.11238451441757645,0,4,0
23502.903740215956,4.983812924932045,0.763383398411966,0,1,0
24596.73565247909,2.0089683516668186,0.29403438603331944,0,1,0
190.41154534524907,403.9806494415551,7637.826452973983,0,59,1
73272.5490473871,22.438749306370767,1.1024523993384308,0,1,0
65482.62639831106,51.67956597335196,2.8411572311165822,0,1,0
114467.11975593067,1.9754426117831643,0.06212782690420523,0,1,0
80894.14408338342,3.6337028261465982,0.161709235227755,0,2,0
117878.08557258984,1.541908534298676,0.04708992936653169,0,1,0
20175.243764591207,4.3963431304323395,0.7844681062705914,0,1,0
28931.443611001534,2.6141376365546436,0.32528261009478654,0,2,0
71606.60421950188,4.214862010242816,0.21190089101783813,0,1,0
52186.23748406542,4.049939375085451,0.2793798222138437,0,3,0
285976.82302270207,1.7791518933383044,0.02239673393220906,0,2,0
43.10767430066575,648.0355733902556,54118.6250952279,1,41,1
881.1896668095815,1331.07001471898,5437.934911717266,0,30,1
140230.64419186176,113.49911414374728,2.913748369853121,0,1,0
226137.50599450065,56.66956282854394,0.9021521011544162,0,1,0
42522.05721102049,9.922523558800235,0.8400601277217362,0,1,0
175366.82760866426,2.960950902146091,0.06078357801803152,1,1,0
124074.9382084747,4.860914840935205,0.1410380990717389,0,1,0
79866.3430822122,4.218190064228972,0.1901362156470941,0,3,0
37858.19790682758,4.6758100537338905,0.44463067774301673,0,2,0
140628.35801679172,2.913607379918894,0.07458656785607623,0,2,0
57482.41222490917,4.7658876913156965,0.2984773085305854,0,3,0
117870.33905617155,19.61145363265944,0.5989736997696147,1,2,0
58086.31025852217,3.8393046156292767,0.23794757413150658,0,1,0
102809.4669732893,2.4350802025811973,0.08526732982255282,0,1,0
341.2126117403453,45.673482895747036,481.8829456099134,0,1,0
62991.355705187445,1.493575935623075,0.08535890850496927,0,3,0
19432.83822002573,4.608071116402223,0.853660995435696,0,1,0
8921.272109884298,0.30223461492635106,0.1219607025022102,0,1,0
266285.0511326373,1.2167725995914114,0.016449970961183252,0,2,0
1565.9943811516441,255.41885499102972,587.171888376441,1,65,1
51144.43812769694,1.6424945984891381,0.11561336424886366,0,1,0
44277.174042530765,59.64611560428522,4.849587192921801,0,2,0
36242.39822383068,85.56517654451056,8.499289524325523,0,1,0
63050.60940942685,0.7159875194012105,0.04088073206567582,0,2,0
319022.9697815863,4.841596031160509,0.05463476728371883,0,1,0
10872.081180887506,4.510770943264558,1.493621609844051,0,1,0
484587.73844892165,1.0437294119931462,0.00775386082859251,0,2,0
74033.46610002656,3.4399600931784007,0.16727376128399046,0,3,0
1249.0706241054947,1085.9871453459687,3129.9701136156827,1,11,1
377.86790516169197,1246.1875598874637,11872.60191805696,1,63,1
121.77736317821095,405.0671104450548,11974.652427546678,1,72,1
46719.58788499651,3.8232480579517865,0.29460219217915007,0,3,0
148921.21456862584,82.53633058501576,1.9952213723662118,0,1,0
135748.22192078023,5.891217120499661,0.1562332186286428,0,1,0
1552.3802950935506,435.7861566536385,1010.596545776534,1,42,1
58681.37306402119,101.5112000705631,6.227535266690726,0,1,0
62824.68061717548,4.473570523778064,0.25634597306966916,1,1,0
128296.64207709905,0.568812312403259,0.015960856741840255,0,1,0
23070.58978888461,4.10835632184008,0.6410795256630213,0,1,0
289687.932520368,3.470099729122827,0.04312350506338001,0,2,0
1535.2965162846315,979.8528716016671,2297.582454171372,0,60,1
85283.90727011151,1.3340189104612565,0.05631153908615055,0,1,0
1632.7245144874332,698.7988876753452,1540.7841147169872,0,13,1
181.3108512276798,169.46422175431582,3364.780398882163,1,29,1
96178.58929525159,2.0354597807900987,0.0761880088337512,0,1,0
59245.83557013922,2.2105187310388947,0.13431943958860976,0,1,0
1258.4884921226546,1265.2903923423323,3619.457341838334,0,68,1
45662.53177141644,0.6839167196025969,0.05391948486112108,0,1,0
283.99361897746024,520.3109195428613,6595.63872279456,1,70,1
42324.01153709388,0.10894474881127769,0.009266633324132433,0,1,0
191125.70335507733,2.587006449124831,0.04872826131369202,0,1,0
571.7364592269986,764.9536602528584,4816.6128510214985,0,40,1
182892.22841329768,4.5852279507723805,0.09025435780397761,0,1,0
55423.30869295367,3.380708943007286,0.2195926674506452,0,1,0
26989.20530519966,0.2093734948660736,0.027927631547293125,0,1,0
71386.91207643824,8.995504630975345,0.4536380091190379,0,1,0
12290.25405902249,3.5398575381994117,1.0368774377094885,0,2,0
12606.757926528155,2.497810779674618,0.7132776610159767,1,1,0
22371.025715902782,2.73454509632614,0.44004966387285904,0,1,0
137748.71928485957,3.1390621453500267,0.08203795855183814,0,1,0
45469.84931322887,36.88471844983129,2.9202864848896817,0,3,0
743.6271901772055,644.8520154624608,3121.815993726179,0,29,1
106023.08639824066,1.0686834399095535,0.03628700610755125,0,1,0
997.355895535528,112.78983009699526,407.1198557774192,0,72,1
1340.2057353197201,1455.1254995630447,3908.692270427625,1,79,1
57285.09791105038,1.942136106139285,0.12205076428354535,0,4,0
125535.1282998245,3.8335583721035875,0.10993584287110023,0,1,0
237791.56630438572,1.8108937877907305,0.027415680620487982,0,2,0
95599.08831069514,24.03173440008308,0.9049693398657686,0,1,0
18109.96948086366,1.8503103143498778,0.36781492860593673,0,4,0
106674.89635089105,3.278886508920901,0.11065388236504853,0,1,0
31890.85531043705,4.139071221720626,0.467239158471791,0,3,0
1313.5049563450298,1175.8223593390198,3222.645238735257,1,45,1
12415.27763999039,0.6456820203316715,0.18722539604807556,0,1,0
55911.257349494896,3.2140175439143803,0.20694335464083957,0,2,0
38141.83175605107,2.0777976606165827,0.19611201753657284,0,1,0
59994.27649733735,2.045038683681366,0.12271402692187917,0,1,0
116212.96509192376,3.899212905096584,0.12078829971547828,1,3,0
143454.81423055206,2.395846736977209,0.06012379786192667,0,2,0
1419.6143434746837,1201.3867472821228,3046.5966409086022,1,73,1
168150.6543163545,2.7521519397356027,0.05892184614642045,0,2,0
62675.271602198285,2.0413338696321293,0.11725201571233257,0,1,0
12121.049758315816,1.5001524029774833,0.4455512318158597,0,1,0
650.3783939947336,1127.815045714806,6242.726083865231,1,31,1
505.24524343626587,594.5955736046083,4236.64367509599,0,24,1
57199.32983308031,3.4146889884967306,0.21491301374441701,0,1,0
59698.002616458245,3.588227931713713,0.21638279319261658,0,1,0
47683.95713893174,0.8381078192029223,0.06327470139149013,0,2,0
20592.337737165457,13.65521483879964,2.3872361675069063,0,2,0
1210.6721522164078,830.7303076966567,2470.2221011963848,0,46,1
25573.953943944416,4.369997127689471,0.6151567213331605,0,2,0
19.993408161502913,324.7284497526096,58470.39232462299,1,39,1
265350.1221990395,1.6496501042123741,0.02238077120880272,0,1,0
58115.37226717557,6.2728503095283275,0.3885763823465479,0,1,0
23223.904728153208,1.698226615360074,0.26324667995580553,0,1,0
206535.52825040324,0.40911961422984144,0.0071311247207878565,0,1,0
234.9564724924867,229.21837839249034,3512.08099721259,0,6,1
144621.50143981134,0.8635181848382316,0.021495181798478286,0,3,0
35830.58952625186,37.624186044638265,3.780207681524756,0,2,0
97785.21512843548,10.89381683713055,0.40106002284864484,0,1,0
2642.928144834991,4.669335199256599,6.360220859645524,0,1,0
121966.63533448231,1.7745892018235359,0.052379251990061014,0,2,0
68351.90807237005,4.369990058065416,0.2301613027741481,0,1,0
43156.11341508006,3.486628851589579,0.2908478746683542,0,2,0
74907.04414366523,22.92547084880077,1.1017881695798077,0,2,0
152967.9462252919,4.87802484294556,0.11480110616599543,0,1,0
35055.68066539057,3.899093378115718,0.40041259775265564,0,1,0
7973.497466565963,2.6975179522500303,1.2179178169705351,0,1,0
24606.09128881346,1.6576384551574845,0.24252118585286717,0,4,0
28616.60841617604,3.1917679207631378,0.401527824249507,0,1,0
18474.64328603919,2.4984530144306016,0.486852747990378,0,2,0
90553.42481053241,3.974151308021634,0.15799451802969047,0,2,0
120970.71979940755,2.4095378441800106,0.07170608105359493,0,2,0
49258.61743051529,2.8185110970909584,0.20598710395882314,0,1,0
561.8115212738568,741.7978707271815,4753.324261778753,0,46,1
514.9486257168123,1038.899993611331,7262.938068423094,0,56,1
92390.72090670711,3.155328890838481,0.12294723859215943,0,1,0
28510.813327051914,2.2207953615625016,0.28041512565477184,0,1,0
36039.81944961062,1.353976481737067,0.13524805086963618,0,1,0
239836.98993555628,139.9008177674543,2.099938562847054,0,1,0
151878.42381663137,4.082301267164174,0.09676347826426228,0,1,0
49097.00152175053,0.1334657929342714,0.00978627695523362,0,1,0
110835.18368649238,2.9848198285822143,0.09694892023899376,0,1,0
24251.102449484904,2.0400511574876834,0.3028391877133673,0,1,0
495.38252339541043,1229.8028627739568,8937.11444570364,1,31,1
3967.581688111194,2.1323240011352746,1.934772112465666,0,2,0
13119.24125487184,6.711593524825217,1.8417022920741168,0,3,0
87303.79891934246,3.546953726255644,0.14625976844738764,0,1,0
26332.515794823037,63.97843384238928,8.74669035147347,0,1,0
78717.10122991496,4.38744620865744,0.20065279468350475,0,1,0
97052.76827314097,0.7644442282239816,0.028355700415069362,0,2,0
50582.17501858024,2.6081909829532584,0.18562838658445807,0,1,0
11067.331173268574,1.6818435594185488,0.5470728867796794,1,2,0
23427.70767606959,0.48454217338905536,0.07445678631129501,0,1,0
36753.60075143658,2.2050280046558184,0.21598158151757885,0,1,0
119770.16028647256,3.930577239015662,0.11814360126605394,0,1,0
12279.953405280437,34.26240397891122,10.044391070005334,0,1,0
54050.07717839596,15.49413062443076,1.031985024995409,0,1,0
327587.2862107878,3.7237534652595246,0.04092195588539551,0,1,0
1321.4098852756608,369.3418316198938,1006.2211647177453,0,6,1
23692.877301554156,2.641994917007433,0.40143632958428666,0,1,0
45677.18705851735,2.6949600454598044,0.21240047359366027,0,2,0
14692.76084674022,0.22429168092692908,0.054955638341863296,0,2,0
36175.48488229601,17.23145565406814,1.7147867003436867,0,1,0
133324.12122849087,0.14428956668062265,0.0038960874841246548,0,2,0
1421.3753456185655,380.17354465187697,962.8876460855932,1,27,1
64612.256855847394,3.219316175052151,0.1793705837585039,0,1,0
90729.45679567494,3.4122479317539565,0.1353925504258042,0,1,0
143562.46088023402,3.5697135560368882,0.0895148266680496,1,2,0
315981.09525023954,0.9173212698442423,0.010451120719180966,0,3,0
127741.32175659206,3.9688340351487694,0.1118494965455315,0,1,0
421.8392727751886,191.58155156289865,1634.9677001126315,0,33,1
94500.63742080909,0.9783314781267122,0.037269519205175426,0,1,0
56608.98632736766,3.1361179145399145,0.19943873269614654,0,1,0
249106.63920465414,2.905611999645278,0.04199086476426426,0,1,0
68602.1724129464,0.35407350692882256,0.0185805285767191,0,1,0
79031.33041210532,3.467129010497981,0.15793311807744667,0,3,0
53135.90738611867,3.2643654648507994,0.22116335735207412,0,3,0
12402.041066208383,2.896818086632736,0.840873293049506,0,1,0
618.0770487894489,666.1175521532398,3879.812706924444,1,24,1
98045.05980926062,1.163898422187395,0.04273580257920208,0,1,0
52314.84460327857,95.10015592870283,6.544233552437513,0,2,0
126791.73272680445,1.8612264759303572,0.05284583757354696,0,1,0
122135.66002954205,0.41202217292022225,0.012144527013273813,0,2,0
136476.3532392763,3.810192316945375,0.10050599987057572,0,3,0
109692.32844558253,2.3596868287764714,0.07744272278630254,1,2,0
1087.873767375157,1198.5959301793405,3966.4026085092664,1,68,1
40160.72545696917,0.1799491443433393,0.016130608007321356,1,1,0
130058.75417278611,4.953810777696898,0.1371204799948823,0,1,0
133.3262753139508,1035.5593976781656,27961.583887818324,0,14,1
83171.0072055407,47.76007249027251,2.0672619791663043,0,1,0
262829.7026778664,0.7360123054895451,0.010081220930382676,0,2,0
158395.42054550457,17.016066272689955,0.3867399598467899,0,2,0
2376.3423866503713,1.3249038645844151,2.007140864590254,0,1,0
125312.64599078208,95.90403644040792,2.755145168755476,0,1,0
127135.18691124523,3.256599486131196,0.09221489687396156,0,1,0
197196.47883593774,3.8899305936025366,0.07101419974450904,0,1,0
32808.38575573049,3.4309575024230106,0.37647225622996305,0,2,0
13156.10862645835,2.480164449707074,0.6786651184218034,0,1,0
79992.66348725327,1.2834533693303158,0.057760698646137684,1,1,0
457.391434942525,978.3072258356824,7699.982430696398,0,57,1
711.3631613596098,323.0004283046344,1634.6102877667317,0,21,1
49420.45419076956,2.3328085257163096,0.16993188003009613,0,1,0
731.004968364527,116.09406281309806,571.731580788301,0,75,1
204153.0646767468,0.6951707940918878,0.012258522117673826,0,2,0
101193.57273165749,4.2899761136367935,0.15261753876450462,0,2,0
163710.30207087882,0.2566718566183879,0.005644230522683538,0,3,0
972.1015294609192,1464.1881481056917,5422.3526796666765,0,69,1
350293.6732073507,2.950542760467809,0.03032299681700679,0,1,0
67914.049217275,0.8142914581891386,0.04316410644434435,1,1,0
82568.14089651193,21.296910805574075,0.9285528058111518,0,1,0
54045.746221957226,64.45120032233024,4.2931097705174075,0,1,0
108658.11304074973,1.3963931894924608,0.046264520351900394,0,1,0
45302.98825878779,2.890811002997318,0.2297181711577631,0,2,0
1531.9913058385762,66.6839966468898,156.69957591397605,0,1,0
65691.37594474635,4.671650041084722,0.2560144296878593,0,1,0
61367.659252598576,0.39992978970348314,0.02346100960126769,0,1,0
53384.33624929687,13.387845909668345,0.9028162315203616,0,1,0
23773.797455027212,2.2531052396513784,0.341181457362411,0,1,0
217073.32053889366,1.162973184819252,0.01928704759735392,0,1,0
688.8746483188128,1495.506978552474,7815.391575126248,0,77,1
192743.65820264735,0.4878958478813472,0.009112751458344613,0,2,0
19172.822349045953,0.20801616677660673,0.0390583184239981,0,2,0
121618.76399745584,0.28340692149891167,0.008389041985473763,0,2,0
91785.19070285119,3.495965989906882,0.13711882567645875,0,1,0
280123.6054743077,1.1896208112249174,0.015288375691003648,0,1,0
1368.743547862771,768.84041399096,2022.1651416653513,0,16,1
62028.10487291701,1.4445715790190587,0.08384034455225245,0,1,0
9419.15933206587,1.9646865251390333,0.7509026274162465,1,1,0
18307.189420488907,2.289068250423125,0.4501316675240462,0,1,0
12141.55066612738,3.542807842909752,1.050451345564669,1,1,0
1116.5794699042858,1086.241936029551,3502.1877753507256,1,36,1
292854.3726845727,3.566408611911181,0.04384114495264493,0,3,0
8218.914082787087,3.881837308995279,1.7002993548320586,0,2,0
1575.1000518376716,696.0395870090384,1590.8465689586415,1,47,1
843.3803060814353,1269.6214153706755,5419.425924907831,1,72,1
147212.88838160486,0.8678607207571987,0.021222996363111337,0,1,0
143915.49287428873,1.0414279303211682,0.026050986410692478,0,1,0
15914.084673982983,2.0588227511318866,0.465735985192529,0,1,0
74617.28604826286,4.902244493181963,0.23651463501420025,0,2,0
21364.909567718165,3.639388110355866,0.6132390664118513,0,1,0
138323.22527231582,1.0970781927845192,0.02855255497584702,0,1,0
36817.60038681399,2.085276181163528,0.20389689097927435,0,2,0
68788.35236750568,1.2941515503464025,0.06772869854995753,0,1,0
112550.73624269634,2.6201883493379348,0.08380823060345527,1,1,0
1133.458764441681,3.6610227230967487,11.627844096860764,0,1,0
154974.31452201036,0.925825227081013,0.021506601450515073,0,2,0
1354.7271143093847,619.8043378891609,1647.0443330120054,0,39,1
82662.81820369483,0.7883471424997519,0.03433284485904756,0,2,0
176208.227658001,3.4091651601642936,0.06965051938671027,0,1,0
45210.7087227977,4.967083525535644,0.39551471757644646,0,1,0
23150.319058399175,4.829122122208162,0.75095464542386,1,1,0
50148.231238484936,0.8632826791619946,0.061972627313686156,0,3,0
81679.74907546549,2.0837453031202657,0.091840182862244,0,1,0
33330.80682872927,0.6368801626392551,0.06878827138157008,0,1,0
190879.59255158648,0.7318796933407851,0.013803292750191527,0,2,0
127346.0931247259,0.940292832395378,0.026581531585016555,0,4,0
113199.37767599385,140.19912107401535,4.458653803831736,0,2,0
17637.64787235565,1.6756213334811236,0.3420091411387493,0,1,0
102206.52794717254,3.3380361486350156,0.11757497663258108,0,1,0
161417.6681165726,3.5101783424107107,0.07828537098895909,0,1,0
1541.9594424829086,1137.534404972573,2655.7921985984103,1,29,1
9619.845081907524,3.5781961803347966,1.339055477455879,0,1,0
85267.55612075134,4.305595841813855,0.1817824473423327,0,3,0
96740.77769564433,0.5544030429924252,0.020630916996055865,0,3,0
71.98664847611629,1028.1876759945276,51418.91881254027,1,52,1
20869.098650954205,46.79575479737713,8.072448172688803,0,1,0
109985.24777805003,2.8097707125493434,0.09196846640369474,0,1,0
239399.0671238422,4.885938695662092,0.07347304864510798,0,1,0
57533.16100710349,18.34221045311113,1.1477199666301534,0,3,0
38568.018832350215,1.2641689158258063,0.11799953004471136,0,3,0
465688.33260551124,0.3073752279187402,0.0023761617868249965,0,1,0
131524.46506511205,3.1460948604430676,0.08611281172660967,0,1,0
52640.41253059619,4.208458840485019,0.287810279164134,0,3,0
79281.23327886197,1.3935685757057448,0.06327912249919902,0,1,0
189732.7797086749,3.885805981027975,0.0737294923585685,0,1,0
116357.3076508958,4.45052736721352,0.1376956793297316,0,2,0
120602.39228448988,2.3048479610626984,0.06880006691950846,0,1,0
194362.21196103384,28.51176854491016,0.5280983670954236,0,1,0
713.6081411451406,441.7590977368106,2228.579888817525,0,20,1
33450.01475357276,1.6877440655016263,0.18164053679996947,0,1,0
604800.0,3.454589109705164,0.02056303041491169,0,2,0
154322.90985986937,31.51239970739815,0.7351121038972441,0,1,0
101976.47950934428,0.33611617477298905,0.011865659954184675,0,1,0
111645.64020337818,0.5008550360071662,0.016150009318243317,0,3,0
5673.633170120007,3.4320617187058255,2.1776914045854032,0,1,0
1934.9362842585417,2.058910137428873,3.8306566242227533,0,1,0
115539.79999823446,0.11069581471072953,0.003449070648942752,0,1,0
8169.02547081158,4.817293310189737,2.1229283687078686,0,1,0
2117.8661257738195,47.64903371776941,80.99497852882197,0,1,0
30484.525801184107,3.307883702870292,0.39063692208951784,0,1,0
42330.7952739111,2.6745239209489746,0.22745346627943744,0,1,0
6175.358408737189,4.9608585722420475,2.891992606421594,0,1,0
423691.8951210356,119.54142817518212,1.015712470279183,0,1,0
219145.51727675242,59.97530310133183,0.9852407379710479,0,1,0
95982.39638509395,0.4197583074989192,0.01574382349168756,0,2,0
36968.874443264715,0.92472668605866,0.0900491594603493,0,3,0
26050.979068884142,4.018759871520408,0.5553547718578381,0,4,0
38964.8304385452,2.1462793729791847,0.1982969168802457,0,1,0
75308.9196271524,0.9624038388521083,0.04600588930263209,0,2,0
13341.266038475433,6.308103719136191,1.7021752900660518,0,1,0
38048.90983129495,101.24000645214275,9.578829586542973,0,1,0
10586.683158998843,3.7372126266027954,1.2708385859582456,0,1,0
4158.102985939911,4.842053943455756,4.192150664710021,0,1,0
7150.459535599476,1.8807365500524509,0.9468834200767474,1,2,0
115589.4558441247,3.712287821067783,0.11561812501190445,0,1,0
15990.090527266188,1.0750238413501427,0.24203026382253878,0,1,0
88504.7058353773,4.341209714513757,0.17658219215279874,0,3,0
108271.5247287547,10.001418379682734,0.3325445564478656,0,1,0
6648.688540392004,2.2445586129639503,1.215339078914622,0,2,0
130638.91026019282,20.577744070969565,0.567058302215978,0,1,0
47848.77872662317,0.22458831100386642,0.016897357490214433,0,1,0
28888.33157687548,107.23007696330669,13.362775072026375,0,1,0
1456.4097130114237,485.94766446214226,1201.1809427214318,0,29,1
43571.038552659054,4.826138297528454,0.39875335654679106,0,1,0
1662.5436922867646,1240.2772596701564,2685.642582223587,0,53,1
25710.425746194265,3.2631481803761186,0.4569093318531648,0,1,0
161004.3977764371,2.2203236869712595,0.04964563318447646,0,2,0
15031.82111237543,48.78492634001246,11.683596652135204,0,1,0
197165.97873870758,94.20291725503046,1.720025454125325,0,1,0
42184.98869365999,2.729970677114875,0.232971365927866,0,1,0
136720.0545130742,1.490986490754647,0.03925942968522913,0,1,0
47160.36256543718,0.5139278927864821,0.03923083524780329,0,1,0
94849.2316784696,4.07105449191434,0.15451676214493185,0,1,0
6156.419235385661,0.714439670961336,0.41777252606152177,0,1,0
28189.190672381006,119.14928743122609,15.21637991447108,0,1,0
851.1353726296076,501.21893891524036,2119.977900248882,0,36,1
34208.48094780999,0.94087323026459,0.09901473363053166,0,1,0
110746.21978488544,2.982372887719762,0.09694725848562515,0,1,0
6218.597567212818,2.9950631855730614,1.7338680227374204,0,1,0
49893.62245230258,3.503108650798472,0.2527615860109291,0,2,0
7635.986900487789,10.114094566455677,4.768308394677119,1,1,0
120254.37430828299,3.9645113916481787,0.11868375759326026,0,1,0
33535.68624242242,0.7831709059525938,0.08407209087800913,0,1,0
1208.3601213745249,949.1596531192789,2827.778483241033,0,75,1
175136.5215364886,4.950958946258359,0.10176890605205201,0,2,0
1507.9148846936982,499.9934696469738,1193.6857371725816,0,49,1
113336.8132902589,1.4630636371173267,0.046472359163066995,0,1,0
4449.68975722185,2.229108910358396,1.8034497942841927,0,1,0
5557.220194343734,4.29821955282698,2.7844119630038238,0,1,0
1119.2879367032795,891.9943328974601,2868.9486352269446,0,49,1
10321.38639036654,1.4264886044511411,0.4975454635452067,0,1,0
11717.21054937518,2.980982233612462,0.9158780578178756,0,1,0
82473.4538207308,4.357728403540632,0.19021662760536567,0,1,0
1310.0416803093674,877.6843323224932,2411.8802049220435,0,76,1
192.80188197116377,1359.5495822086482,25385.532785842603,0,37,1
598.308990017148,19.2607530655282,115.89114018479687,0,1,0
113391.50784951933,3.312149867106759,0.1051554895751823,0,3,0
14796.203316088993,46.196563491765815,11.23988532852333,0,1,0
1829.9080645494485,57.8237170418708,113.75728944174494,1,1,0
77680.00887783249,0.5278782110973168,0.024463971971721104,0,1,0
138503.7443801527,0.3882395767664537,0.010091153005387741,0,1,0
16570.425330479702,35.410437398812675,7.693078004536366,0,1,0
656.9402722663535,668.3615395750951,3662.587976483194,1,61,1
108035.83116589682,1.8989513073897761,0.06327738337205624,0,3,0
7774.534573440777,11.135912503941292,5.156486814161317,0,1,0
26627.036775003013,2.8847957506048956,0.3900270537023153,0,1,0
1030.873561551924,723.9433994147528,2528.1434456128873,1,52,1
125622.11278056308,1.3378181154075368,0.03833835547631636,0,1,0
741.0546489567001,1209.4920881778612,5875.641592115178,1,42,1
7710.041013003471,4.443213346814775,2.074641110411171,0,1,0
140368.46508237647,1.183276897398569,0.03034724949179254,0,1,0
36028.55731718525,1.4441389001553895,0.14429942322668524,0,1,0
10167.470181465465,2.4580667242016534,0.870328611659672,0,2,0
17843.209157386416,4.9103868931781545,0.9907070336685249,0,1,0
925.6008001050337,1216.1131237507539,4729.9086658156675,0,60,1
205925.59013973153,0.037101539403250894,0.000648610703317989,0,1,0
32902.98026587628,0.04232210808654768,0.004630571087494587,1,1,0
88.9530577109751,1263.197268607476,51122.58402361629,0,52,1
142349.84582233525,4.335075392360045,0.10963321612567195,0,2,0
14655.119621421887,3.2583989743921347,0.8004190078848077,0,1,0
8276.406402915934,15.857638343875525,6.8976189977619855,0,1,0
516.7894216050838,919.5642577095472,6405.764493925942,1,78,1
143341.52951392066,55.416598786628704,1.3917791745935628,0,1,0
46734.394326274654,37.243312513668094,2.8688918939049133,0,1,0
149385.93368802054,94.69547925116116,2.2820336352158015,0,3,0
281414.4642174458,3.6745744107978338,0.04700706452903114,0,2,0
55012.163983507446,3.5943899019706755,0.23521713581334056,0,1,0
42087.88744149629,4.894144877492953,0.41862214119122937,0,1,0
48485.427852432935,3.2405529389548597,0.24060818058042796,0,1,0
22841.215392476784,2.9584473687155444,0.4662803771328161,0,1,0
148404.53027948036,1.8684858486811151,0.04532576628613933,0,1,0
63247.86462300621,6.247675704845274,0.3556109391440502,0,1,0
47977.42833776251,5.269785317581337,0.3954198422169445,1,1,0
774.6647241411281,784.3693655294984,3645.099135031439,1,46,1
22194.493878323476,1.8849691460522744,0.30574650465067416,0,1,0
431.92979038107603,821.0221610346578,6842.9634758859265,0,46,1
160722.49267134353,182.9515211496172,4.097904812149877,0,1,0
294040.74925340177,4.197016719472527,0.051384919363948664,0,1,0
6794.409738008273,1.0011046789433302,0.5304326620214203,0,1,0
207526.50710324277,4.441538737188527,0.07704817893901153,0,1,0
23500.430308017258,219.317112122641,33.596899856431676,0,2,0
199604.6414141318,2.042183384460283,0.03683211037564838,0,2,0
15470.303466301351,2.653177911862281,0.6174048559234743,0,1,0
76106.23600078853,1.93442871068951,0.09150292701914838,0,1,0
35689.136920207515,1.9941076570377185,0.20114769324306891,0,1,0
74319.46998823294,3.3076216207308744,0.16021962799945239,0,1,0
82182.36569384637,0.33586418447504485,0.014712536611740504,0,1,0
94180.0860763309,4.053807340738192,0.1549553311602371,0,1,0
4974.414776306389,60.427473353173966,43.73155714870918,0,1,0
22564.47509279995,3.41114633788292,0.544223907973687,0,1,0
293668.9538143744,0.36305426298040067,0.004450573783007321,0,2,0
140098.7710420086,4.067077071604344,0.10450825049268558,0,2,0
48131.78465348028,0.9824132620145931,0.07347925635241964,0,2,0
34950.87280932526,2.78872570221448,0.2872435427504834,0,4,0
42742.99681982261,4.853104228434228,0.4087494214785787,0,4,0
15839.21807567065,1.6615495536997982,0.37764354052976234,0,1,0
25935.41085253135,4.084302402705112,0.5669271535100171,0,3,0
1337.9657955253763,404.0666258587067,1087.2025712138282,1,20,1
633.6068999439566,1048.7520220400497,5958.753415845263,0,48,1
24125.268640686867,1.5184923456447335,0.22659115327328444,0,1,0
9407.766943605355,4.673104201769539,1.7882219263313475,0,2,0
45319.22435394071,4.37826693837293,0.34779414702784933,0,2,0
1464.5978112121259,1013.5438336359941,2491.3036010000624,0,50,1
33537.77249287871,44.26216050351828,4.751173556517514,0,1,0
1436.2919205628957,1271.8482226274346,3187.8293931113594,0,66,1
64834.68485758585,88.17993036870433,4.8962642453593,0,2,0
108881.57799529143,2.7589111419705183,0.09121910514121477,0,2,0
57569.82115139235,1.210723498696253,0.07570988598079213,0,2,0
1289.542953027139,919.1634621537717,2566.016475826485,0,45,1
20451.90791321636,4.386530951560288,0.7721290107810578,1,1,0
127537.24932629857,1.8265978158242169,0.0515594633858176,0,1,0
84135.69373332377,3.595859614210626,0.15385972393820135,0,3,0
124612.78912249977,2.0852436416045044,0.060241626582939495,0,1,0
11807.465763777574,10.099308547266322,3.079196797817084,0,2,0
5001.686469559424,1.6443031626533862,1.1834990900726354,0,1,0
68305.9625750116,3.7867089033627566,0.1995748473222304,0,1,0
124995.63146122941,1.5180252354354618,0.04372065474354388,0,2,0
32875.72715120851,183.1524475847038,20.055793998786,0,2,0
245216.18543453113,3.684084159148501,0.05408575681671526,0,1,0
95247.57770923713,0.6853397127022404,0.02590326205732782,0,1,0
66015.29268702543,205.28132135855876,11.194569118922594,0,4,0
516.4616196027469,1438.1089475763824,10024.350338476615,0,29,1
220273.2167688766,4.5550784998961005,0.07444519510890872,0,1,0
27103.48646630619,4.975797051000606,0.6609064633020789,0,1,0
67213.46224882573,1.4564687360275264,0.07800948313432103,0,1,0
369915.54254871886,1.7867434583229624,0.017388500103683847,0,2,0
23946.142832599653,4.011444081818437,0.6030699305312128,0,1,0
55689.23798832551,1.1297635542662694,0.07303294033599798,0,3,0
123512.33333249394,1.6722309343916235,0.04874032577462513,0,1,0
153874.20831351943,2.9422191382026157,0.06883537542528367,0,1,0
77274.59717279309,4.7489967673100155,0.221242025035562,0,2,0
21214.644882229986,3.5886393362730127,0.6089709105338015,0,2,0
333916.4190140932,3.5651963762931587,0.038436884872419745,0,1,0
557.2304329879867,810.1082536044037,5233.722963294663,0,41,1
125604.65715968862,4.5995106282994875,0.1318282190828855,0,4,0
147886.3894947771,16.163895245390943,0.3934778790813775,0,2,0
63447.52275602885,4.919229614237729,0.2791161237193154,0,1,0
13294.112526799085,25.919071783986357,7.018795593481971,0,1,0
159488.90112226602,0.16718992780548836,0.003773828372159559,0,2,0
116825.15524073668,0.8169072823227524,0.02517322754933892,0,1,0
66459.22732591008,4.852383232208912,0.26284656531271033,0,2,0
25227.294330574783,0.14595420247234037,0.020828041327587494,0,1,0
48766.61144843986,3.2806852204100996,0.2421834620591462,0,1,0
1632.5709424731078,909.9182856245302,2006.4707407361363,0,60,1
4898.962081870387,0.6244165662032308,0.45885222232081446,0,1,0
646.5125112013686,794.2063529801992,4422.409189600637,1,15,1
95620.00537366302,1.251642219010161,0.047123109550437865,0,1,0
39534.56743498208,39.077074652656464,3.558340912188282,0,1,0
52193.44925551219,13.300654038459653,0.9174016130654147,0,2,0
196194.9252243511,3.5512167096362957,0.06516162505259289,0,2,0
102151.29332380008,4.2652033105825495,0.15031363204992043,0,4,0
24393.31178774018,4.977582242951623,0.7345987388080651,0,2,0
55551.93085863409,4.73761490275619,0.3070174769140624,0,1,0
24475.9808597197,1.9537517385454661,0.2873636116597382,0,2,0
50655.49317531344,1.6844728258952895,0.11971262726109111,0,1,0
1777.9524108137443,180.87074654048317,366.2272868415663,1,17,1
32275.45123642804,4.25932087257075,0.47508414456955184,0,1,0
38031.91559058998,0.6647613538298347,0.06292454210167436,0,2,0
46907.62450169741,0.6245195266210146,0.047929741054235135,0,2,0
174190.00199061746,4.548384609525423,0.09400186237539337,0,2,0
34515.78124201437,3.6427129933097206,0.37993538908956376,0,2,0
19332.274848513647,0.49062206599730096,0.09136221429864887,0,1,0
14214.050058915853,0.1426001241932412,0.03611640911406948,1,1,0
44184.848006898836,2.7576712482318033,0.22468373076862086,0,1,0
274048.6925699655,1.5693968674188246,0.020616149158476094,0,1,0
148495.38921257172,2.3845271276613755,0.05780851314711527,0,1,0
87847.5748544036,0.9552624322974335,0.03914672387906419,0,1,0
7263.984923342052,1.1566415615347914,0.5732266332416197,0,1,0
316804.8523097335,2.9441244662414663,0.03345544741880091,1,4,0
88514.4595573987,3.473360542395266,0.14126616165480244,1,2,0
80724.65189938383,0.39574310474863816,0.017648576284612905,0,1,0
19380.083623647923,0.2657479608647395,0.049364733284519416,0,2,0
58615.30012175599,4.915811449557042,0.30191641400189406,0,1,0
10899.913096953207,2.3635344931814455,0.7806231205486951,0,1,0
11602.675977954736,45.26144466562241,14.04341559704257,0,1,0
81289.97186694232,2.9857535224157368,0.13222679789200129,0,1,0
45399.241499434684,4.6423432619757845,0.3681214749660725,0,1,0
104899.11480250586,6.7549248200670595,0.23182015785380586,0,1,0
14105.759420127102,3.884369561094108,0.9913489946514902,0,1,0
81315.50727938212,15.333757907936857,0.67885610402592,0,4,0
31476.703536328052,4.799217133692593,0.5488878993110986,0,1,0
64769.63421625996,0.9304878389145205,0.051718004287437225,0,1,0
184418.66595510804,0.980696748669358,0.019143985653106828,0,1,0
85362.75535192342,1.6029695354015887,0.06760196884056757,0,1,0
93801.12628101486,4.143721328642385,0.159032171302743,0,1,0
86085.48749776205,0.4705398436877972,0.01967745652041649,0,1,0
33271.08706827108,3.5996982217373006,0.3894947457431449,0,3,0
185582.50887404731,3.6700212727184214,0.07119246669282395,0,1,0
109740.27639258269,71.73333417041007,2.3531925697877196,0,1,0
153734.56464617443,0.5476830248868564,0.012825085198832976,0,1,0
174404.78895661017,114.62731060609406,2.366095109261037,1,4,0
83085.9738137005,4.274930074160287,0.18522679052284674,0,2,0
8612.080706028648,1.2945880896569117,0.5411604096443752,0,2,0
1488.9918777416967,1395.5815045944153,3374.157704714794,0,36,1
19919.783517152155,3.81333908193821,0.6891651549906097,0,2,0
27050.815751801114,0.769804970522131,0.10244784923704756,0,1,0
10322.367416100155,20.882875663155517,7.283053330392171,0,1,0
95018.10842882928,4.5229550792658415,0.17136352801164312,0,1,0
10782.919784634294,4.743280788532824,1.5835980587606031,0,2,0
145765.16900102442,15.111440251348832,0.3732111400664823,0,2,0
71939.10549802805,1.3999377472704866,0.07005613783051416,0,2,0
218974.91315838753,77.31369246630162,1.2710556148382461,0,2,0
59000.43515937823,0.08776358779156057,0.005355026877278843,0,1,0
215720.6615298556,2.86656872285761,0.04783801110705923,0,1,0
21596.274939831612,4.011451539906804,0.6686905766804011,0,1,0
1657.3936672815119,680.2902796438417,1477.6483433382484,0,61,1
367948.2651685507,4.446940462116159,0.04350879506466686,0,1,0
98353.94084132503,4.672790362716409,0.17103580356701897,0,1,0
64031.363043745536,45.36405116118644,2.5504780222888455,0,1,0
10131.871672534362,7.585958620262026,2.6954004073081768,0,2,0
270.2482698239447,1132.232882166542,15082.569736542318,0,44,1
165664.2382843018,4.65972069827186,0.10125899643464742,0,1,0
49184.98785118749,4.889459289552297,0.3578745103210043,0,1,0
1253.5784225441994,1.341891826385739,3.8536165652758214,0,1,0
11386.183067309215,2.2497978818430475,0.711324622725304,0,1,0
44182.39405035303,1.3266203503233358,0.10809358260942513,0,1,0
2157.953134804975,3.3710508019382384,5.62374719415509,1,3,0
55733.558714294646,63.14570952258898,4.078773355325249,0,1,0
153414.45094665134,0.015608256782048135,0.0003662609621756742,0,1,0
1296.6099789018617,318.5267324603377,884.3802342385083,0,40,1
67761.22597334196,2.192144460055903,0.11646365517805041,0,1,0
125178.61109782419,4.413705289982121,0.12693333872764,0,2,0
65878.09771032685,4.480283437489923,0.24483130107801196,0,1,0
4166.876871509386,0.2927071097503897,0.25288618492816184,0,1,0
34209.688636032195,4.773887762126077,0.5023721825270372,0,1,0
169655.55497012465,0.4768690394901376,0.010118905581764188,0,2,0
519.9651952585878,1268.920915038555,8785.425131901367,0,39,1
251826.96809092618,2.2346901868254414,0.03194608080921204,0,3,0
70913.22680751664,3.476528388011482,0.1764903778925869,0,3,0
43258.2952070022,1.3005799150769959,0.10823560364254248,0,1,0
149445.6789597682,4.033180608626299,0.09715536971104673,0,1,0
26216.859989191507,0.8338876540454417,0.11450629693263155,0,1,0
29368.587950883506,1.3849814283730226,0.16977095223241362,0,1,0
33329.54082061352,1.7567796732746337,0.1897537940239845,0,1,0
114766.56520524419,1.4458912692822157,0.04535474735265605,0,4,0
1511.7127819513669,1493.1142571301302,3555.7093846424814,0,45,1
1425.3110270759983,519.5866922448205,1312.353624260298,1,54,1
137113.84434797266,0.2609252889838054,0.006850738120636673,0,1,0
1201.740954136826,528.6117077507478,1583.5377344442425,0,10,1
46679.20935618388,3.755958182256929,0.28966749100118755,0,1,0
1472.7999107508047,618.3138707645792,1511.359362873501,1,42,1
19166.09629509163,4.980575850964561,0.9355099122644108,0,1,0
2257.6838300658437,0.6188033304200552,0.9867156595825155,0,2,0
273142.94842844974,23.33502512662147,0.3075535756612909,0,1,0
10681.718876752646,1.370239040989677,0.4618040040632934,0,1,0
4248.20113550235,0.4031047608789162,0.3415980300547838,0,2,0
71021.28695338327,1.5542307775869664,0.07878244733843895,0,1,0
224087.61936586208,3.7939707135215643,0.060950687982356075,0,3,0
210779.99498131644,4.499240030035507,0.07684440883283801,0,1,0
7763.024183643407,2.5510660118215527,1.1830231911305673,0,1,0
78548.94317546436,4.644449133277589,0.21286113095690895,0,2,0
865.8425271206777,659.5459526311598,2742.260116707395,0,53,1
252917.3605039746,28.402168029761082,0.404273572614376,0,1,0
106382.0053312766,4.230969330771867,0.14317731220940447,0,1,0
227428.5301550514,3.027646374456361,0.04792506437346295,0,3,0
148762.7519235451,3.113805961700943,0.07535287776798115,0,1,0
70308.87611400368,1.8347891590849763,0.0939460468973465,0,1,0
3535.2383216355674,1.9523922026305334,1.9881578807445586,0,1,0
251729.20619186995,3.6672074690532908,0.052445034441213075,0,1,0
131595.82187098428,3.8084067799015915,0.1041846482108466,0,4,0
6493.165004286098,1.7381390071949716,0.9636749446181473,0,1,0
42837.622261633725,3.975703612557612,0.3341112846505024,0,1,0
47846.57190394367,2.4379921902478046,0.18343575172976365,0,3,0
20279.372232715672,4.923427769576195,0.8740083157939441,0,1,0
60509.03820798955,1.837697943260912,0.10933428776373694,0,1,0
67030.58588744636,0.4348937553210558,0.02335676316159148,0,3,0
28691.32676056133,0.2548603440944497,0.03197820882933852,0,1,0
31224.639581742722,1.797357881446708,0.20722379697191096,0,1,0
276030.39100778836,3.5762147856056794,0.04664114404640751,0,2,0
48197.27268056151,12.72730219899882,0.9506406767052356,0,1,0
231702.91247133104,3.82216431185096,0.05938549229227309,0,3,0
7908.340195672692,42.09085153279234,19.160413154831836,0,2,0
56934.53673935871,1.970566917563642,0.12459995829429517,0,1,0
11950.80414865086,1.1056163144450748,0.33305028536105674,0,2,0
59256.81648834636,1.0206114227904883,0.06200469987732699,0,1,0
131343.330753041,2.9662973508768866,0.08130348455404576,0,1,0
26139.98935301166,0.8632032039014559,0.11888036724418995,0,1,0
106890.32787118256,1.5384612182653656,0.05181442040696065,0,1,0
609.5873884705222,1467.5999758166,8667.10829795201,1,42,1
257586.23880290723,0.16598157532780877,0.0023197422112184963,0,3,0
15136.245196051004,0.07474985552119451,0.017778483130446866,0,1,0
15955.16449921292,0.5950269535913127,0.13425728283994798,0,4,0
1438.3366445329461,165.798168627756,414.9747622217726,0,26,1
34330.82171529071,2.433050218446912,0.25513460933292176,0,1,0
111624.02343103841,1.141654182966552,0.03681962835911149,0,1,0
62899.71551037438,4.132419704905357,0.23651475713281395,0,1,0
1413.6643162104547,1430.2617602433597,3642.266610137426,1,58,1
1369.5618701704084,693.4241553157702,1822.7193772751327,0,70,1
1478.828293051566,1.846287939605055,4.4945289549896605,0,2,0
83709.05083920858,1.6672851026582363,0.07170343361196327,0,3,0
102080.08746684597,4.394512268229351,0.15497874813992332,0,1,0
45122.82424211372,0.1609821104366843,0.012843513394961112,0,2,0
102.29416525798383,1362.9548676800632,47965.95691722774,0,24,1
27693.074103754538,0.36143116275158427,0.046984750809203134,0,1,0
123611.87712453133,2.58507361943358,0.07528617189904334,0,1,0
19338.291910637363,14.629334631198127,2.72338451170776,0,1,0
103288.70446445837,18.123533167163053,0.631673325172141,0,1,0
51646.269058021644,1.3568450751252819,0.09457880229379971,0,2,0
468212.8905477356,54.30926004308141,0.4175735869347236,0,1,0
186479.17091787787,4.994714809902589,0.09642349452297716,0,1,0
170723.79826685367,0.06296306333747392,0.0013276826682394282,0,2,0
111083.84523285598,3.6921255062144165,0.11965422870003913,0,3,0
1626.9453898055408,1473.8945500686239,3261.3389567312047,1,41,1
32912.757470349374,0.838071280733147,0.09166830258319594,0,1,0
35590.901300114165,0.6359059460844346,0.06432153506313765,0,2,0
11174.828817516489,4.970868958408672,1.6013782888755033,0,1,0
86721.44947914394,1.8847498584313604,0.07824015316977237,0,2,0
43874.027395444195,2.5964004119763566,0.21304270517197754,0,1,0
75118.1240257586,1.4311155051285696,0.06858552293846133,0,1,0
81430.95534646987,28.283876127058953,1.2504084426393303,0,1,0
102224.62536635998,4.36474365204501,0.15371127153607436,0,3,0
99736.07602725767,0.8015451975778443,0.028931985558481574,0,1,0
69884.7851240796,1.609309281949531,0.08290092621350982,0,1,0
32426.72754902531,3.0892957703112796,0.3429721595034926,0,1,0
1254.8379018999863,835.9028093221957,2398.118600819685,1,18,1
927.8355352378508,977.9518942734088,3794.45137168815,0,76,1
111690.24862811685,2.298079979359749,0.07407171196512524,0,1,0
1150.7173744009956,1148.530907743829,3593.1596757458387,0,59,1
285694.269105074,2.8787504176015526,0.03627479660627722,0,1,0
9942.71899277469,2.8032146257299306,1.0149711220805127,0,2,0
42966.07761023753,2.7262672313098517,0.22842583215873888,0,1,0
145199.1276711613,4.240681446515891,0.10514149397668422,0,1,0
622.7283053860008,189.1666645177198,1093.5748164549395,0,48,1
908.5477398222162,1478.3541692178942,5857.782454255886,1,67,1
11868.143175361223,3.3344763543517115,1.0114568638325176,0,1,0
915.1511371021643,3.2800728979575315,12.903073551367811,0,1,0
17318.385773837683,2.297458746896544,0.47757635133189275,0,1,0
18321.66631510577,2.771073576594414,0.5444845847626333,0,1,0
93288.1154268955,2.2692662784252615,0.08757126848309842,0,1,0
37878.73738391423,3.8802447943469014,0.3687789568609259,0,2,0
108190.36337153523,155.8380322648004,5.185461058363396,0,1,0
219056.88443196221,156.4359873649221,2.570882700053359,0,2,0
1357.0889224310315,1459.6164103685976,3871.978461009062,0,60,1
321764.4827351057,96.29919257830657,1.0774249859245881,0,1,0
11474.54296995236,2.6369675704392357,0.8273168943146728,0,4,0
170564.09922110927,1.3941830660534809,0.02942623366061411,0,1,0
1591.9406363380374,602.5191239951832,1362.5312382075995,0,51,1
1137.3664580662833,274.29519930194726,868.2010186636461,1,51,1
1487.7507778887139,333.62769280704197,807.2989857950471,1,73,1
90597.09811302337,1.1293109081108517,0.04487471843885302,0,1,0
4844.823948630714,4.38724241825488,3.2599889847765113,0,1,0
106670.66235158884,1.2536591300102722,0.04230941074652245,0,3,0
1433.7014092893858,908.5175645445404,2281.2722448124327,0,34,1
155930.19746934134,4.424015404800979,0.10213836521572385,0,1,0
1645.093443008172,843.6512067683374,1846.1834841505276,0,32,1
27126.688828239858,3.987322451863116,0.52916007986068,0,3,0
75401.70139380488,3.0010127354629033,0.14328119456140145,0,1,0
1910.479665618153,4.144312865837759,7.809309141319012,0,1,0
72382.63858988788,3.3188336806085,0.16506446135357866,0,1,0
140212.62134032007,1.0227197877246752,0.026258629220492873,0,1,0
126578.28924370062,55.75975435970392,1.5858573922456771,0,1,0
212391.30605064044,2.952948288692925,0.05005201972231327,0,1,0
203908.16026844885,3.8163894246348855,0.06737838206473905,0,2,0
21869.037337351838,4.927408752858009,0.8111317949963699,0,1,0
255079.33171735407,4.56961099533152,0.0644920914306844,0,1,0
10123.26767443594,1.5653399465628342,0.5566605555493418,0,1,0
158017.96865522675,4.78303252731786,0.10896809549497236,0,4,0
28424.931033721434,47.73663306131278,6.045815161938386,0,1,0
145.87111333639407,1260.2830540879804,31102.929777836744,0,13,1
293585.3830737208,76.64576980231517,0.9398450576779857,0,1,0
20943.822841181733,2.4043372931811287,0.41327766764874335,0,1,0
694.0753844740572,629.4021030212801,3264.555438158318,1,33,1
15873.68183296458,70.37314841188292,15.959960452065076,0,1,0
141230.20035204836,0.4531221836010746,0.011550219831860555,0,1,0
66260.87810264142,0.1445591163327864,0.007853998221875137,0,1,0
3559.072244780918,0.5307232641069592,0.5368263466938031,0,1,0
4920.073397875641,0.8449068461108916,0.6182152988434119,0,1,0
13231.441342856157,0.2774536053553034,0.07548935549779513,0,2,0
126335.83033330904,53.008481290762354,1.5105020653545433,0,1,0
61190.074378749174,4.832046480617144,0.284284134425942,0,2,0
219027.4929665921,0.4834485816887152,0.007946102429912017,1,1,0
13785.128501443303,3.126961998567574,0.8166092317285727,0,1,0
227997.3280066169,2.988410640139038,0.04718598414534188,0,2,0
60746.53747337476,3.4341519787577446,0.20351690216000487,0,1,0
102583.83933469042,0.7271142954771992,0.02551680148349379,0,1,0
18367.33564578545,0.7107165669019472,0.1393005327604006,0,1,0
326998.1768603946,3.306749200415315,0.03640478132261098,1,1,0
53634.47011300822,1.1455733387833829,0.07689204369747189,0,2,0
1115.393616534608,568.0422634931099,1833.3905791290185,0,33,1
84334.29818521325,3.6610878002643066,0.1562818018833339,0,2,0
343312.4953160687,4.401456315067151,0.04615399366589879,0,1,0
289716.4400455158,0.5430370117324629,0.0067477470105933145,0,2,0
73633.01276097886,4.649923915670674,0.2273399589224127,0,1,0
5310.091311283702,4.310254284880639,2.9221560451507793,0,1,0
377483.9869472289,4.276738343418113,0.040786519610585645,1,2,0
20785.140348646128,4.8953470169173645,0.8478773279993961,0,4,0
346.99526506841454,1241.2384944597604,12877.577966875497,0,8,1
230701.9166681018,2.744208777967369,0.042822147918671706,0,2,0
77578.97714932192,6.8235596067819815,0.31664267159817594,0,1,0
380.1043368878525,1126.1984410297812,10666.31972921533,1,49,1
72398.3598981871,4.461154299744358,0.22183037711993586,0,1,0
12190.07040630986,3.0484678468701927,0.9002806286542897,0,2,0
732.1723323279241,1473.8449175262456,7246.711557953426,1,12,1
98.0646912963938,1344.7395672676014,49366.00909221838,0,30,1
94854.90125833312,3.255841945635419,0.12356800596276833,0,2,0
272135.7110867328,3.828066420110826,0.050640318601944886,0,1,0
21945.96103037983,1.857929204562675,0.30477339894874805,0,2,0
78383.94487895795,2.892238779263482,0.13283408511050376,0,1,0
78327.33948708458,1.0509255181077188,0.04830154949679636,0,2,0
36152.31328575072,11.189032933130587,1.1141892426326838,0,1,0
251824.1314975549,1.2890195849598463,0.018427425831906437,0,3,0
116214.76276303749,0.8571657058909415,0.026552534874586843,0,1,0
32608.336212824655,4.920090750981803,0.5431840063207011,0,1,0
32757.54548115082,1.9278144005516,0.21186361004914775,0,1,0
7715.081866759217,1.907191490745036,0.8899308504118573,0,1,0
15894.408649360845,3.6364623861978425,0.823639613093669,0,2,0
22166.662370159407,0.029667483730282385,0.0048181787427228505,0,1,0
171197.27417863673,2.8980544961414196,0.06094136858290597,0,1,0
279477.8642597993,4.656791836032296,0.0599848959563117,0,1,0
71342.70288470891,4.293247894513154,0.21664012989841488,0,1,0
19332.865715264492,2.9632932394272333,0.5517989841265544,0,2,0
94735.80817422415,0.26014923474922513,0.009885778811058106,0,1,0
33.89412349889129,1328.3942876286503,141092.87810966914,0,67,1
107289.2165796889,4.7080266845299725,0.15797390086933047,0,1,0
19457.532392990783,3.783524550557348,0.7000213648321129,0,3,0
113345.95621337742,3.9104907354380076,0.1242017546799374,0,3,0
391372.84067378636,2.188470191123559,0.02013040218754378,0,1,0
259888.8402649847,4.711504689506033,0.06526412163341729,0,1,0
101689.08080833165,3.948827438973332,0.1397965117523145,0,1,0
176922.56653476896,0.23216827695523967,0.004724133350589901,0,1,0
218069.1611396228,13.736789676712219,0.22677412329981472,0,1,0
71068.01492858121,4.594264279415522,0.23272567022614696,0,1,0
27369.776757039836,97.42267802432531,12.814194430627253,0,1,0
1549.6063042117275,892.3343843976369,2073.0451180408804,0,41,1
17003.812183906783,0.4871236237467962,0.10313246385702846,0,1,0
34431.219305153674,1.0563145846909823,0.11044431715255411,0,1,0
426657.898578617,1.7401947171076948,0.014683194668276726,0,1,0
804.5899601683113,309.58654195015504,1385.1919688227463,0,9,1
53871.80364741983,1.7328899393788961,0.11580090807044682,0,1,0
1001.147038130959,989.1719782002804,3556.9391766558833,0,5,1
93712.95272676935,0.9461880127262412,0.03634798335450865,1,1,0
18977.899284323426,2.317507830835926,0.4396181087282426,0,1,0
4471.653414380652,4.580755134072007,3.687834667513756,0,1,0
5535.875546219969,4.847000562830933,3.1520220930736245,0,1,0
119171.29816730076,0.19572756804508262,0.005912658969050628,0,1,0
23574.43597314895,1.8415519104336586,0.2812193210099366,0,1,0
331170.6909572645,13.363319693750423,0.14526633005609046,0,1,0
13588.99578933086,2.955493996359963,0.7829701732080516,0,1,0
8698.5100423196,4.463531570475424,1.8472949477019331,0,2,0
294651.40763994993,4.956896092241478,0.060562500193024206,0,2,0
92155.61205207297,0.9704726964480259,0.037910894729219095,0,1,0
284309.50129324256,1.660867297656785,0.021030328724038802,0,3,0
17759.009137136018,2.734010129572561,0.5542221635485065,0,3,0
73322.9799623715,4.432180276776952,0.21761048179691259,0,1,0
269718.8281593802,3.6231566844969683,0.04835911587337018,0,1,0
216642.78308165423,2.609579353411593,0.04336394473265645,0,1,0
57682.652143368745,138.0519435832497,8.615883258357307,0,1,0
119764.17245066231,1.6073123897390222,0.048314320423699306,0,2,0
130005.4795882366,2.919186302511623,0.08083559802499851,0,3,0
716.5462627667104,256.2635401153357,1287.4936237237307,0,23,1
51354.88656015984,20.272091556346915,1.4210824809700788,0,1,0
1521.3511493173319,1030.3658636616433,2438.172877344181,0,26,1
40158.63121999425,1.289350017740043,0.1155831242961577,0,1,0
5571.799579993085,3.044335473146165,1.9669780913655541,0,1,0
1067.6229396097833,1062.9168860035218,3584.131295465856,0,20,1
348.386346947536,283.695995392924,2931.5315952043497,0,28,1
40655.93207862347,4.323951109999477,0.3828770661534704,0,2,0
4647.474483108452,1.797022190945087,1.391999011703094,0,1,0
90673.04618547004,3.730431614108137,0.14810965745343316,0,1,0
38369.51078614287,2.8250888445305526,0.2650625361630359,0,1,0
122156.63691520903,3.3054188363442734,0.09741188126437234,0,1,0
85161.97487652884,2.5391000734540112,0.10733382213936526,0,3,0
154436.76881718836,3.766887726231842,0.08780807781912979,0,1,0
101213.21409647548,2.5587794377858724,0.09101189067317558,0,2,0
18726.165129163226,4.561883068653591,0.8769963809395702,0,1,0
136591.95588384816,16.452584357648803,0.4336221946913309,0,1,0
40096.3374235739,227.13332008646066,20.392883860522346,0,1,0
67243.30408344229,1.2518652535348884,0.06702102126232838,0,4,0
240500.48751590634,0.45051639858614156,0.006743682940779246,0,2,0
1079.74387304302,821.0278242184014,2737.4086030757053,1,26,1
84151.79601466717,0.5140428086792698,0.02199066685306194,0,1,0
202430.14135475465,2.5800264608689556,0.045882965831906646,0,3,0
313304.8904526665,3.8906283064326086,0.04470489395464265,0,1,0
102583.26424445375,3.7906460324842244,0.13302682281999043,0,1,0
301037.17157997214,1.585412086964753,0.018959397881390495,0,1,0
94869.33977326003,3.3691898058348846,0.12785040277495743,0,1,0
130185.59291294083,0.792446615911393,0.021913391132218265,0,2,0
37307.11473823184,3.102763292974405,0.29940529931308363,0,1,0
53102.313980828265,1.2750182625053785,0.08643814931824877,0,1,0
33875.08252695784,4.113280613551927,0.4371298637280916,0,1,0
14704.495617486904,3.367582637360545,0.8244619747501353,0,4,0
39050.13208765015,2.130025397081721,0.19636531349709005,0,1,0
111416.91439031139,1.8282108135210566,0.059071452164072176,0,1,0
83671.67075404272,0.9522849851502296,0.0409723615609192,0,1,0
93553.02864143575,1.2384343922330066,0.04765600725901204,0,1,0
9778.9300170906,40.165272636375256,14.786380640647064,0,4,0
233197.18643767101,2.3034248674106688,0.03555930347768061,0,1,0
8094.538378583001,29.384777155111095,13.068712854372594,0,1,0
418891.9461271243,0.210752084814671,0.0018112248572632259,0,2,0
790.6036124918398,619.8766408125789,2822.5976604025664,0,62,1
71226.73170008889,0.25106560728786365,0.012689564222068345,0,1,0
1551.4622976598387,323.2826584885547,750.1423478445149,0,71,1
106467.99572656446,4.1861999975772965,0.14154788853152164,0,1,0
123668.46965796963,2.931820706614763,0.08534555795025134,0,1,0
150812.00419581996,2.1807354995787245,0.052055854839577836,0,3,0
46835.76467958251,3.13768244972688,0.24117588121585584,0,1,0
1159.742949988266,502.83017276392434,1560.8533097514778,1,26,1
450.7646133949374,1159.1454503028854,9257.433918030918,0,17,1
7838.3120704503635,2.9550518665493692,1.3572037734606928,0,1,0
21980.64572791547,3.0805540020786055,0.5045345138973175,0,1,0
27272.889043941534,1.8851112528327585,0.24883320939207493,0,1,0
97265.6928345527,2.01209247128491,0.07447161157785412,0,1,0
1391.3434724853275,1263.4854041936578,3269.1765513314936,0,67,1
51249.576461618795,1.6940058496355648,0.11899456502348245,0,1,0
43563.383640541535,0.1316935087427601,0.010882915693277926,0,3,0
64652.82383864086,45.41962790700064,2.5290567489099733,0,1,0
52169.037088136574,4.378928904798522,0.3021743343784948,0,4,0
115824.59676163913,0.3965123737669318,0.012324191799247613,0,1,0
159727.59963066704,1.5338291032647577,0.034570010345869914,0,1,0
8571.017156289017,2.4922092021749718,1.0467781086223464,0,3,0
359036.8087720589,2.1579770529883473,0.021637662771479688,0,2,0
749.466805054584,788.6398892165626,3788.1645751780184,0,65,1
108752.23365130313,2.014447894783154,0.06668380204926905,0,1,0
145506.06514408195,3.5837319145503876,0.08866595959148665,0,4,0
52100.01156763257,29.464510247961595,2.0359349969618763,0,1,0
15895.015585283949,0.4758195004010751,0.1077665002750779,1,1,0
14657.588807946719,16.979240368908602,4.17021285894795,0,1,0
57007.786177428046,1.267748879659546,0.08005741448317139,0,1,0
14733.560489225143,0.31488220073330353,0.076938356038847,1,1,0
114007.56867481697,2.754720969203015,0.08698541337564206,0,1,0
19630.39977128458,0.4686243302985821,0.08594056202272125,0,1,0
93664.09309229348,17.085741352035377,0.6566942233318671,0,1,0
31789.252376417426,4.048261660352259,0.4584487173432092,0,1,0
230317.55027105747,2.5420827567875843,0.039734262168319504,1,1,0
44964.15459210176,19.66977934303608,1.574836806725336,0,1,0
33287.7770658969,4.624027395958235,0.5000784099369575,0,4,0
164248.8940819948,1.743514054214892,0.038214263969657165,0,3,0
171345.35161432408,1.0030818556232635,0.02107494977962314,0,1,0
10711.972977153158,4.049382075192847,1.3608861319745857,0,1,0
9435.454151723043,0.21295476985156547,0.08125069118433874,0,1,0
197280.40362852486,0.8359792727363419,0.01525506500644488,0,1,0
76157.2579218634,21.44620059491375,1.0137749736328798,0,1,0
1009.6147764918389,803.2402375325095,2864.1269149851914,0,36,1
9282.66824997316,2.529204312295295,0.9808748173553858,0,2,0
177883.38289642104,2.4423474112496764,0.04942817331969987,0,1,0
264.3878653974751,619.1695345734532,8430.834452683315,0,54,1
81380.89003432436,2.630713798445732,0.11637338532928546,0,2,0
30627.693794945666,49.0945899311986,5.770611556181926,0,2,0
46764.33444757118,1.5700018780606335,0.12086148189182304,0,1,0
36318.1677989074,3.468174203638241,0.3437791025755787,0,1,0
6103.803020637109,27.715513277220726,16.346505196948527,0,3,0
27669.13679780752,13.123694464606137,1.7075089988468946,0,3,0
151840.90036306626,0.26026199183653564,0.006170558580535329,0,1,0
160374.42038040058,61.74514420130821,1.3860222758558745,0,2,0
79534.59691694466,4.392429238784551,0.19881593510981274,0,3,0
1797.9114953634478,765.6791603247715,1533.1371896100825,1,52,1
48884.46118849835,2.0670828758695436,0.1522262529280206,0,1,0
72292.07306898068,0.6781860076031515,0.03377230066485587,0,2,0
24552.77121181106,1.6861887541792102,0.24723398685542516,0,2,0
122341.9137297686,2.7101769275305907,0.07974893183917976,0,2,0
9120.029594925058,10.714997553952523,4.229590572347925,0,3,0
37926.87644879671,23.953925823730618,2.273694568068395,0,1,0
25176.94709321557,0.3696085832288182,0.052849572853187574,0,1,0
58064.31096987032,0.8901476480268183,0.055189349178006844,0,1,0
114913.33588825786,2.305493773170552,0.07222640887811942,0,1,0
7492.02235013782,4.25623061752938,2.045166112301294,0,1,0
17316.67011822835,4.4702730260194325,0.9293347268150428,0,1,0
175135.71813210583,4.735437734877777,0.09733922941236303,0,3,0
366686.7952979584,0.6145559127112249,0.006033490472332609,0,1,0
109819.7563331491,3.18182905083321,0.10430349661540808,0,2,0
4600.863261593645,2.356840778507453,1.844138006328823,0,1,0
221255.24516043387,3.1221246359219625,0.050799467742195716,0,1,0
88634.49988488547,3.40099561741952,0.13813564964671424,0,1,0
588967.192437729,3.986570720433126,0.02436749411144262,0,1,0
25474.678771827817,4.726790672282663,0.6679749162935823,0,1,0
273466.07013987977,133.47361621601314,1.7570919058875045,0,1,0
114116.84617388691,2.0516879716788545,0.06472380674444204,0,2,0
12410.26857511467,0.06363640844960272,0.018459799562915827,0,1,0
36990.065886329656,0.10813496230896891,0.010524065177622614,0,1,0
201821.09321144284,2.195504028746554,0.03916247988611859,0,1,0
45118.30152279303,16.714206755418655,1.333630528824532,0,1,0
30258.29204223323,0.5677727192174692,0.06755112900391029,0,1,0
59027.264227495485,0.7175983207112813,0.043765435995884436,0,2,0
199779.5803932859,4.453392978027354,0.08024951643875451,0,1,0
63059.130590315835,11.84750179206998,0.6763652789403025,0,2,0
248.0873525523203,1331.017192818361,19314.414236959394,0,44,1
33224.86161837327,19.957014926175393,2.162394370801568,0,1,0
2206.599762459389,4.782490623885493,7.802487129246504,0,1,0
35152.27425385187,2.626252324152441,0.2689586539600007,0,1,0
8445.53853703488,2.2145704902098178,0.9439840609092017,0,1,0
1382.8957542789035,1333.7924116836589,3472.172553284715,0,72,1
74299.87530394114,4.259181293809503,0.20636713850448266,0,1,0
56690.88706166478,2.124291618245035,0.13489733927365985,0,1,0
1066.5291525162982,502.99065589897765,1697.8123448047504,1,52,1
19968.366628216347,1.1321480254382499,0.2041094781291964,0,1,0
65485.33247004501,3.5808226908880556,0.19685265693800547,0,3,0
124886.46048333624,0.3830180815685502,0.011040949421661,0,1,0
1032.3718393259194,1035.2437463908313,3610.0146720782636,0,64,1
178756.1751323985,1.4537193294533695,0.029276692579464404,0,4,0
342970.3693848206,1.258722321412652,0.013212221117566026,0,1,0
29257.826794500164,1.327720924016207,0.16336809155479867,0,1,0
216172.21069255905,4.838235463664043,0.08057301913779288,1,2,0
795.9970147253224,237.12687462951402,1072.4371233487916,1,15,1
65903.4225971041,18.762528418962628,1.0249103862358961,0,1,0
31489.49265617599,0.3594394570256132,0.041092502169558474,0,1,0
4746.674711982184,4.737813199800295,3.5932792015904793,0,2,0
168957.3017916919,2.836699647844678,0.06044200886228286,0,1,0
56904.878861423116,0.8903271916236605,0.05632518606445937,0,1,0
589.6956360951414,1403.851009117739,8570.291729288754,1,42,1
20315.844572320515,4.85320623374944,0.8599958706763403,0,1,0
26973.52714224304,3.435442360518521,0.4585085381176524,1,1,0
1700.6757546080798,884.3594494612865,1872.0170552406757,1,5,1
277236.3710829676,12.334577807172984,0.160168306677676,0,1,0
23804.773023205547,2.377850383768268,0.35960273064653825,0,3,0
24168.097596433196,4.120472452421871,0.6137719681712945,0,1,0
17986.755334383935,3.818021795814976,0.7641666442562243,0,2,0
24377.37010239474,14.794522860168922,2.1848247810528187,0,1,0
435.4367255065402,838.4952000310622,6932.3108118644095,0,27,1
22457.82580004067,3.1220024373608153,0.5004584537510564,0,2,0
13675.846394310553,1.4893816576139667,0.39206158162473176,0,2,0
41802.86212640247,32.93722729272231,2.83650478034875,0,2,0
82665.76238382825,3.12923333025305,0.13627455507644093,0,2,0
140985.6668802482,4.1298683479174345,0.10545416694826922,0,1,0
11767.695944512736,3.7298340394304237,1.1410392149204627,0,2,0
1752.5357035011687,288.01006080117327,591.6205968374055,1,6,1
1622.7572494817052,1301.7009704254842,2887.7538492146323,0,19,1
10962.474080038024,25.64388636218059,8.42127335762238,0,2,0
57870.79641287804,134.12460192699695,8.34356181125132,0,1,0
91827.49615815956,11.038829878102057,0.43276566631765045,0,1,0
120987.42982601737,211.72273009905683,6.299843127940381,0,1,0
1215.1405121700118,959.504360460133,2842.6471367396853,1,43,1
51664.329077158465,1.8899405810498082,0.13169214065701204,0,1,0
69763.192102161,0.8013329952029347,0.041351301392660966,0,2,0
288.53812163826825,1010.3691790404645,12606.060592248828,1,25,1
137449.72605916316,0.7434219617834836,0.019471257885727324,0,1,0
72185.31072795684,0.9546839217538278,0.04761165510897647,0,2,0
29867.272913110395,3.7234036321226527,0.4487940065581844,0,1,0
165329.51061875897,2.3628896744376764,0.05145120672129095,0,4,0
63222.34297859964,1.4433315133773021,0.0821860311301196,0,1,0
37628.06578595494,0.877274850984705,0.0839317514089115,0,1,0
220894.81032289038,10.609132052119232,0.17290073647181323,0,1,0
106147.42755046119,13.856232782496944,0.4699354394931097,0,1,0
36604.68989594365,38.6462742807985,3.8007858502932415,0,2,0
325178.52265444206,15.837299460124596,0.17533223778446153,0,1,0
2226.607672745826,44.51541136946638,71.97293124048828,0,2,0
327.59265788139334,955.9668141598081,10505.365270491853,1,33,1
30765.124030471216,3.7336080084203105,0.4368904483206547,0,2,0
100944.25811771223,2.4189661652725682,0.08626818758553284,0,2,0
82945.73608034053,3.3091464483905177,0.14362314179317312,0,1,0
1285.9084913622685,1447.1152730936205,4051.310818873325,0,9,1
54410.12321360254,0.9651937064688876,0.06386122908869503,0,1,0
131622.81539041267,2.383976119501916,0.0652038478644488,0,1,0
159529.84915971462,55.6861262435416,1.256630376902366,0,3,0
184097.9858150376,102.0197064806436,1.9949753480698718,0,3,0
46932.384508692165,2.5749392736391647,0.1975135395770094,1,1,0
83286.10660351707,2.979634060583669,0.12879318118645533,0,1,0
73277.8691224091,3.186524132141622,0.1565477682838589,0,2,0
91993.33358797863,1.692929859707868,0.06624988199954457,0,1,0
5864.368352113708,0.014900653911654738,0.009147166559314544,0,1,0
32618.920926243463,2.3646005843088966,0.2609700707991008,0,2,0
76921.0923258109,0.6714848219759334,0.03142630045962334,0,2,0
95496.8057253939,0.7941884769100782,0.029938996337717436,0,1,0
45752.67249859474,77.17406750081443,6.072358789783596,1,1,0
7368.355608579339,2.7883062381120816,1.3622988615690412,0,1,0
69.63380036167422,1401.3523414680747,72448.55807211861,0,29,1
203.43861257314413,622.7034680648733,11019.20848102301,0,49,1
973.5184717600963,651.4245260210671,2408.9201814896333,1,41,1
13041.538685891623,1.9097900952263442,0.5271804584111306,0,2,0
20403.256215925943,4.073843406735124,0.7187988088292935,0,1,0
15411.852523691254,4.459849563878027,1.0417604506194365,0,1,0
19245.94190233684,0.22729612795192256,0.042516290695420185,0,1,0
29591.628515712408,2.6054803449637687,0.31697239092093793,0,1,0
17279.995879143804,1.2956005213571142,0.2699168396512785,0,3,0
37654.915727391606,4.237823981392474,0.40515736228072324,0,1,0
62058.381633944584,0.7408886516473684,0.04297887047173055,0,1,0
75407.55073904719,1.6341015312586604,0.07801295035942589,0,1,0
71304.07401060106,2.181756619815946,0.11015252550884642,0,1,0
32108.35632492401,4.497926082310479,0.5043090257394559,0,2,0
133071.1876418032,1.8333358893731655,0.049597582457211485,0,1,0
157797.28491195943,9.284363255359855,0.2118142130135111,0,2,0
674.1947633492412,355.67446959786116,1899.1961376137576,0,42,1
82010.67511971283,3.0702180348628176,0.1347725147899605,0,1,0
12104.819194333819,3.7589947225935427,1.1179333440743309,0,1,0
129.432157505269,0.1106663777905903,3.0780523768207044,0,1,0
53660.58563729541,2.028648464943342,0.13609867255567512,0,2,0
112471.48076540434,1.6515550269842327,0.052863161902746765,0,1,0
1236.7627844902972,260.97927208092153,759.6649828677703,0,61,1
70765.35652568757,0.9174160218001154,0.046671109150443514,0,1,0
23331.429012361765,4.385059794714268,0.6766073030763483,0,2,0
88420.43813266089,1.7812412654379188,0.07252246981580902,0,1,0
73077.54071180265,1.7650237548591812,0.08694990903637255,0,2,0
185724.1212092759,4.287074233254004,0.08309888419029761,0,2,0
20240.646944991244,3.368312099467171,0.5990877461099384,0,3,0
576.6260271942169,193.33335150384113,1207.0215921408696,1,58,1
1165.90067053079,1358.259938454191,4193.955713404794,1,30,1
48890.4484269429,1.2651577176606998,0.093158642027684,0,1,0
74950.71395641567,1.686647655517074,0.0810123244908959,0,2,0
56833.347478385214,14.061680089914491,0.8907103060037891,0,2,0
196484.0109628666,0.7002240606711452,0.012829576340909126,0,1,0
140496.93676003453,1.5561943433377685,0.039874888130725324,0,2,0
93469.27984367666,78.0584685636231,3.0064475440382235,0,2,0
72614.57736332701,6.713210316751161,0.3328196350903733,0,1,0
137.33101983080704,0.31158862524592823,8.16799476379997,0,2,0
3895.7249642244365,2.043379893960986,1.8882666732927385,0,2,0
349.41843369269856,1265.515392097949,13038.394578688238,1,77,1
101000.22823144573,0.20073885014370185,0.0071550319555845465,0,2,0
15233.820148646753,3.133919085259223,0.740596160178208,0,2,0
35286.718929337345,3.0456031110664843,0.3107166529649698,0,2,0
36182.16311383257,0.6403925449243963,0.06371684176191388,0,1,0
9520.200265038344,3.621813532816092,1.369564542252349,0,1,0
93940.95077646959,2.064296353085364,0.07910785242945137,0,1,0
21031.32471665577,226.33719781832582,38.7428715558122,0,2,0
1836.530327644885,153.84978585781414,301.57913580353693,0,1,0
55692.281828561856,3.0887013472785485,0.19965647815313997,0,1,0
39288.784181913295,1.2873266626596287,0.11795671670868633,0,1,0
1769.370111844904,386.4168587028421,786.2123825974121,1,60,1
124159.09918963432,3.3549724101415803,0.0972776119941279,1,1,0
40791.849723171836,1.5960196791276537,0.140853402918763,0,1,0
19838.474753096,3.1467747131446924,0.5710312465202487,0,2,0
37066.5168407323,3.2060749511751236,0.3113826387794581,0,2,0
14488.234639386734,3.39909062609985,0.8445974653594803,0,1,0
281397.96092117485,2.5013225373873094,0.03200009376442044,0,1,0
44038.881883815804,1.106107570911496,0.09041980824551218,0,1,0
72983.8291722944,41.87087001948019,2.065322329337986,0,1,0
86042.9746714492,2.4773006658618013,0.10364916405036553,0,1,0
157386.71146389234,0.5481249316500114,0.012537588056744828,0,2,0
12304.366911890742,3.0901876233847854,0.9041241637092697,0,1,0
45633.95760485213,56.447586940370854,4.453072309549769,1,2,0
161928.39825756493,43.53471369515458,0.9678658653392482,0,1,0
104341.93512401485,0.7052331679186358,0.024331917953117982,0,1,0
29343.492238477455,35.19375810394289,4.317738602634993,0,1,0
21481.393808317087,2.095525431433533,0.35118259180369865,0,1,0
95323.79144614036,17.384090423723443,0.6565278675551293,0,2,0
10733.593183357321,139.67081733117203,46.8449785456603,0,1,0
5077.743117665957,2.710482545991594,1.9216681386700387,0,1,0
23398.647284587514,2.6831163986774693,0.41281100218136685,0,1,0
44484.53190580491,0.3810188819567744,0.030834717513693675,0,1,0
88710.45909876532,0.1488595370356599,0.0060409374359312075,0,1,0
68119.660859599,0.34646324733321077,0.018309951556721552,0,1,0
11870.528464783758,4.167672835546286,1.2639388593757899,0,1,0
840.0887117729371,1427.545268987455,6117.4050982176195,1,6,1
76066.98764184475,29.875786774519103,1.4139225927372405,0,1,0
754.5725619517319,1084.5657114072992,5174.368586855711,0,70,1
109392.1711309929,2.1197475363707508,0.06975902436196066,0,1,0
115330.48637407015,3.9540036536310192,0.12342281386816385,1,1,0
108180.62965614306,2.168112934508369,0.07214976090488033,1,1,0
143607.09289079218,1.6611829762342971,0.0416431987728575,0,3,0
5906.408262203569,15.092093484554022,9.198743827458417,0,1,0
1013.7132184105119,932.0625253241732,3310.0338737106367,0,32,1
59366.79311635622,4.679775768643017,0.283781418580167,0,1,0
29560.067335159383,3.8453073669058546,0.46830429592410927,0,1,0
393.26744475881827,1471.5391856981673,13470.581252313577,0,30,1
176722.8780761456,1.9208009154624084,0.03912839905586652,0,1,0
53898.20508511588,0.06722021991708127,0.004489811698169509,0,1,0
1208.6799354992438,170.28474350156642,507.185615149994,1,25,1
7602.7364166605075,3.7955954779213004,1.7972665329516497,0,1,0
5717.0647791746405,1.195883974286881,0.7530406727443625,0,2,0
14245.150051075994,4.998281544781694,1.263153669613677,1,1,0
85324.84321906917,0.863948259412316,0.036451443876655595,0,1,0
34451.56542304251,4.08062786826977,0.4264032750147767,0,2,0
67264.23817451214,23.441373487686946,1.2545885725596426,0,1,0
16468.546018879213,1.783981278274673,0.38997569029022894,0,4,0
229768.7051766742,2.079170251340148,0.03257629405653456,1,2,0
20297.1753272968,4.745023933363867,0.8415991823816468,0,1,0
726.8787483751703,55.44931501498862,274.622878300094,0,2,0
57816.18192320491,3.1214520039163487,0.19436128157035426,0,1,0
8100.432798717773,3.3194491783879525,1.4752319214460012,0,2,0
52547.19930147877,2.5177927316276123,0.1724935668189708,0,3,0
759.8864085431233,1289.2218986573528,6107.75345234127,0,63,1
16697.86975965668,0.7014115429983847,0.15122177805548426,0,4,0
107469.15233755652,4.003118282064077,0.13409639419287095,0,3,0
50216.079162446935,3.95203737941494,0.2833222904534013,0,1,0
12669.287354461178,1.2477619610756001,0.3545537277825207,0,1,0
33907.88209749143,4.287938378812008,0.4552504376221497,0,2,0
156266.10949023327,0.13541827414103869,0.003119715391251925,0,1,0
230796.22404818353,1.3759453621377082,0.02146223719267445,0,1,0
14034.411860435379,173.2923033518642,44.451616374849486,0,2,0
286463.7570754607,77.48980181745075,0.9738170349742981,0,1,0
9246.532284066021,12.144343892208617,4.728219906536246,0,2,0
130906.18936580567,1.9423182130549828,0.05341493477790002,0,1,0
59536.15840514865,4.342945707805009,0.26260687566878615,0,2,0
1087.2623321123394,711.488010273476,2355.7855002741567,0,26,1
46483.06716848918,2.1748568791585035,0.16843735239309277,0,1,0
32002.771654296703,2.3183790288658903,0.2607950521934448,0,1,0
34014.43613557964,0.9820298382453568,0.10393549972699083,0,1,0
33209.02105928777,4.291456677765531,0.4652122690510664,0,1,0
65525.44422367827,0.7872647859492332,0.043252712942205285,0,1,0
59824.00314227578,4.044005530677273,0.24335415795921883,0,1,0
49746.772849958346,37.824389354184724,2.737218795795294,0,1,0
579.9137368160392,468.4685629296519,2908.16843864786,1,11,1
136954.716119447,3.8960337013411426,0.10241137890129598,0,1,0
55478.799656392584,1.7804196949241184,0.11553081431869598,0,1,0
934.7893832218399,609.0857246740001,2345.671279736857,1,67,1
75050.29484099027,4.2018075269265935,0.20155160121601656,0,2,0
81724.55447303799,2.4810293997500406,0.10929035828573203,0,1,0
25867.186327595584,2.358264006641943,0.3282054072828932,0,2,0
276476.9963847615,1.6455464053136608,0.021426618259716045,0,1,0
160347.74058830313,2.3322354487944557,0.05236149623846029,0,3,0
49113.86442968595,1.9148350553215665,0.14035560588042528,0,1,0
1922.4140835585429,0.4478816864721452,0.8387236054342095,0,3,0
149311.19312288324,4.212941897168338,0.10157705201192718,0,1,0
58580.90877779822,4.524592101721335,0.27805187570545253,0,2,0
45973.65619878507,0.44063284750278875,0.03450406998632315,0,1,0
248693.87094964928,57.49403167401118,0.8322622235766528,0,1,0
69102.69631034549,2.1851203804933643,0.11383685137910333,0,1,0
46645.03260927861,0.3871113166642004,0.029876723458735602,0,2,0
279.5964721547448,979.3302064610426,12609.560900712971,1,20,1
63242.92250492893,4.19929786337021,0.2390381675823813,0,1,0
343794.18185192137,2.655015648714812,0.02780168147083466,0,1,0
32930.774439558656,6.668083404757807,0.7289564447136587,0,1,0
140575.23469194025,2.2484483668466986,0.057580655215596105,0,1,0
122067.64376141132,43.8248337804305,1.2924751944743011,0,3,0
28496.96538759913,3.4337786014095446,0.43378664348779017,0,3,0
141869.05371500665,1.2016144037241534,0.030491581780032525,0,1,0
15704.657693429763,1.5877906980984235,0.3639714169348437,0,1,0
41746.4064382697,2.0514285532657954,0.1769048744992519,0,2,0
1019.3560003849859,573.0439857589058,2023.7859471597085,0,10,1
470.64153030302157,407.2389871981216,3115.0254695315944,1,62,1
109120.85776144605,1.7111399502502969,0.05645212058695456,0,2,0
188745.0471297398,1.630748585596808,0.031103835557142346,1,1,0
99500.42599397911,2.071915846781383,0.074963468486701,1,1,0
503.35901545748425,1056.528227629146,7556.240183774327,0,36,1
2375.3957212156242,2.5069823929766217,3.799424463936125,0,1,0
512.4666117420161,1362.4764973237775,9571.190157525447,0,79,1
98606.7007664064,1.204927947731473,0.04399032295086275,0,2,0
6991.60391161862,3.1562286038080956,1.6251525568871419,0,1,0
139769.96444459204,2.921688180405609,0.07525277330688451,0,2,0
65150.25834031849,3.195575641949016,0.17657753943083165,0,2,0
735.3124368341072,4.808933071542802,23.543949742087467,0,1,0
17208.80411351024,2.782740039411961,0.5821359854993213,0,1,0
252.64638930743806,1324.7078726290952,18875.980593023825,1,44,1
120009.35405690315,0.706563722470801,0.021195259493595863,0,1,0
8300.78347001484,0.04502832132237622,0.019528512862203907,0,3,0
14190.69364183713,3.4152494901478168,0.8664057215839127,0,1,0
86445.52380402504,0.36174191918028675,0.01506464246779654,0,1,0
2939.1599499812546,0.35494595575693233,0.43475192315855626,1,1,0
35931.731291847085,61.7364965246385,6.185379315110471,0,3,0
72.14180797603437,953.0722242735336,47559.939286862966,1,75,1
157595.9954409854,29.068875806795475,0.6640267261337296,0,3,0
45260.32761551387,3.418824123889022,0.27193278295629814,0,2,0
30492.124953986386,3.8363915052682414,0.45293692846290423,1,1,0
27322.8542652137,1.671316873896046,0.22020908531822111,0,2,0
51592.13160899058,49.043229230600105,3.4221424803349922,0,2,0
43149.95995952006,11.504535772163624,0.9598231103491782,0,1,0
12676.15532996428,0.7223784829730268,0.2051538870429907,0,1,0
105612.45944418423,7.576378065104134,0.2582551450644854,0,1,0
38499.55217993934,4.5623749285967445,0.42661664390752296,0,1,0
14035.242649123957,30.82844194299299,7.907408070476216,0,1,0
1564.7238040205168,1067.1167813872585,2455.1428201726003,1,63,1
190513.62039110847,4.47717550378053,0.08460199213327295,0,2,0
22042.643836028285,2.0267580681276076,0.33100970552968223,0,2,0
160052.1772263092,2.4143756098634483,0.05430574170333544,0,1,0
35.54974025321939,1219.4539135711289,123489.90618738772,0,51,1
43392.79979645727,2.588418262650372,0.2147431322535246,0,1,0
24492.61335510521,154.1230686493962,22.653484913735245,0,1,0
10348.433040778233,4.847247356969683,1.6862543745829328,0,1,0
171389.56935291586,4.012711285786708,0.08428611311278952,0,1,0
743.4305781456529,1397.4311374664476,6766.942661179571,0,28,1
75595.32161946931,3.178255355794694,0.15135485947736382,0,1,0
1438.3282655486546,423.60942921850676,1060.254450749399,0,44,1
120610.54081127253,3.174975351104618,0.09476710067871912,0,1,0
27624.95217095552,3.678487526531269,0.47936934020959504,0,2,0
140374.6129250126,86.19941439109112,2.210641121936331,0,1,0
56491.084534593094,4.725948805635033,0.30116992513867774,0,1,0
7920.465800309048,33.46772864668079,15.211709281460402,0,1,0
132324.75559084053,1.9145820366488704,0.052087723881751334,0,1,0
18122.557516832192,1.3459322008584362,0.26736601159025236,0,1,0
154549.67809026808,49.794907251125096,1.1598967291238789,0,1,0
247095.55962721657,2.6020438234129935,0.03790985875431733,0,1,0
23924.176725834834,1.071500361614393,0.16123444271527848,0,1,0
1290.976639357825,286.2413643904699,798.2087981996959,1,61,1
13735.454153700093,27.611741946198205,7.236911855552755,0,1,0
106311.74821205204,0.1572859762301304,0.005326123631219515,0,3,0
1188.593680908072,28.30817625643614,85.73950556872595,0,3,0
6911.980377499028,2.123417458484802,1.105949732645398,0,2,0
550.7242730805568,1033.104284349121,6753.244055964853,1,61,1
433.0174250269214,400.3957347824817,3328.7913185648786,0,68,1
59577.59248210401,1.2849183124374126,0.07764170608545756,0,2,0
182608.50574813862,0.39957554673303364,0.007877354684797227,0,3,0
71840.88967430723,2.3757359007844125,0.11904987927623906,1,1,0
9346.418998279727,1.8431032624914434,0.7099159310309591,0,1,0
384846.2661085227,0.11161436448858808,0.0010440836966457935,0,1,0
141322.2002642757,1.3964374789708285,0.03557243600010509,0,2,0
82487.48732781709,4.2138271807515055,0.18390398764867877,0,1,0
29399.33776724005,4.2299064622300655,0.5179593970649421,0,1,0
1758.2459747667294,2.0583055258499323,4.21437045749122,0,1,0
148766.20804994265,0.498654861719412,0.012066970891583298,0,2,0
171126.40534426935,25.378477701302447,0.5338890835747245,0,2,0
19940.073871900375,3.0850860346685502,0.5569843821119356,0,1,0
209812.2069841905,1.213035084767261,0.020813499690659997,0,1,0
23364.355909777863,0.5732390151108824,0.08832515915987844,0,1,0
29072.93520113627,1.4532148465326555,0.1799465176571883,0,1,0
60041.52683957441,2.943037928469277,0.17646014517249237,0,3,0
97676.14129295228,0.4315913674308225,0.015906944133787855,0,1,0
104258.38894199842,0.42050835565803024,0.014519983434724769,0,2,0
12977.88323581056,41.04952352382119,11.386932830308094,0,1,0
129083.82408689936,3.625480094488254,0.10111048717747374,0,1,0
33413.77260382982,2.8713334480044903,0.3093574776896453,1,1,0
